{"mean":{"confidence_interval":{"confidence_level":0.95,"lower_bound":0.026772524741604853,"upper_bound":0.04254645445427507},"point_estimate":0.03491699064663867,"standard_error":0.004049750584980228},"median":{"confidence_interval":{"confidence_level":0.95,"lower_bound":0.034649872071764294,"upper_bound":0.05093347802317982},"point_estimate":0.04523114748617574,"standard_error":0.00396012883878353}}