{"mean":{"confidence_interval":{"confidence_level":0.95,"lower_bound":-0.05278682156709191,"upper_bound":-0.040679445740701814},"point_estimate":-0.04679503799434859,"standard_error":0.0030863088112844162},"median":{"confidence_interval":{"confidence_level":0.95,"lower_bound":-0.05868058653755481,"upper_bound":-0.04557360613561017},"point_estimate":-0.053838714520286546,"standard_error":0.0034622075574690303}}