{"mean":{"confidence_interval":{"confidence_level":0.95,"lower_bound":0.003450552668532706,"upper_bound":0.010414593463624116},"point_estimate":0.007079623340221275,"standard_error":0.0017515663103459082},"median":{"confidence_interval":{"confidence_level":0.95,"lower_bound":0.003538113269345944,"upper_bound":0.010624937767536924},"point_estimate":0.0077263189812726285,"standard_error":0.0017685551837365197}}