{"mean":{"confidence_interval":{"confidence_level":0.95,"lower_bound":-0.0024964548052489707,"upper_bound":0.01336416961671585},"point_estimate":0.0048295228326726836,"standard_error":0.00400692812364351},"median":{"confidence_interval":{"confidence_level":0.95,"lower_bound":-0.0028185550969889173,"upper_bound":0.00730234529565954},"point_estimate":0.0010714994694145386,"standard_error":0.0025884284780032154}}