{"mean":{"confidence_interval":{"confidence_level":0.95,"lower_bound":0.01890754949293409,"upper_bound":0.030638778303880947},"point_estimate":0.024739568174046322,"standard_error":0.0029469052839781076},"median":{"confidence_interval":{"confidence_level":0.95,"lower_bound":0.030202732429748913,"upper_bound":0.038142951308984596},"point_estimate":0.03387426359393797,"standard_error":0.0019453816130827002}}