{"mean":{"confidence_interval":{"confidence_level":0.95,"lower_bound":-0.010481434325933625,"upper_bound":0.004110045963033302},"point_estimate":-0.0034548164089055478,"standard_error":0.00371087916376823},"median":{"confidence_interval":{"confidence_level":0.95,"lower_bound":-0.011632693026759802,"upper_bound":0.0032355553674481285},"point_estimate":-0.005652240577779133,"standard_error":0.0037682926104877197}}