{"mean":{"confidence_interval":{"confidence_level":0.95,"lower_bound":2200081.678722222,"upper_bound":2213086.892166667},"point_estimate":2206382.1711111106,"standard_error":3312.5423840750304},"median":{"confidence_interval":{"confidence_level":0.95,"lower_bound":2188546.222222222,"upper_bound":2213226.222222222},"point_estimate":2193766.0,"standard_error":5859.270199754},"median_abs_dev":{"confidence_interval":{"confidence_level":0.95,"lower_bound":5351.1975049974835,"upper_bound":36224.94172354555},"point_estimate":12973.820536335348,"standard_error":7364.927979867266},"slope":null,"std_dev":{"confidence_interval":{"confidence_level":0.95,"lower_bound":19862.073373446518,"upper_bound":26059.632452350394},"point_estimate":23592.06748443381,"standard_error":1584.2359453484173}}