{"mean":{"confidence_interval":{"confidence_level":0.95,"lower_bound":-0.04361998508473097,"upper_bound":-0.03428918033600822},"point_estimate":-0.03948849029887369,"standard_error":0.002386894060634817},"median":{"confidence_interval":{"confidence_level":0.95,"lower_bound":-0.04401140351440547,"upper_bound":-0.03848239685766319},"point_estimate":-0.04093447441433862,"standard_error":0.0014044706912683634}}