{"mean":{"confidence_interval":{"confidence_level":0.95,"lower_bound":0.01992206023355438,"upper_bound":0.03236340669654769},"point_estimate":0.026638594508301416,"standard_error":0.0031420085680107413},"median":{"confidence_interval":{"confidence_level":0.95,"lower_bound":0.025405559296600762,"upper_bound":0.03503416973505491},"point_estimate":0.02815745935128544,"standard_error":0.0026106010363621734}}