{"mean":{"confidence_interval":{"confidence_level":0.95,"lower_bound":-0.03209680966685171,"upper_bound":-0.023556926068163227},"point_estimate":-0.027820533526864533,"standard_error":0.002132882882135452},"median":{"confidence_interval":{"confidence_level":0.95,"lower_bound":-0.0298956716295109,"upper_bound":-0.02336210534835792},"point_estimate":-0.02654082754813636,"standard_error":0.0016184211925463418}}