{"mean":{"confidence_interval":{"confidence_level":0.95,"lower_bound":-0.0016146972217499964,"upper_bound":0.010149657989841243},"point_estimate":0.004621757938012561,"standard_error":0.0029968533554847504},"median":{"confidence_interval":{"confidence_level":0.95,"lower_bound":0.003626835493470093,"upper_bound":0.013441685538887471},"point_estimate":0.009420077400862814,"standard_error":0.002140579588511957}}