{"mean":{"confidence_interval":{"confidence_level":0.95,"lower_bound":0.0019572833830063807,"upper_bound":0.010640737113393244},"point_estimate":0.005969782964063475,"standard_error":0.0022223729164384475},"median":{"confidence_interval":{"confidence_level":0.95,"lower_bound":-0.0028590093004744466,"upper_bound":0.009093484950204678},"point_estimate":0.0016417565361088737,"standard_error":0.003080262223291242}}