{"mean":{"confidence_interval":{"confidence_level":0.95,"lower_bound":0.01816865856204229,"upper_bound":0.02544499277503684},"point_estimate":0.021786166311465127,"standard_error":0.0018486656560128066},"median":{"confidence_interval":{"confidence_level":0.95,"lower_bound":0.015387384379487834,"upper_bound":0.02745243433919553},"point_estimate":0.0218554444401986,"standard_error":0.00320561484902695}}