{"mean":{"confidence_interval":{"confidence_level":0.95,"lower_bound":-0.436402363285294,"upper_bound":-0.3693734369286095},"point_estimate":-0.4038579131661296,"standard_error":0.017134424499992532},"median":{"confidence_interval":{"confidence_level":0.95,"lower_bound":-0.46551027394124034,"upper_bound":-0.3223653646398622},"point_estimate":-0.39555248623366357,"standard_error":0.0380530966702945}}