{"mean":{"confidence_interval":{"confidence_level":0.95,"lower_bound":0.023173689254283758,"upper_bound":0.15177205099861935},"point_estimate":0.08358486502204476,"standard_error":0.03313267533563979},"median":{"confidence_interval":{"confidence_level":0.95,"lower_bound":-0.06790302750967943,"upper_bound":0.20943803812714545},"point_estimate":0.043252208031428596,"standard_error":0.07133113865896115}}