{"mean":{"confidence_interval":{"confidence_level":0.95,"lower_bound":0.14960477742452452,"upper_bound":0.34229680612761293},"point_estimate":0.23863371665767819,"standard_error":0.0481731228271687},"median":{"confidence_interval":{"confidence_level":0.95,"lower_bound":0.0952385695747775,"upper_bound":0.3745443007073135},"point_estimate":0.24141612605699847,"standard_error":0.07576958447922628}}