{"mean":{"confidence_interval":{"confidence_level":0.95,"lower_bound":-0.45894870446742214,"upper_bound":-0.39557594795085704},"point_estimate":-0.4278227633188235,"standard_error":0.016206160705596107},"median":{"confidence_interval":{"confidence_level":0.95,"lower_bound":-0.4807973356220735,"upper_bound":-0.34527354317499054},"point_estimate":-0.4178940632689224,"standard_error":0.03529049893918735}}