{"mean":{"confidence_interval":{"confidence_level":0.95,"lower_bound":110055.6086335629,"upper_bound":110536.87383499183},"point_estimate":110275.22561019099,"standard_error":123.00949578519096},"median":{"confidence_interval":{"confidence_level":0.95,"lower_bound":109827.10510204082,"upper_bound":110102.94047619047},"point_estimate":109921.77857142857,"standard_error":85.17692086997499},"median_abs_dev":{"confidence_interval":{"confidence_level":0.95,"lower_bound":159.5867386893199,"upper_bound":490.80463216485475},"point_estimate":289.94378194276476,"standard_error":92.82288273987439},"slope":{"confidence_interval":{"confidence_level":0.95,"lower_bound":110052.56334759668,"upper_bound":110691.73652304757},"point_estimate":110346.74354272403,"standard_error":164.24732881723855},"std_dev":{"confidence_interval":{"confidence_level":0.95,"lower_bound":486.859186170944,"upper_bound":1178.903970544547},"point_estimate":876.3267176487641,"standard_error":176.68624089860802}}