{"mean":{"confidence_interval":{"confidence_level":0.95,"lower_bound":572.1344101672778,"upper_bound":582.2301560045648},"point_estimate":577.251693276071,"standard_error":2.575916133963053},"median":{"confidence_interval":{"confidence_level":0.95,"lower_bound":571.8547279450607,"upper_bound":589.0680137348124},"point_estimate":578.6104458779297,"standard_error":4.152030551144424},"median_abs_dev":{"confidence_interval":{"confidence_level":0.95,"lower_bound":14.135004620547946,"upper_bound":27.616144367501732},"point_estimate":22.45160396530042,"standard_error":3.3083405275798885},"slope":{"confidence_interval":{"confidence_level":0.95,"lower_bound":587.0120613275003,"upper_bound":593.1949927687023},"point_estimate":590.5370712747606,"standard_error":1.5780606190083386},"std_dev":{"confidence_interval":{"confidence_level":0.95,"lower_bound":15.065508690412575,"upper_bound":21.09581005006752},"point_estimate":18.371652801556216,"standard_error":1.5436712733622115}}