{"mean":{"confidence_interval":{"confidence_level":0.95,"lower_bound":0.04235639420667425,"upper_bound":0.05371487012553978},"point_estimate":0.04828511980857386,"standard_error":0.0029229903096357557},"median":{"confidence_interval":{"confidence_level":0.95,"lower_bound":0.05172356039462289,"upper_bound":0.060411555939674955},"point_estimate":0.057590679141692025,"standard_error":0.00208610538909224}}