{"mean":{"confidence_interval":{"confidence_level":0.95,"lower_bound":0.01637240233183823,"upper_bound":0.020615495087996982},"point_estimate":0.01851098858232314,"standard_error":0.0011047406032516384},"median":{"confidence_interval":{"confidence_level":0.95,"lower_bound":0.01601436367845821,"upper_bound":0.019640934967906976},"point_estimate":0.01774435871357971,"standard_error":0.0008834390439939443}}