{"mean":{"confidence_interval":{"confidence_level":0.95,"lower_bound":-0.015809911526789344,"upper_bound":-0.007559277135076517},"point_estimate":-0.01178301268635673,"standard_error":0.0020948159199283296},"median":{"confidence_interval":{"confidence_level":0.95,"lower_bound":-0.017165817568392694,"upper_bound":-0.010704028692681278},"point_estimate":-0.01331732284041709,"standard_error":0.0016806646339065931}}