{"mean":{"confidence_interval":{"confidence_level":0.95,"lower_bound":-0.005211766625236813,"upper_bound":0.00652736600995385},"point_estimate":0.0010184856909412066,"standard_error":0.002990289219607259},"median":{"confidence_interval":{"confidence_level":0.95,"lower_bound":-0.001985898332939273,"upper_bound":0.0028899703765108966},"point_estimate":0.0004769584392771975,"standard_error":0.0012043031306620748}}