{"mean":{"confidence_interval":{"confidence_level":0.95,"lower_bound":0.0177204198061723,"upper_bound":0.02550410006109004},"point_estimate":0.021731679343513832,"standard_error":0.001984300735573873},"median":{"confidence_interval":{"confidence_level":0.95,"lower_bound":0.02250749006832553,"upper_bound":0.02885449771977311},"point_estimate":0.025124744746154004,"standard_error":0.0016775785853615623}}