{"mean":{"confidence_interval":{"confidence_level":0.95,"lower_bound":-0.04834009524801168,"upper_bound":-0.040322675649165834},"point_estimate":-0.044633633268653994,"standard_error":0.002042948294490631},"median":{"confidence_interval":{"confidence_level":0.95,"lower_bound":-0.04904741335517393,"upper_bound":-0.04602915501636484},"point_estimate":-0.04760183440410981,"standard_error":0.0007689219539046655}}