{"mean":{"confidence_interval":{"confidence_level":0.95,"lower_bound":0.03300347843588591,"upper_bound":0.04856201325783801},"point_estimate":0.04073524867389389,"standard_error":0.003958609248383658},"median":{"confidence_interval":{"confidence_level":0.95,"lower_bound":0.03002169065276683,"upper_bound":0.048076793862497746},"point_estimate":0.040576120741097066,"standard_error":0.004526999569396275}}