{"mean":{"confidence_interval":{"confidence_level":0.95,"lower_bound":-0.03995360113109947,"upper_bound":-0.02460699274452227},"point_estimate":-0.031930989061507375,"standard_error":0.003925294779713732},"median":{"confidence_interval":{"confidence_level":0.95,"lower_bound":-0.0386213216481992,"upper_bound":-0.025452847694643954},"point_estimate":-0.031055406869433755,"standard_error":0.003291963096084184}}