{"mean":{"confidence_interval":{"confidence_level":0.95,"lower_bound":-0.036193598933398255,"upper_bound":-0.021093929372463852},"point_estimate":-0.028921773744872703,"standard_error":0.003861699640672096},"median":{"confidence_interval":{"confidence_level":0.95,"lower_bound":-0.04688710370865379,"upper_bound":-0.020864542842515155},"point_estimate":-0.035465962269841556,"standard_error":0.007192336166558323}}