{"mean":{"confidence_interval":{"confidence_level":0.95,"lower_bound":0.01443313700237736,"upper_bound":0.026085007059345664},"point_estimate":0.019910351744720334,"standard_error":0.0030042148004838882},"median":{"confidence_interval":{"confidence_level":0.95,"lower_bound":0.01503693215336721,"upper_bound":0.026764606240088806},"point_estimate":0.02313299716577677,"standard_error":0.0025634507732978794}}