{"mean":{"confidence_interval":{"confidence_level":0.95,"lower_bound":-0.1331110915088111,"upper_bound":-0.12464041891212395},"point_estimate":-0.1291005282635025,"standard_error":0.002176459447533288},"median":{"confidence_interval":{"confidence_level":0.95,"lower_bound":-0.1411528198060379,"upper_bound":-0.13105252835033443},"point_estimate":-0.13914940944527576,"standard_error":0.002888705091073531}}