{"mean":{"confidence_interval":{"confidence_level":0.95,"lower_bound":-0.03151038382240271,"upper_bound":-0.018998275505665574},"point_estimate":-0.02521368663057133,"standard_error":0.003180406888540814},"median":{"confidence_interval":{"confidence_level":0.95,"lower_bound":-0.032474043576928624,"upper_bound":-0.00926345656725791},"point_estimate":-0.018850122554751714,"standard_error":0.006837149825300024}}