{"mean":{"confidence_interval":{"confidence_level":0.95,"lower_bound":7371720.5341666695,"upper_bound":7376143.256000001},"point_estimate":7373869.593333331,"standard_error":1122.4585433999018},"median":{"confidence_interval":{"confidence_level":0.95,"lower_bound":7371124.333333334,"upper_bound":7375862.833333334},"point_estimate":7373286.5,"standard_error":1320.3853562976428},"median_abs_dev":{"confidence_interval":{"confidence_level":0.95,"lower_bound":5026.013910770416,"upper_bound":9819.358465671528},"point_estimate":7414.482468366623,"standard_error":1268.2836126420154},"slope":null,"std_dev":{"confidence_interval":{"confidence_level":0.95,"lower_bound":5794.763018185401,"upper_bound":10158.455550077244},"point_estimate":8000.5097196714605,"standard_error":1138.0666686562524}}