{"mean":{"confidence_interval":{"confidence_level":0.95,"lower_bound":-0.16066874344947024,"upper_bound":-0.14204586326062138},"point_estimate":-0.15190882402935413,"standard_error":0.0047674096422380356},"median":{"confidence_interval":{"confidence_level":0.95,"lower_bound":-0.17492458212882023,"upper_bound":-0.15659687073398365},"point_estimate":-0.17257799442431776,"standard_error":0.004476396590623078}}