{"mean":{"confidence_interval":{"confidence_level":0.95,"lower_bound":25570.293464391038,"upper_bound":25730.925843244753},"point_estimate":25644.0972007624,"standard_error":41.184198597524116},"median":{"confidence_interval":{"confidence_level":0.95,"lower_bound":25466.684912280703,"upper_bound":25715.910603603603},"point_estimate":25555.26666666667,"standard_error":70.79969463762166},"median_abs_dev":{"confidence_interval":{"confidence_level":0.95,"lower_bound":113.51085448478166,"upper_bound":317.5915782977906},"point_estimate":230.93767910003587,"standard_error":53.05349117956102},"slope":{"confidence_interval":{"confidence_level":0.95,"lower_bound":25661.871410226497,"upper_bound":25792.719869880446},"point_estimate":25728.216697340322,"standard_error":33.27877059824233},"std_dev":{"confidence_interval":{"confidence_level":0.95,"lower_bound":178.67944831180668,"upper_bound":411.5609581975878},"point_estimate":294.96542845544553,"standard_error":65.36331057071179}}