{"mean":{"confidence_interval":{"confidence_level":0.95,"lower_bound":-0.006410043070130385,"upper_bound":7.088539510924363e-6},"point_estimate":-0.003104588337116243,"standard_error":0.0016360524473564056},"median":{"confidence_interval":{"confidence_level":0.95,"lower_bound":-0.0026842747658112343,"upper_bound":0.0010731167307229672},"point_estimate":0.00011614128619585884,"standard_error":0.0009210155196307663}}