{"mean":{"confidence_interval":{"confidence_level":0.95,"lower_bound":0.001866277739428807,"upper_bound":0.005355403575870014},"point_estimate":0.0037807560794120842,"standard_error":0.0008935591087736389},"median":{"confidence_interval":{"confidence_level":0.95,"lower_bound":0.004862052915371562,"upper_bound":0.006454413439387796},"point_estimate":0.005835621412694225,"standard_error":0.00040147706068413395}}