{"mean":{"confidence_interval":{"confidence_level":0.95,"lower_bound":0.020731122586873898,"upper_bound":0.0310629551573458},"point_estimate":0.025895362807102362,"standard_error":0.002551883838141837},"median":{"confidence_interval":{"confidence_level":0.95,"lower_bound":0.020510379678586377,"upper_bound":0.036634378140963535},"point_estimate":0.030573715921771383,"standard_error":0.004254165400507267}}