{"mean":{"confidence_interval":{"confidence_level":0.95,"lower_bound":0.06989423287382752,"upper_bound":0.07525073679483435},"point_estimate":0.07266537476381263,"standard_error":0.0013645682304966674},"median":{"confidence_interval":{"confidence_level":0.95,"lower_bound":0.07543301644938682,"upper_bound":0.08045709588207761},"point_estimate":0.07868287158230336,"standard_error":0.0012605587535632664}}