{"mean":{"confidence_interval":{"confidence_level":0.95,"lower_bound":-0.03230181630094875,"upper_bound":-0.021967655148832366},"point_estimate":-0.027233841335732367,"standard_error":0.002636002934612778},"median":{"confidence_interval":{"confidence_level":0.95,"lower_bound":-0.041082920016835,"upper_bound":-0.023963456771607827},"point_estimate":-0.03464374070250542,"standard_error":0.004381000800556097}}