{"mean":{"confidence_interval":{"confidence_level":0.95,"lower_bound":-0.032658572381063664,"upper_bound":-0.02791678173827028},"point_estimate":-0.030399946610549233,"standard_error":0.0012234340189342466},"median":{"confidence_interval":{"confidence_level":0.95,"lower_bound":-0.031950419333988345,"upper_bound":-0.028036820053443323},"point_estimate":-0.030073332621661786,"standard_error":0.001012627668742697}}