{"mean":{"confidence_interval":{"confidence_level":0.95,"lower_bound":-0.03225316688445258,"upper_bound":-0.023157407721294012},"point_estimate":-0.027967656062091173,"standard_error":0.0023186726809450923},"median":{"confidence_interval":{"confidence_level":0.95,"lower_bound":-0.03595425008225306,"upper_bound":-0.029772014472411512},"point_estimate":-0.03379549712911467,"standard_error":0.0015958851346066399}}