{"mean":{"confidence_interval":{"confidence_level":0.95,"lower_bound":-0.022308856005839723,"upper_bound":-0.011541871513675157},"point_estimate":-0.01685540493936477,"standard_error":0.002753777029493195},"median":{"confidence_interval":{"confidence_level":0.95,"lower_bound":-0.029632842987267316,"upper_bound":-0.014206251309840767},"point_estimate":-0.022674593306245883,"standard_error":0.004345631132839652}}