{"mean":{"confidence_interval":{"confidence_level":0.95,"lower_bound":-0.005509734263980554,"upper_bound":-0.0008597785935123836},"point_estimate":-0.003113671188750833,"standard_error":0.001182849072461353},"median":{"confidence_interval":{"confidence_level":0.95,"lower_bound":-0.005180814263887834,"upper_bound":-0.0009077030237263362},"point_estimate":-0.0026016713420734527,"standard_error":0.0010577318963351445}}