{"mean":{"confidence_interval":{"confidence_level":0.95,"lower_bound":-0.002882111415102517,"upper_bound":0.0013573880280324452},"point_estimate":-0.0006936949847059504,"standard_error":0.0010759481055367685},"median":{"confidence_interval":{"confidence_level":0.95,"lower_bound":-0.003149011172730143,"upper_bound":-0.00020974898509906748},"point_estimate":-0.001852358077717442,"standard_error":0.0007046272145119543}}