{"mean":{"confidence_interval":{"confidence_level":0.95,"lower_bound":-0.0015449104386713649,"upper_bound":0.0073847408671984},"point_estimate":0.002784958666195214,"standard_error":0.0023159146840070993},"median":{"confidence_interval":{"confidence_level":0.95,"lower_bound":0.002927422048254913,"upper_bound":0.010217510860475006},"point_estimate":0.006373736534094787,"standard_error":0.0017383177760216717}}