{"mean":{"confidence_interval":{"confidence_level":0.95,"lower_bound":-0.0005223885945147079,"upper_bound":0.003432897266349566},"point_estimate":0.0013317742856289172,"standard_error":0.0010093764667853165},"median":{"confidence_interval":{"confidence_level":0.95,"lower_bound":0.0009448501057669478,"upper_bound":0.0037398813630589167},"point_estimate":0.002573050057408377,"standard_error":0.0006897925535862972}}