{"mean":{"confidence_interval":{"confidence_level":0.95,"lower_bound":-0.026540325656043775,"upper_bound":-0.008331676476790457},"point_estimate":-0.018314811617322846,"standard_error":0.004594377126679134},"median":{"confidence_interval":{"confidence_level":0.95,"lower_bound":-0.038409031343093925,"upper_bound":-0.011540770040704307},"point_estimate":-0.034135002380980994,"standard_error":0.008724905624968159}}