{"mean":{"confidence_interval":{"confidence_level":0.95,"lower_bound":-0.02367683862469168,"upper_bound":-0.006391498134560176},"point_estimate":-0.014147834372339352,"standard_error":0.00444399304274839},"median":{"confidence_interval":{"confidence_level":0.95,"lower_bound":-0.025251317561003406,"upper_bound":0.001326419394909406},"point_estimate":-0.002721474086431308,"standard_error":0.00870610551243504}}