{"mean":{"confidence_interval":{"confidence_level":0.95,"lower_bound":-0.0059997345451843756,"upper_bound":0.0023069203805904564},"point_estimate":-0.001766469275405469,"standard_error":0.0021204175414853855},"median":{"confidence_interval":{"confidence_level":0.95,"lower_bound":-0.003383538810824649,"upper_bound":0.002820362862545611},"point_estimate":0.000261192493364204,"standard_error":0.0015801057963581674}}