{"mean":{"confidence_interval":{"confidence_level":0.95,"lower_bound":0.01563287949487835,"upper_bound":0.02334535754729552},"point_estimate":0.01948298420278971,"standard_error":0.001966064543588229},"median":{"confidence_interval":{"confidence_level":0.95,"lower_bound":0.020852398986917597,"upper_bound":0.026469778189461612},"point_estimate":0.024417826005122212,"standard_error":0.0014454658644345282}}