{"mean":{"confidence_interval":{"confidence_level":0.95,"lower_bound":0.001410262072013421,"upper_bound":0.011112632569079994},"point_estimate":0.006237633155909306,"standard_error":0.0024669991654476006},"median":{"confidence_interval":{"confidence_level":0.95,"lower_bound":0.00045203322327513895,"upper_bound":0.007626688698633366},"point_estimate":0.0032690706757834143,"standard_error":0.0018360463760279365}}