{"mean":{"confidence_interval":{"confidence_level":0.95,"lower_bound":-0.040002153588127864,"upper_bound":-0.031152161940302032},"point_estimate":-0.035701165493003506,"standard_error":0.0022756496549437987},"median":{"confidence_interval":{"confidence_level":0.95,"lower_bound":-0.04025785383550429,"upper_bound":-0.03105734349914479},"point_estimate":-0.03525726083030267,"standard_error":0.0022255605784926276}}