{"mean":{"confidence_interval":{"confidence_level":0.95,"lower_bound":-0.008426661148667419,"upper_bound":0.012060922286495758},"point_estimate":-0.000495658526727949,"standard_error":0.005556012125972623},"median":{"confidence_interval":{"confidence_level":0.95,"lower_bound":-0.015237283202945595,"upper_bound":-0.002260983006335482},"point_estimate":-0.01249786483638371,"standard_error":0.003281263725760693}}