{"mean":{"confidence_interval":{"confidence_level":0.95,"lower_bound":-0.0383254188300286,"upper_bound":-0.02983186571459592},"point_estimate":-0.03410939172186267,"standard_error":0.0021648208494695425},"median":{"confidence_interval":{"confidence_level":0.95,"lower_bound":-0.04049769271833033,"upper_bound":-0.031980038861630145},"point_estimate":-0.03720919328488925,"standard_error":0.0025053793483785156}}