{"mean":{"confidence_interval":{"confidence_level":0.95,"lower_bound":-0.014994537331564035,"upper_bound":-0.00962326237001386},"point_estimate":-0.01221501816013526,"standard_error":0.0013305465790259333},"median":{"confidence_interval":{"confidence_level":0.95,"lower_bound":-0.012705203305287016,"upper_bound":-0.007746129104120758},"point_estimate":-0.009958469830780414,"standard_error":0.0012123956115101823}}