{"mean":{"confidence_interval":{"confidence_level":0.95,"lower_bound":-0.01274507468087111,"upper_bound":-0.0012992523984255168},"point_estimate":-0.007083329362115198,"standard_error":0.0029318611590437938},"median":{"confidence_interval":{"confidence_level":0.95,"lower_bound":-0.011439603821631117,"upper_bound":0.004218679493247714},"point_estimate":-0.0015537681256097002,"standard_error":0.0039446911814119716}}