{"mean":{"confidence_interval":{"confidence_level":0.95,"lower_bound":-0.015343603342401996,"upper_bound":-0.006269351569477048},"point_estimate":-0.010814266675577722,"standard_error":0.0023415822902062584},"median":{"confidence_interval":{"confidence_level":0.95,"lower_bound":-0.015567718915641793,"upper_bound":-0.0061687945570293445},"point_estimate":-0.0106110284487837,"standard_error":0.0025809168359114975}}