{"mean":{"confidence_interval":{"confidence_level":0.95,"lower_bound":0.0032968368212035696,"upper_bound":0.019285736201041525},"point_estimate":0.013485918581807033,"standard_error":0.0046540023736730924},"median":{"confidence_interval":{"confidence_level":0.95,"lower_bound":0.016839212376005355,"upper_bound":0.020545386539342125},"point_estimate":0.019158445539191327,"standard_error":0.0009701282024750688}}