{"mean":{"confidence_interval":{"confidence_level":0.95,"lower_bound":3623.839635896937,"upper_bound":3639.3770153379014},"point_estimate":3631.9460904355565,"standard_error":3.974316264615304},"median":{"confidence_interval":{"confidence_level":0.95,"lower_bound":3631.0227272727275,"upper_bound":3641.6476418318525},"point_estimate":3636.8071514012304,"standard_error":2.551113291397329},"median_abs_dev":{"confidence_interval":{"confidence_level":0.95,"lower_bound":10.206740722711594,"upper_bound":32.48826126194559},"point_estimate":17.056984991699665,"standard_error":5.599621104210436},"slope":{"confidence_interval":{"confidence_level":0.95,"lower_bound":3633.971624861324,"upper_bound":3649.86411725203},"point_estimate":3642.3539107099564,"standard_error":4.058708893262154},"std_dev":{"confidence_interval":{"confidence_level":0.95,"lower_bound":20.482638396858988,"upper_bound":34.86115502284099},"point_estimate":28.334610295354445,"standard_error":3.6843402232886815}}