{"mean":{"confidence_interval":{"confidence_level":0.95,"lower_bound":-0.02032915454259266,"upper_bound":-0.0021723967518858457},"point_estimate":-0.011976064013296872,"standard_error":0.004574016327337689},"median":{"confidence_interval":{"confidence_level":0.95,"lower_bound":-0.0329114554088743,"upper_bound":-0.01315634375591501},"point_estimate":-0.02162000454256685,"standard_error":0.005434940433454818}}