{"mean":{"confidence_interval":{"confidence_level":0.95,"lower_bound":-0.00412399854603653,"upper_bound":0.005177868168461013},"point_estimate":0.00043758629038648245,"standard_error":0.002381166196348095},"median":{"confidence_interval":{"confidence_level":0.95,"lower_bound":-0.010162886909863,"upper_bound":0.005304927840977136},"point_estimate":-0.0019195326912121446,"standard_error":0.004353161138880797}}