{"mean":{"confidence_interval":{"confidence_level":0.95,"lower_bound":0.010842462968777333,"upper_bound":0.027473226591117107},"point_estimate":0.02005765118610947,"standard_error":0.004263159479491963},"median":{"confidence_interval":{"confidence_level":0.95,"lower_bound":0.018834338652047977,"upper_bound":0.03793100057469534},"point_estimate":0.026088350037889008,"standard_error":0.005318052380138063}}