{"mean":{"confidence_interval":{"confidence_level":0.95,"lower_bound":0.025948361507329116,"upper_bound":0.03272281874338182},"point_estimate":0.029877528102027373,"standard_error":0.0016365818909768119},"median":{"confidence_interval":{"confidence_level":0.95,"lower_bound":0.02905795042534076,"upper_bound":0.03566037812204207},"point_estimate":0.033533552783957754,"standard_error":0.0016170772101971763}}