{"mean":{"confidence_interval":{"confidence_level":0.95,"lower_bound":-0.03741931519155378,"upper_bound":-0.03534255670764153},"point_estimate":-0.03631341389149012,"standard_error":0.0005296819304721867},"median":{"confidence_interval":{"confidence_level":0.95,"lower_bound":-0.036671307909163856,"upper_bound":-0.03521772392065092},"point_estimate":-0.035855490532973544,"standard_error":0.0003726985568731064}}