{"mean":{"confidence_interval":{"confidence_level":0.95,"lower_bound":0.002190916071273208,"upper_bound":0.02118666797452054},"point_estimate":0.012306346013890135,"standard_error":0.00484905573568503},"median":{"confidence_interval":{"confidence_level":0.95,"lower_bound":0.011069523296559858,"upper_bound":0.03732452569383127},"point_estimate":0.021160549122360983,"standard_error":0.006903579348759769}}