{"mean":{"confidence_interval":{"confidence_level":0.95,"lower_bound":-0.0071976169065852014,"upper_bound":0.01158618027570501},"point_estimate":0.0006858850150834872,"standard_error":0.004861847638112434},"median":{"confidence_interval":{"confidence_level":0.95,"lower_bound":-0.00990043186709455,"upper_bound":0.004054016339450017},"point_estimate":-0.0014839733021583257,"standard_error":0.0032666480476839558}}