{"mean":{"confidence_interval":{"confidence_level":0.95,"lower_bound":-0.02960520508783926,"upper_bound":-0.020326712741405184},"point_estimate":-0.024741424297907377,"standard_error":0.002376157922126109},"median":{"confidence_interval":{"confidence_level":0.95,"lower_bound":-0.03138792365958387,"upper_bound":-0.024373649298833233},"point_estimate":-0.0296609794685313,"standard_error":0.0016916208303710825}}