{"mean":{"confidence_interval":{"confidence_level":0.95,"lower_bound":0.018494022116016473,"upper_bound":0.04235383577420175},"point_estimate":0.03202590939849692,"standard_error":0.006003720214798422},"median":{"confidence_interval":{"confidence_level":0.95,"lower_bound":0.03197621265103523,"upper_bound":0.03559234459119587},"point_estimate":0.034268927881246025,"standard_error":0.0008848067817852745}}