{"mean":{"confidence_interval":{"confidence_level":0.95,"lower_bound":-0.0036555572242574857,"upper_bound":0.011356386796863183},"point_estimate":0.00214385156725716,"standard_error":0.003870895645490747},"median":{"confidence_interval":{"confidence_level":0.95,"lower_bound":-0.004762226798432634,"upper_bound":0.0017605921478871522},"point_estimate":0.00040776172880718775,"standard_error":0.0013477275259533663}}