{"mean":{"confidence_interval":{"confidence_level":0.95,"lower_bound":0.0016379808433421021,"upper_bound":0.009726861967269473},"point_estimate":0.005684839736436409,"standard_error":0.002065667565165813},"median":{"confidence_interval":{"confidence_level":0.95,"lower_bound":0.000057544207987980656,"upper_bound":0.014392933733810231},"point_estimate":0.006109428038190368,"standard_error":0.0031453675998405093}}