{"mean":{"confidence_interval":{"confidence_level":0.95,"lower_bound":-0.008564721032023426,"upper_bound":-0.001936372115738523},"point_estimate":-0.00534651443413614,"standard_error":0.0016869293215563221},"median":{"confidence_interval":{"confidence_level":0.95,"lower_bound":-0.00852074278577164,"upper_bound":-0.0007188443256547217},"point_estimate":-0.003715559276433189,"standard_error":0.0016093248255280948}}