{"mean":{"confidence_interval":{"confidence_level":0.95,"lower_bound":-0.030891194861521573,"upper_bound":0.01711546262471095},"point_estimate":-0.012197688201527335,"standard_error":0.012885106712996084},"median":{"confidence_interval":{"confidence_level":0.95,"lower_bound":-0.0173936466094472,"upper_bound":-0.01393944714307549},"point_estimate":-0.014808542465983399,"standard_error":0.0008920312608855225}}