{"mean":{"confidence_interval":{"confidence_level":0.95,"lower_bound":0.03058716005752347,"upper_bound":0.07943148092300922},"point_estimate":0.06057855188157668,"standard_error":0.013602482267778174},"median":{"confidence_interval":{"confidence_level":0.95,"lower_bound":0.07012947959234299,"upper_bound":0.07448465108561497},"point_estimate":0.07258684652175917,"standard_error":0.0011036991089909325}}