{"mean":{"confidence_interval":{"confidence_level":0.95,"lower_bound":-0.05269614028189451,"upper_bound":-0.03241742962677722},"point_estimate":-0.04309043219063857,"standard_error":0.005158825293201684},"median":{"confidence_interval":{"confidence_level":0.95,"lower_bound":-0.055797803290210224,"upper_bound":-0.03969082162933624},"point_estimate":-0.05016563534463192,"standard_error":0.004211789232314821}}