{"mean":{"confidence_interval":{"confidence_level":0.95,"lower_bound":-0.019186044800280744,"upper_bound":-0.0020689687597725825},"point_estimate":-0.011298557469272441,"standard_error":0.004200580375519145},"median":{"confidence_interval":{"confidence_level":0.95,"lower_bound":-0.016342514667677666,"upper_bound":-0.010612998946059049},"point_estimate":-0.013621045084905248,"standard_error":0.0014384204313102305}}