{"mean":{"confidence_interval":{"confidence_level":0.95,"lower_bound":-0.007945263665961768,"upper_bound":0.015123963844252433},"point_estimate":0.003563740117644265,"standard_error":0.005849555424820138},"median":{"confidence_interval":{"confidence_level":0.95,"lower_bound":-0.005720216813746237,"upper_bound":0.008902963529983321},"point_estimate":0.0035506237801039564,"standard_error":0.004150450846889005}}