{"mean":{"confidence_interval":{"confidence_level":0.95,"lower_bound":-0.01151726491469196,"upper_bound":0.005129442515389382},"point_estimate":-0.0018713173330607846,"standard_error":0.004313725510329348},"median":{"confidence_interval":{"confidence_level":0.95,"lower_bound":-0.0010468752521494151,"upper_bound":0.013330392105982414},"point_estimate":0.008088243951724916,"standard_error":0.004092417427649438}}