{"mean":{"confidence_interval":{"confidence_level":0.95,"lower_bound":6041.614728872646,"upper_bound":6120.926490821153},"point_estimate":6082.288013291716,"standard_error":20.27578743363819},"median":{"confidence_interval":{"confidence_level":0.95,"lower_bound":6086.70753655793,"upper_bound":6186.847440944882},"point_estimate":6136.912960808876,"standard_error":24.81096056506285},"median_abs_dev":{"confidence_interval":{"confidence_level":0.95,"lower_bound":45.55708359408651,"upper_bound":170.68454528140543},"point_estimate":109.06078832590974,"standard_error":33.65103266474908},"slope":{"confidence_interval":{"confidence_level":0.95,"lower_bound":6106.430667929581,"upper_bound":6166.561728820712},"point_estimate":6137.74281309187,"standard_error":15.302535827854356},"std_dev":{"confidence_interval":{"confidence_level":0.95,"lower_bound":118.70958978040774,"upper_bound":162.9226883356851},"point_estimate":144.9897214980648,"standard_error":11.284756725325773}}