{"mean":{"confidence_interval":{"confidence_level":0.95,"lower_bound":-0.03497975016086019,"upper_bound":-0.01255252143224439},"point_estimate":-0.022418350579373914,"standard_error":0.0057856758725853595},"median":{"confidence_interval":{"confidence_level":0.95,"lower_bound":-0.016513474104228654,"upper_bound":-0.005692487806089885},"point_estimate":-0.00883301330135644,"standard_error":0.0025315019234006153}}