{"mean":{"confidence_interval":{"confidence_level":0.95,"lower_bound":-0.019684579289636517,"upper_bound":-0.01185137348305257},"point_estimate":-0.015734299610808744,"standard_error":0.002010574073041085},"median":{"confidence_interval":{"confidence_level":0.95,"lower_bound":-0.012971493879422313,"upper_bound":-0.006049220026913438},"point_estimate":-0.009169166933946649,"standard_error":0.0019072228849057466}}