{"mean":{"confidence_interval":{"confidence_level":0.95,"lower_bound":0.061866567518097146,"upper_bound":0.11990935047673332},"point_estimate":0.07854123038638305,"standard_error":0.015927063661602486},"median":{"confidence_interval":{"confidence_level":0.95,"lower_bound":0.060307966150490326,"upper_bound":0.068461065365788},"point_estimate":0.06332419934000244,"standard_error":0.002278301536710204}}