{"mean":{"confidence_interval":{"confidence_level":0.95,"lower_bound":-0.034424155778549646,"upper_bound":-0.018955169643947164},"point_estimate":-0.027045776739713978,"standard_error":0.003950994306601904},"median":{"confidence_interval":{"confidence_level":0.95,"lower_bound":-0.04543812681044401,"upper_bound":-0.03480942386534014},"point_estimate":-0.04239664221725947,"standard_error":0.002618514383535343}}