{"mean":{"confidence_interval":{"confidence_level":0.95,"lower_bound":-0.06260743486568243,"upper_bound":-0.019235901033866524},"point_estimate":-0.035127562236529575,"standard_error":0.012988361571854892},"median":{"confidence_interval":{"confidence_level":0.95,"lower_bound":-0.024967884369148763,"upper_bound":-0.01797391765040035},"point_estimate":-0.02066332881364008,"standard_error":0.0016703975965960793}}