{"mean":{"confidence_interval":{"confidence_level":0.95,"lower_bound":-0.03561615463476763,"upper_bound":-0.0218027439966384},"point_estimate":-0.02890760439157891,"standard_error":0.0035271181223040463},"median":{"confidence_interval":{"confidence_level":0.95,"lower_bound":-0.04108244453878275,"upper_bound":-0.030451001017994583},"point_estimate":-0.03771026055008864,"standard_error":0.0025964186119724897}}