{"mean":{"confidence_interval":{"confidence_level":0.95,"lower_bound":1059.8565512009468,"upper_bound":1065.8989129053996},"point_estimate":1063.0258603482853,"standard_error":1.5403467692473618},"median":{"confidence_interval":{"confidence_level":0.95,"lower_bound":1064.0525654269973,"upper_bound":1068.0717662158777},"point_estimate":1066.6560095468794,"standard_error":1.026512005751807},"median_abs_dev":{"confidence_interval":{"confidence_level":0.95,"lower_bound":3.939918213329246,"upper_bound":10.227919070472666},"point_estimate":6.143436525459323,"standard_error":1.6019369615307677},"slope":{"confidence_interval":{"confidence_level":0.95,"lower_bound":1063.2725673507193,"upper_bound":1068.597499445983},"point_estimate":1066.1217462708837,"standard_error":1.3609735487384802},"std_dev":{"confidence_interval":{"confidence_level":0.95,"lower_bound":7.86062593680165,"upper_bound":13.501763391078798},"point_estimate":10.992910446863492,"standard_error":1.4463615748162222}}