{"mean":{"confidence_interval":{"confidence_level":0.95,"lower_bound":267563.4315876608,"upper_bound":268554.52229094517},"point_estimate":268014.09051464783,"standard_error":252.79914991690114},"median":{"confidence_interval":{"confidence_level":0.95,"lower_bound":267024.62046783627,"upper_bound":267747.82857142854},"point_estimate":267129.7150735294,"standard_error":207.35031192741408},"median_abs_dev":{"confidence_interval":{"confidence_level":0.95,"lower_bound":294.11274293572353,"upper_bound":1376.4052222692567},"point_estimate":550.0500185941512,"standard_error":276.2101094809586},"slope":{"confidence_interval":{"confidence_level":0.95,"lower_bound":267238.3481867891,"upper_bound":268083.4560230011},"point_estimate":267636.0121063871,"standard_error":217.03977669712242},"std_dev":{"confidence_interval":{"confidence_level":0.95,"lower_bound":1073.0155966133245,"upper_bound":2501.086743958878},"point_estimate":1804.9865040895297,"standard_error":389.64897361902786}}