{"mean":{"confidence_interval":{"confidence_level":0.95,"lower_bound":2684.5365156364655,"upper_bound":2690.2399524020266},"point_estimate":2687.390014874398,"standard_error":1.4612882631936361},"median":{"confidence_interval":{"confidence_level":0.95,"lower_bound":2683.4965853658537,"upper_bound":2690.827004325944},"point_estimate":2687.1923046850184,"standard_error":2.1272015898427785},"median_abs_dev":{"confidence_interval":{"confidence_level":0.95,"lower_bound":7.1992626770655646,"upper_bound":14.168278704545665},"point_estimate":11.124333133503104,"standard_error":1.7257365968932434},"slope":{"confidence_interval":{"confidence_level":0.95,"lower_bound":2681.114576041103,"upper_bound":2688.0717252765294},"point_estimate":2684.5830248448087,"standard_error":1.7783905145717918},"std_dev":{"confidence_interval":{"confidence_level":0.95,"lower_bound":8.517160423995954,"upper_bound":12.122038590890051},"point_estimate":10.502647935668863,"standard_error":0.9187536466433285}}