{"mean":{"confidence_interval":{"confidence_level":0.95,"lower_bound":897.5422968084268,"upper_bound":915.6266224943877},"point_estimate":906.9951339337468,"standard_error":4.624844426002504},"median":{"confidence_interval":{"confidence_level":0.95,"lower_bound":912.1829172141919,"upper_bound":928.5721014419081},"point_estimate":923.1699237016254,"standard_error":4.235372900153944},"median_abs_dev":{"confidence_interval":{"confidence_level":0.95,"lower_bound":5.880376492285735,"upper_bound":28.635226981067035},"point_estimate":13.181456314664757,"standard_error":5.774281939432247},"slope":{"confidence_interval":{"confidence_level":0.95,"lower_bound":924.7628411014957,"upper_bound":928.7418592499811},"point_estimate":927.0179555607258,"standard_error":1.015029607684691},"std_dev":{"confidence_interval":{"confidence_level":0.95,"lower_bound":24.65224988822812,"upper_bound":38.83510114033313},"point_estimate":32.987798353927644,"standard_error":3.6254607544391093}}