{"mean":{"confidence_interval":{"confidence_level":0.95,"lower_bound":7678.535149318152,"upper_bound":7711.910436648191},"point_estimate":7696.0093590876795,"standard_error":8.497843033146625},"median":{"confidence_interval":{"confidence_level":0.95,"lower_bound":7692.716630329457,"upper_bound":7724.627387152777},"point_estimate":7703.123544730392,"standard_error":9.208868104024333},"median_abs_dev":{"confidence_interval":{"confidence_level":0.95,"lower_bound":28.561773302815286,"upper_bound":57.27224879715458},"point_estimate":39.94116787151054,"standard_error":7.88441315114367},"slope":{"confidence_interval":{"confidence_level":0.95,"lower_bound":7692.055783288221,"upper_bound":7726.224960995239},"point_estimate":7710.292477188896,"standard_error":8.743446575656515},"std_dev":{"confidence_interval":{"confidence_level":0.95,"lower_bound":41.122324671085565,"upper_bound":77.71943539203059},"point_estimate":60.70319894397889,"standard_error":9.41774834693924}}