{"mean":{"confidence_interval":{"confidence_level":0.95,"lower_bound":0.03950804694416427,"upper_bound":0.04269191585910328},"point_estimate":0.04110996607342221,"standard_error":0.0008064028391717486},"median":{"confidence_interval":{"confidence_level":0.95,"lower_bound":0.04030484657726219,"upper_bound":0.04330218330309554},"point_estimate":0.041677069483252005,"standard_error":0.0007901304347560464}}