{"mean":{"confidence_interval":{"confidence_level":0.95,"lower_bound":-0.02365400311458638,"upper_bound":-0.01696508168004389},"point_estimate":-0.020389637170107888,"standard_error":0.0017066737515730667},"median":{"confidence_interval":{"confidence_level":0.95,"lower_bound":-0.022627027339942707,"upper_bound":-0.013169436571080273},"point_estimate":-0.015126193391433285,"standard_error":0.002506590691815434}}