{"mean":{"confidence_interval":{"confidence_level":0.95,"lower_bound":-0.04385094950991542,"upper_bound":-0.02433449401564996},"point_estimate":-0.033548013152146505,"standard_error":0.004965124026429945},"median":{"confidence_interval":{"confidence_level":0.95,"lower_bound":-0.0484780008627651,"upper_bound":-0.026383541308239722},"point_estimate":-0.04312011019026074,"standard_error":0.006601067735039835}}