{"mean":{"confidence_interval":{"confidence_level":0.95,"lower_bound":-0.04241375285075398,"upper_bound":-0.025452913221307494},"point_estimate":-0.032853939607937366,"standard_error":0.004350681382020463},"median":{"confidence_interval":{"confidence_level":0.95,"lower_bound":-0.04296519720340852,"upper_bound":-0.020634576739233766},"point_estimate":-0.037388554357601356,"standard_error":0.00661621563610038}}