{"mean":{"confidence_interval":{"confidence_level":0.95,"lower_bound":-0.004889602544064376,"upper_bound":0.015099721460533526},"point_estimate":0.004448894475459708,"standard_error":0.005341385460074941},"median":{"confidence_interval":{"confidence_level":0.95,"lower_bound":-0.018360107673188963,"upper_bound":0.013320023238957646},"point_estimate":0.0010696516930552846,"standard_error":0.008490726167709446}}