{"mean":{"confidence_interval":{"confidence_level":0.95,"lower_bound":0.012429564423093302,"upper_bound":0.022092388254120167},"point_estimate":0.01806431120837937,"standard_error":0.002508764904443351},"median":{"confidence_interval":{"confidence_level":0.95,"lower_bound":0.02278167495186012,"upper_bound":0.02539224322857181},"point_estimate":0.02448641502736293,"standard_error":0.0007299199936039523}}