{"mean":{"confidence_interval":{"confidence_level":0.95,"lower_bound":-0.04714333897249734,"upper_bound":-0.03705307022297982},"point_estimate":-0.04300880735419643,"standard_error":0.0026709095002563897},"median":{"confidence_interval":{"confidence_level":0.95,"lower_bound":-0.049492172026414205,"upper_bound":-0.04585281010681952},"point_estimate":-0.04790439737785912,"standard_error":0.0009811456104918878}}