{"mean":{"confidence_interval":{"confidence_level":0.95,"lower_bound":-0.023810057573690528,"upper_bound":-0.01324807306464431},"point_estimate":-0.018759405398503404,"standard_error":0.0026985729044133114},"median":{"confidence_interval":{"confidence_level":0.95,"lower_bound":-0.032768285762327376,"upper_bound":-0.026934955669479343},"point_estimate":-0.02950713693347995,"standard_error":0.0014999976101371239}}