{"mean":{"confidence_interval":{"confidence_level":0.95,"lower_bound":-0.009605278276984021,"upper_bound":-0.0036289616319236002},"point_estimate":-0.00640536001515557,"standard_error":0.0015293590289542005},"median":{"confidence_interval":{"confidence_level":0.95,"lower_bound":-0.001815025409620863,"upper_bound":-0.0012931179091568712},"point_estimate":-0.001535129238495525,"standard_error":0.00014187452721250543}}