{"mean":{"confidence_interval":{"confidence_level":0.95,"lower_bound":0.013442717509611785,"upper_bound":0.022116626866211086},"point_estimate":0.01733673494609822,"standard_error":0.0021253882630129957},"median":{"confidence_interval":{"confidence_level":0.95,"lower_bound":0.021070739110760073,"upper_bound":0.026465828003699787},"point_estimate":0.022814121214728367,"standard_error":0.0013631039327194332}}