{"mean":{"confidence_interval":{"confidence_level":0.95,"lower_bound":-0.030802889418883206,"upper_bound":-0.02184725716795225},"point_estimate":-0.02640277782739009,"standard_error":0.002289872491333067},"median":{"confidence_interval":{"confidence_level":0.95,"lower_bound":-0.036564318100754334,"upper_bound":-0.030479555792417456},"point_estimate":-0.03295182242868755,"standard_error":0.0015223889511031374}}