{"mean":{"confidence_interval":{"confidence_level":0.95,"lower_bound":0.038153726795139106,"upper_bound":0.04356269883593115},"point_estimate":0.040838364276389205,"standard_error":0.0013782192441213668},"median":{"confidence_interval":{"confidence_level":0.95,"lower_bound":0.0410601714854264,"upper_bound":0.04491217176477691},"point_estimate":0.04316032848346807,"standard_error":0.0009848985450539543}}