{"mean":{"confidence_interval":{"confidence_level":0.95,"lower_bound":39071.31653532726,"upper_bound":39239.42532303452},"point_estimate":39152.68691647149,"standard_error":42.84275850968182},"median":{"confidence_interval":{"confidence_level":0.95,"lower_bound":39115.545486443385,"upper_bound":39196.34143049933},"point_estimate":39147.84187030075,"standard_error":19.67828013082527},"median_abs_dev":{"confidence_interval":{"confidence_level":0.95,"lower_bound":75.00355219068605,"upper_bound":180.56640159211915},"point_estimate":123.97496799638164,"standard_error":26.274916404401214},"slope":{"confidence_interval":{"confidence_level":0.95,"lower_bound":38941.57698190157,"upper_bound":39152.689624244864},"point_estimate":39059.81402200901,"standard_error":54.5956926505211},"std_dev":{"confidence_interval":{"confidence_level":0.95,"lower_bound":177.42810217352425,"upper_bound":421.8868412766771},"point_estimate":306.32146041503614,"standard_error":63.74292466119234}}