{"mean":{"confidence_interval":{"confidence_level":0.95,"lower_bound":7355184.556833335,"upper_bound":7390752.155166669},"point_estimate":7371925.98,"standard_error":9065.535080866339},"median":{"confidence_interval":{"confidence_level":0.95,"lower_bound":7334669.666666667,"upper_bound":7355178.0},"point_estimate":7340730.333333333,"standard_error":5163.013490029473},"median_abs_dev":{"confidence_interval":{"confidence_level":0.95,"lower_bound":13235.66416502091,"upper_bound":40707.994577289086},"point_estimate":21387.98722028663,"standard_error":6951.520370577282},"slope":null,"std_dev":{"confidence_interval":{"confidence_level":0.95,"lower_bound":45269.24288193581,"upper_bound":79087.81366879943},"point_estimate":64693.61916989115,"standard_error":8619.290857818585}}