{"mean":{"confidence_interval":{"confidence_level":0.95,"lower_bound":7403506.584500002,"upper_bound":7442181.138833335},"point_estimate":7422799.986666665,"standard_error":9915.505216114792},"median":{"confidence_interval":{"confidence_level":0.95,"lower_bound":7380748.666666667,"upper_bound":7465192.666666666},"point_estimate":7416403.666666666,"standard_error":24444.145059417875},"median_abs_dev":{"confidence_interval":{"confidence_level":0.95,"lower_bound":62166.40529632683,"upper_bound":111817.19581484771},"point_estimate":98821.46574556943,"standard_error":12502.449550552512},"slope":null,"std_dev":{"confidence_interval":{"confidence_level":0.95,"lower_bound":62468.24029043873,"upper_bound":77104.77405492747},"point_estimate":70777.83939550864,"standard_error":3743.2389992338967}}