{"mean":{"confidence_interval":{"confidence_level":0.95,"lower_bound":205.9163557290816,"upper_bound":208.41550415306034},"point_estimate":207.19102626084918,"standard_error":0.6386563499806931},"median":{"confidence_interval":{"confidence_level":0.95,"lower_bound":206.27652027778308,"upper_bound":208.40496070654171},"point_estimate":207.78799695424445,"standard_error":0.6622337202294744},"median_abs_dev":{"confidence_interval":{"confidence_level":0.95,"lower_bound":2.4097663205398336,"upper_bound":6.285220858749676},"point_estimate":3.921151580246823,"standard_error":0.9895516211591857},"slope":{"confidence_interval":{"confidence_level":0.95,"lower_bound":208.82210513714566,"upper_bound":210.60133943628276},"point_estimate":209.75553247472155,"standard_error":0.4521437747510542},"std_dev":{"confidence_interval":{"confidence_level":0.95,"lower_bound":3.4922645978641174,"upper_bound":5.462649523420274},"point_estimate":4.544021899654536,"standard_error":0.5052539172651787}}