{"mean":{"confidence_interval":{"confidence_level":0.95,"lower_bound":-0.02544472263336967,"upper_bound":-0.02035992796129993},"point_estimate":-0.02306908948437969,"standard_error":0.0013012001574066799},"median":{"confidence_interval":{"confidence_level":0.95,"lower_bound":-0.028210221638342747,"upper_bound":-0.023638488694986637},"point_estimate":-0.0253148936653681,"standard_error":0.0012542696696930709}}