{"mean":{"confidence_interval":{"confidence_level":0.95,"lower_bound":-0.021345586682057004,"upper_bound":-0.014905698563886028},"point_estimate":-0.018031451189927106,"standard_error":0.0016422954318744368},"median":{"confidence_interval":{"confidence_level":0.95,"lower_bound":-0.017403806903804386,"upper_bound":-0.013060289956442706},"point_estimate":-0.015913334417815506,"standard_error":0.0011965124301701177}}