{"mean":{"confidence_interval":{"confidence_level":0.95,"lower_bound":-0.043130972974125326,"upper_bound":-0.028769804441533976},"point_estimate":-0.03588838323074006,"standard_error":0.003591899784407854},"median":{"confidence_interval":{"confidence_level":0.95,"lower_bound":-0.04262227431130883,"upper_bound":-0.03656038458185851},"point_estimate":-0.040151415009056945,"standard_error":0.0019186824233679014}}