{"mean":{"confidence_interval":{"confidence_level":0.95,"lower_bound":-0.02247291312838917,"upper_bound":-0.01453699637381978},"point_estimate":-0.018442087916655803,"standard_error":0.002019365353295068},"median":{"confidence_interval":{"confidence_level":0.95,"lower_bound":-0.024119850063013537,"upper_bound":-0.012992851035142028},"point_estimate":-0.020416478663308202,"standard_error":0.0022914562721735956}}