{"mean":{"confidence_interval":{"confidence_level":0.95,"lower_bound":0.037427619044906546,"upper_bound":0.04426807754732619},"point_estimate":0.04064103577014744,"standard_error":0.001778743837327039},"median":{"confidence_interval":{"confidence_level":0.95,"lower_bound":0.04029016828198029,"upper_bound":0.04786426539757538},"point_estimate":0.044645109126728366,"standard_error":0.001724219808548193}}