{"mean":{"confidence_interval":{"confidence_level":0.95,"lower_bound":-0.0018910053443397855,"upper_bound":0.003951504587360155},"point_estimate":0.000938681217862225,"standard_error":0.0015007600645580326},"median":{"confidence_interval":{"confidence_level":0.95,"lower_bound":-0.0027042130674809206,"upper_bound":0.0012957702855957987},"point_estimate":-0.0003182110877173461,"standard_error":0.0009562963392423045}}