{"mean":{"confidence_interval":{"confidence_level":0.95,"lower_bound":0.03973022630578545,"upper_bound":0.06015775283348925},"point_estimate":0.051044197111648204,"standard_error":0.005247458040898143},"median":{"confidence_interval":{"confidence_level":0.95,"lower_bound":0.05313906693049297,"upper_bound":0.06936670594499317},"point_estimate":0.06251674612225067,"standard_error":0.004707046324350678}}