{"mean":{"confidence_interval":{"confidence_level":0.95,"lower_bound":-0.06315317687839266,"upper_bound":-0.05102292830616765},"point_estimate":-0.05746168509127436,"standard_error":0.0030365786022416505},"median":{"confidence_interval":{"confidence_level":0.95,"lower_bound":-0.0691336211437471,"upper_bound":-0.06069276313488248},"point_estimate":-0.0671162713519704,"standard_error":0.0020029354249814393}}