{"mean":{"confidence_interval":{"confidence_level":0.95,"lower_bound":0.02020286052799502,"upper_bound":0.040944807683949216},"point_estimate":0.029457794471779764,"standard_error":0.005388468444632279},"median":{"confidence_interval":{"confidence_level":0.95,"lower_bound":0.00853090817615687,"upper_bound":0.02437039439215516},"point_estimate":0.016138746231947554,"standard_error":0.004510889232949143}}