{"mean":{"confidence_interval":{"confidence_level":0.95,"lower_bound":-0.01177782241408783,"upper_bound":0.0013493472859322786},"point_estimate":-0.004974546759408449,"standard_error":0.003347952786018392},"median":{"confidence_interval":{"confidence_level":0.95,"lower_bound":0.0009853271593061042,"upper_bound":0.008775731372367312},"point_estimate":0.005731173966523118,"standard_error":0.002076056441464802}}