{"mean":{"confidence_interval":{"confidence_level":0.95,"lower_bound":-0.008609129568968095,"upper_bound":0.007566988430907751},"point_estimate":-0.0007997322691891684,"standard_error":0.004112181528653229},"median":{"confidence_interval":{"confidence_level":0.95,"lower_bound":-0.010691316951602858,"upper_bound":0.015727999188373865},"point_estimate":-0.0032275955152119007,"standard_error":0.007644403252125208}}