{"mean":{"confidence_interval":{"confidence_level":0.95,"lower_bound":-0.014568514805446272,"upper_bound":0.002662151121996677},"point_estimate":-0.005692372331510986,"standard_error":0.0043902231392838765},"median":{"confidence_interval":{"confidence_level":0.95,"lower_bound":-0.012827504525869822,"upper_bound":0.014382158102614007},"point_estimate":0.006668704578967954,"standard_error":0.007800181171640597}}