{"mean":{"confidence_interval":{"confidence_level":0.95,"lower_bound":-0.01999141465448083,"upper_bound":-0.013731325160544238},"point_estimate":-0.01683331042990821,"standard_error":0.001605758347897195},"median":{"confidence_interval":{"confidence_level":0.95,"lower_bound":-0.02315981597549055,"upper_bound":-0.010158580242799364},"point_estimate":-0.016733010233150658,"standard_error":0.003214081981513674}}