{"mean":{"confidence_interval":{"confidence_level":0.95,"lower_bound":-0.047912653704685934,"upper_bound":-0.039611805003457436},"point_estimate":-0.043979299097244184,"standard_error":0.0021078588791988958},"median":{"confidence_interval":{"confidence_level":0.95,"lower_bound":-0.05247706947024189,"upper_bound":-0.03934387737832956},"point_estimate":-0.04597586603578241,"standard_error":0.0032478751290749104}}