{"mean":{"confidence_interval":{"confidence_level":0.95,"lower_bound":-0.022160268614042744,"upper_bound":-0.013304559097555803},"point_estimate":-0.017697685535503438,"standard_error":0.00226503169943892},"median":{"confidence_interval":{"confidence_level":0.95,"lower_bound":-0.017110708643250372,"upper_bound":-0.013041606434526454},"point_estimate":-0.0148226026962619,"standard_error":0.0010082287451984916}}