{"mean":{"confidence_interval":{"confidence_level":0.95,"lower_bound":0.05196455606714086,"upper_bound":0.05957779307978858},"point_estimate":0.05583123917435606,"standard_error":0.0019816573627326113},"median":{"confidence_interval":{"confidence_level":0.95,"lower_bound":0.05723634955217283,"upper_bound":0.06279773415222886},"point_estimate":0.06160803284827865,"standard_error":0.0013368095392681915}}