{"mean":{"confidence_interval":{"confidence_level":0.95,"lower_bound":-0.06959362836544469,"upper_bound":-0.05117738395132405},"point_estimate":-0.060246713624790726,"standard_error":0.004704244176283579},"median":{"confidence_interval":{"confidence_level":0.95,"lower_bound":-0.06563283970112599,"upper_bound":-0.054468517589019785},"point_estimate":-0.06168661828931754,"standard_error":0.0029750815059821595}}