{"mean":{"confidence_interval":{"confidence_level":0.95,"lower_bound":-0.014568641304886224,"upper_bound":0.0020549020580002963},"point_estimate":-0.006363477417508201,"standard_error":0.004223794709398745},"median":{"confidence_interval":{"confidence_level":0.95,"lower_bound":-0.016058158405356515,"upper_bound":-0.004684205891775206},"point_estimate":-0.010679882405945973,"standard_error":0.0038081597117150374}}