{"mean":{"confidence_interval":{"confidence_level":0.95,"lower_bound":0.031150334429167502,"upper_bound":0.05341811906942555},"point_estimate":0.04138861962091922,"standard_error":0.005655090680476902},"median":{"confidence_interval":{"confidence_level":0.95,"lower_bound":0.03524553614379089,"upper_bound":0.052124628902130654},"point_estimate":0.04389989813866291,"standard_error":0.0043750338244593606}}