{"mean":{"confidence_interval":{"confidence_level":0.95,"lower_bound":0.041144102897923966,"upper_bound":0.06159910736972271},"point_estimate":0.05178929123539633,"standard_error":0.005191902097781759},"median":{"confidence_interval":{"confidence_level":0.95,"lower_bound":0.043485868173824604,"upper_bound":0.05984602291057728},"point_estimate":0.04995928186178111,"standard_error":0.004428971578704746}}