{"mean":{"confidence_interval":{"confidence_level":0.95,"lower_bound":-0.07848251430008207,"upper_bound":-0.058923093164064855},"point_estimate":-0.06895233743285933,"standard_error":0.004964259625181134},"median":{"confidence_interval":{"confidence_level":0.95,"lower_bound":-0.08163130113522143,"upper_bound":-0.0672506217642328},"point_estimate":-0.07456665347954783,"standard_error":0.003705932284834837}}