{"mean":{"confidence_interval":{"confidence_level":0.95,"lower_bound":-0.017876951135998076,"upper_bound":-0.0007628808855854041},"point_estimate":-0.00957737254353963,"standard_error":0.004350622680624511},"median":{"confidence_interval":{"confidence_level":0.95,"lower_bound":-0.012404918713271984,"upper_bound":0.002509711597766806},"point_estimate":-0.005237988256751369,"standard_error":0.0036244194914376786}}