{"mean":{"confidence_interval":{"confidence_level":0.95,"lower_bound":-0.03343402956236197,"upper_bound":-0.015253048587657476},"point_estimate":-0.02365349012128304,"standard_error":0.004651622580933434},"median":{"confidence_interval":{"confidence_level":0.95,"lower_bound":-0.03512095672169513,"upper_bound":-0.007945064628314458},"point_estimate":-0.026761237350265588,"standard_error":0.0065338359194607}}