{"mean":{"confidence_interval":{"confidence_level":0.95,"lower_bound":-0.04554668830940378,"upper_bound":-0.03112816779534255},"point_estimate":-0.03978291187766747,"standard_error":0.0037279793751364833},"median":{"confidence_interval":{"confidence_level":0.95,"lower_bound":-0.050853463692031586,"upper_bound":-0.04616257570989735},"point_estimate":-0.04910534227499441,"standard_error":0.0010964811902819053}}