{"mean":{"confidence_interval":{"confidence_level":0.95,"lower_bound":0.02473646150851939,"upper_bound":0.03233532485201285},"point_estimate":0.028107199462070742,"standard_error":0.0019927494095282636},"median":{"confidence_interval":{"confidence_level":0.95,"lower_bound":0.02842230892784614,"upper_bound":0.03220543236476203},"point_estimate":0.03025924031798266,"standard_error":0.0010922114657870466}}