{"mean":{"confidence_interval":{"confidence_level":0.95,"lower_bound":-0.012962870850719609,"upper_bound":0.006993242920135466},"point_estimate":-0.004354571209047808,"standard_error":0.00517533682980632},"median":{"confidence_interval":{"confidence_level":0.95,"lower_bound":-0.021713317049004366,"upper_bound":0.0024618535095637384},"point_estimate":-0.006381000311860396,"standard_error":0.006254061698952728}}