{"mean":{"confidence_interval":{"confidence_level":0.95,"lower_bound":-0.038064379834890694,"upper_bound":-0.02830809792323752},"point_estimate":-0.03314967563245763,"standard_error":0.0024606848262465706},"median":{"confidence_interval":{"confidence_level":0.95,"lower_bound":-0.03737286439417842,"upper_bound":-0.03328033282577236},"point_estimate":-0.03508659242878509,"standard_error":0.0011439461031296121}}