{"mean":{"confidence_interval":{"confidence_level":0.95,"lower_bound":0.014257162809204083,"upper_bound":0.03317377832491264},"point_estimate":0.025126493386546933,"standard_error":0.0048913074393939476},"median":{"confidence_interval":{"confidence_level":0.95,"lower_bound":0.035434640725638955,"upper_bound":0.04103973978792375},"point_estimate":0.03911405268330048,"standard_error":0.0012789667666494072}}