{"mean":{"confidence_interval":{"confidence_level":0.95,"lower_bound":0.007652241054913134,"upper_bound":0.023374350007084876},"point_estimate":0.015581729759285956,"standard_error":0.004020780570211079},"median":{"confidence_interval":{"confidence_level":0.95,"lower_bound":0.007999798591390883,"upper_bound":0.022231065439589637},"point_estimate":0.016151215289204934,"standard_error":0.00379914891402365}}