{"mean":{"confidence_interval":{"confidence_level":0.95,"lower_bound":-0.04394092394036469,"upper_bound":-0.025672645853059395},"point_estimate":-0.03463605161862959,"standard_error":0.004633845229770979},"median":{"confidence_interval":{"confidence_level":0.95,"lower_bound":-0.04365673530371228,"upper_bound":-0.023727652435840296},"point_estimate":-0.03224770506924579,"standard_error":0.004479470650278159}}