{"mean":{"confidence_interval":{"confidence_level":0.95,"lower_bound":-0.0658774943261237,"upper_bound":-0.04637258160544252},"point_estimate":-0.05635014776546554,"standard_error":0.004970633195626041},"median":{"confidence_interval":{"confidence_level":0.95,"lower_bound":-0.06951705633806204,"upper_bound":-0.050686725513765185},"point_estimate":-0.06186084078679954,"standard_error":0.004314128433937834}}