{"mean":{"confidence_interval":{"confidence_level":0.95,"lower_bound":-0.04791620920202053,"upper_bound":-0.027745039515815417},"point_estimate":-0.037933996887389965,"standard_error":0.005162591476837643},"median":{"confidence_interval":{"confidence_level":0.95,"lower_bound":-0.05091977519339885,"upper_bound":-0.03033606610880979},"point_estimate":-0.041147588408792624,"standard_error":0.005018165652141295}}