{"mean":{"confidence_interval":{"confidence_level":0.95,"lower_bound":0.025772724882143105,"upper_bound":0.046014232906231634},"point_estimate":0.03575130766005841,"standard_error":0.005170991931420875},"median":{"confidence_interval":{"confidence_level":0.95,"lower_bound":0.030679582703776465,"upper_bound":0.044789143811007515},"point_estimate":0.038735094902860645,"standard_error":0.003581050467551098}}