{"mean":{"confidence_interval":{"confidence_level":0.95,"lower_bound":0.017472832229466974,"upper_bound":0.0374773086138555},"point_estimate":0.027161270279988603,"standard_error":0.005045785166300386},"median":{"confidence_interval":{"confidence_level":0.95,"lower_bound":0.013460297082610762,"upper_bound":0.0329526838227332},"point_estimate":0.021351665945624765,"standard_error":0.005060687859334423}}