{"mean":{"confidence_interval":{"confidence_level":0.95,"lower_bound":0.03428740852154631,"upper_bound":0.05401072864283243},"point_estimate":0.046264530082146926,"standard_error":0.005315478656805483},"median":{"confidence_interval":{"confidence_level":0.95,"lower_bound":0.04341507130637523,"upper_bound":0.05338275893606115},"point_estimate":0.04830960185844746,"standard_error":0.0025538178188233293}}