{"mean":{"confidence_interval":{"confidence_level":0.95,"lower_bound":-0.04026307424891207,"upper_bound":-0.036214479144509704},"point_estimate":-0.03832469077224343,"standard_error":0.0010349970729749288},"median":{"confidence_interval":{"confidence_level":0.95,"lower_bound":-0.04021742656958629,"upper_bound":-0.03766993598525947},"point_estimate":-0.03924120899914929,"standard_error":0.0006617954049312965}}