{"mean":{"confidence_interval":{"confidence_level":0.95,"lower_bound":-0.00971150246337639,"upper_bound":0.010083653015009192},"point_estimate":-0.0014342416569056438,"standard_error":0.0054142715906518955},"median":{"confidence_interval":{"confidence_level":0.95,"lower_bound":-0.007007154854218656,"upper_bound":0.000086103202725063},"point_estimate":-0.003096478283594384,"standard_error":0.0018855667721458102}}