{"mean":{"confidence_interval":{"confidence_level":0.95,"lower_bound":-0.05532010100108731,"upper_bound":-0.048786061088555766},"point_estimate":-0.05191220259289131,"standard_error":0.0016750218749426093},"median":{"confidence_interval":{"confidence_level":0.95,"lower_bound":-0.058314027626340414,"upper_bound":-0.04840755817800393},"point_estimate":-0.0533346620106534,"standard_error":0.0025779683897982505}}