{"mean":{"confidence_interval":{"confidence_level":0.95,"lower_bound":0.04195904600586885,"upper_bound":0.04432528519183676},"point_estimate":0.04307093754715652,"standard_error":0.000615849054519185},"median":{"confidence_interval":{"confidence_level":0.95,"lower_bound":0.0412436121532263,"upper_bound":0.04471276883359021},"point_estimate":0.04228572684723808,"standard_error":0.0010279248246277803}}