{"mean":{"confidence_interval":{"confidence_level":0.95,"lower_bound":0.01260702875298455,"upper_bound":0.019042921269681896},"point_estimate":0.014866846103105624,"standard_error":0.001900529317378274},"median":{"confidence_interval":{"confidence_level":0.95,"lower_bound":0.01235003914408539,"upper_bound":0.01404917532732708},"point_estimate":0.013089114820252767,"standard_error":0.0004419630131012329}}