{"mean":{"confidence_interval":{"confidence_level":0.95,"lower_bound":0.004958685654052087,"upper_bound":0.010911273752876137},"point_estimate":0.00800676609356099,"standard_error":0.001539010123866587},"median":{"confidence_interval":{"confidence_level":0.95,"lower_bound":0.004693986865251132,"upper_bound":0.016273695810319566},"point_estimate":0.009493958123208301,"standard_error":0.0035868049951280744}}