{"mean":{"confidence_interval":{"confidence_level":0.95,"lower_bound":-0.0031615804650382273,"upper_bound":0.01237769979881529},"point_estimate":0.004505864541531901,"standard_error":0.003955633713390552},"median":{"confidence_interval":{"confidence_level":0.95,"lower_bound":-0.01728832686989712,"upper_bound":0.024667145895340026},"point_estimate":-0.006507814279955948,"standard_error":0.012081625206128543}}