{"mean":{"confidence_interval":{"confidence_level":0.95,"lower_bound":-0.04244337041066574,"upper_bound":-0.036507214341753524},"point_estimate":-0.03963138952601153,"standard_error":0.0015102492706774548},"median":{"confidence_interval":{"confidence_level":0.95,"lower_bound":-0.04708476929468904,"upper_bound":-0.04247635268910532},"point_estimate":-0.045789116284116305,"standard_error":0.0012554278694470711}}