{"mean":{"confidence_interval":{"confidence_level":0.95,"lower_bound":-0.035942235665260974,"upper_bound":-0.02098777732138705},"point_estimate":-0.028561407190314747,"standard_error":0.003822769678206502},"median":{"confidence_interval":{"confidence_level":0.95,"lower_bound":-0.05159325032445394,"upper_bound":-0.011478023243637447},"point_estimate":-0.041614354518074714,"standard_error":0.011660042811948322}}