{"mean":{"confidence_interval":{"confidence_level":0.95,"lower_bound":0.019401433699368132,"upper_bound":0.03420525106826449},"point_estimate":0.026834098876185264,"standard_error":0.003961121695439517},"median":{"confidence_interval":{"confidence_level":0.95,"lower_bound":0.007691769278642457,"upper_bound":0.04923259458927021},"point_estimate":0.038172846693527385,"standard_error":0.012100097551183018}}