{"mean":{"confidence_interval":{"confidence_level":0.95,"lower_bound":0.030497162345972134,"upper_bound":0.0375310184503569},"point_estimate":0.03413027075879782,"standard_error":0.001790957681076517},"median":{"confidence_interval":{"confidence_level":0.95,"lower_bound":0.029653235848207116,"upper_bound":0.04231996125020365},"point_estimate":0.037293232555527744,"standard_error":0.0035713578813520207}}