{"mean":{"confidence_interval":{"confidence_level":0.95,"lower_bound":244.90852891960077,"upper_bound":247.69121114999118},"point_estimate":246.4221823567408,"standard_error":0.7134360599015849},"median":{"confidence_interval":{"confidence_level":0.95,"lower_bound":246.5028954587016,"upper_bound":248.770340288475},"point_estimate":248.16021125879203,"standard_error":0.5282119584695072},"median_abs_dev":{"confidence_interval":{"confidence_level":0.95,"lower_bound":1.5200145963702778,"upper_bound":3.826191075076712},"point_estimate":2.7084293370625785,"standard_error":0.6144420223550283},"slope":{"confidence_interval":{"confidence_level":0.95,"lower_bound":248.71352823906204,"upper_bound":249.55766038467817},"point_estimate":249.17105971676108,"standard_error":0.21504347553287398},"std_dev":{"confidence_interval":{"confidence_level":0.95,"lower_bound":2.886379156680222,"upper_bound":7.131263322352916},"point_estimate":5.109616444930843,"standard_error":1.1245009709767178}}