{"mean":{"confidence_interval":{"confidence_level":0.95,"lower_bound":87930.26727940595,"upper_bound":89312.13926362286},"point_estimate":88461.47610630086,"standard_error":375.0758188656424},"median":{"confidence_interval":{"confidence_level":0.95,"lower_bound":87657.15249072602,"upper_bound":87783.53703703704},"point_estimate":87679.91805555555,"standard_error":34.58008408964818},"median_abs_dev":{"confidence_interval":{"confidence_level":0.95,"lower_bound":64.98363810556911,"upper_bound":299.8909267746325},"point_estimate":129.8543903527051,"standard_error":59.83593691482229},"slope":{"confidence_interval":{"confidence_level":0.95,"lower_bound":87687.65753468545,"upper_bound":87825.48398021735},"point_estimate":87745.12705623504,"standard_error":35.647988488616186},"std_dev":{"confidence_interval":{"confidence_level":0.95,"lower_bound":670.6044701014462,"upper_bound":4425.858035477998},"point_estimate":2689.5681019747262,"standard_error":1262.5628462911511}}