{"mean":{"confidence_interval":{"confidence_level":0.95,"lower_bound":1535.0154743357014,"upper_bound":1542.8978620210273},"point_estimate":1539.0690272488364,"standard_error":2.0111874218744803},"median":{"confidence_interval":{"confidence_level":0.95,"lower_bound":1536.9297634984382,"upper_bound":1545.7554663096832},"point_estimate":1541.5802054371331,"standard_error":2.210110255860895},"median_abs_dev":{"confidence_interval":{"confidence_level":0.95,"lower_bound":7.618774644450899,"upper_bound":16.04714288430711},"point_estimate":11.083982899605564,"standard_error":2.0332154936061584},"slope":{"confidence_interval":{"confidence_level":0.95,"lower_bound":1526.944333628138,"upper_bound":1537.5756375678145},"point_estimate":1532.3824545473683,"standard_error":2.709027845107018},"std_dev":{"confidence_interval":{"confidence_level":0.95,"lower_bound":10.725507882898647,"upper_bound":17.19948240144208},"point_estimate":14.329642746824005,"standard_error":1.660534936166758}}