{"mean":{"confidence_interval":{"confidence_level":0.95,"lower_bound":-0.03610452654735977,"upper_bound":-0.02146572693457535},"point_estimate":-0.028965084711262024,"standard_error":0.003744814069064687},"median":{"confidence_interval":{"confidence_level":0.95,"lower_bound":-0.039724769638993296,"upper_bound":-0.018942071989018424},"point_estimate":-0.029755171633875088,"standard_error":0.0053462884667457924}}