{"mean":{"confidence_interval":{"confidence_level":0.95,"lower_bound":-0.025997640597139715,"upper_bound":-0.012584577002291097},"point_estimate":-0.019423442157390558,"standard_error":0.003402578079174979},"median":{"confidence_interval":{"confidence_level":0.95,"lower_bound":-0.024702867854760724,"upper_bound":-0.0058685977517762365},"point_estimate":-0.014992042517689375,"standard_error":0.004386714945614346}}