{"mean":{"confidence_interval":{"confidence_level":0.95,"lower_bound":-0.0037627618958795406,"upper_bound":0.0034868094772485246},"point_estimate":-0.000277539656826864,"standard_error":0.0018485438879996055},"median":{"confidence_interval":{"confidence_level":0.95,"lower_bound":-0.007863997907889497,"upper_bound":0.0019495313255644131},"point_estimate":-0.005569406178648095,"standard_error":0.0025433292706461908}}