{"mean":{"confidence_interval":{"confidence_level":0.95,"lower_bound":-0.04107165143030778,"upper_bound":-0.02838942720662052},"point_estimate":-0.03487189687143777,"standard_error":0.0032381782152601287},"median":{"confidence_interval":{"confidence_level":0.95,"lower_bound":-0.03954799881845228,"upper_bound":-0.023810042020526945},"point_estimate":-0.0318277233446006,"standard_error":0.004230009379973387}}