{"mean":{"confidence_interval":{"confidence_level":0.95,"lower_bound":0.0480061338029756,"upper_bound":0.05897658030584119},"point_estimate":0.053700568565711926,"standard_error":0.002801904456299488},"median":{"confidence_interval":{"confidence_level":0.95,"lower_bound":0.04610080748802314,"upper_bound":0.05918735060723401},"point_estimate":0.0533584467180519,"standard_error":0.00329907826440123}}