{"mean":{"confidence_interval":{"confidence_level":0.95,"lower_bound":0.007798325709140803,"upper_bound":0.01993660676093567},"point_estimate":0.014149011856576577,"standard_error":0.0030453871901778813},"median":{"confidence_interval":{"confidence_level":0.95,"lower_bound":0.0019502909796522694,"upper_bound":0.02207992052629959},"point_estimate":0.010700156740296451,"standard_error":0.005114355334821742}}