{"mean":{"confidence_interval":{"confidence_level":0.95,"lower_bound":-0.07023610013644499,"upper_bound":-0.05644192145883934},"point_estimate":-0.0627484589681837,"standard_error":0.0035192339281562347},"median":{"confidence_interval":{"confidence_level":0.95,"lower_bound":-0.06495412108936027,"upper_bound":-0.049857037879458055},"point_estimate":-0.054570925407471105,"standard_error":0.0038357702251269857}}