{"mean":{"confidence_interval":{"confidence_level":0.95,"lower_bound":0.017638376228597163,"upper_bound":0.03210493967473393},"point_estimate":0.0232899748931108,"standard_error":0.003597263069032819},"median":{"confidence_interval":{"confidence_level":0.95,"lower_bound":0.018912658370563218,"upper_bound":0.024350693341170127},"point_estimate":0.021515978409119008,"standard_error":0.0014574711145395245}}