{"mean":{"confidence_interval":{"confidence_level":0.95,"lower_bound":0.015639391553083193,"upper_bound":0.034746688317443986},"point_estimate":0.025435288928242983,"standard_error":0.004770589902688299},"median":{"confidence_interval":{"confidence_level":0.95,"lower_bound":0.021846520694335236,"upper_bound":0.027792623611433864},"point_estimate":0.024682472343116713,"standard_error":0.001566921454898213}}