{"mean":{"confidence_interval":{"confidence_level":0.95,"lower_bound":-0.04921417277124127,"upper_bound":-0.03772616514346307},"point_estimate":-0.0442464451163862,"standard_error":0.0029924519713163777},"median":{"confidence_interval":{"confidence_level":0.95,"lower_bound":-0.0504144873723239,"upper_bound":-0.04417313779997001},"point_estimate":-0.04789852711034581,"standard_error":0.0014956140651055105}}