{"mean":{"confidence_interval":{"confidence_level":0.95,"lower_bound":-0.010889977546960392,"upper_bound":0.020036110967957654},"point_estimate":0.008045243872798258,"standard_error":0.0084468484654386},"median":{"confidence_interval":{"confidence_level":0.95,"lower_bound":0.007395462621311744,"upper_bound":0.016786381989621457},"point_estimate":0.012141721882307666,"standard_error":0.0024217654447925077}}