{"mean":{"confidence_interval":{"confidence_level":0.95,"lower_bound":-0.04772413082667272,"upper_bound":-0.04196180026958081},"point_estimate":-0.04493165362731699,"standard_error":0.00147684100160421},"median":{"confidence_interval":{"confidence_level":0.95,"lower_bound":-0.0490562957222066,"upper_bound":-0.04273065474137183},"point_estimate":-0.04621773026980036,"standard_error":0.0015405423129587622}}