{"mean":{"confidence_interval":{"confidence_level":0.95,"lower_bound":367.1226571741085,"upper_bound":369.37708005374145},"point_estimate":368.27147956736405,"standard_error":0.5726918213570953},"median":{"confidence_interval":{"confidence_level":0.95,"lower_bound":367.4572376214167,"upper_bound":369.84699877237193},"point_estimate":368.80423675274426,"standard_error":0.5973264335826165},"median_abs_dev":{"confidence_interval":{"confidence_level":0.95,"lower_bound":2.2164746671174647,"upper_bound":5.12125366032339},"point_estimate":3.426365911870392,"standard_error":0.7208777026675183},"slope":{"confidence_interval":{"confidence_level":0.95,"lower_bound":367.36784018394854,"upper_bound":369.6048724740712},"point_estimate":368.5267635696217,"standard_error":0.5699812474844048},"std_dev":{"confidence_interval":{"confidence_level":0.95,"lower_bound":3.1956978785373313,"upper_bound":4.791313233829487},"point_estimate":4.081251045395273,"standard_error":0.40717295241783075}}