{"mean":{"confidence_interval":{"confidence_level":0.95,"lower_bound":-0.36107080721967166,"upper_bound":-0.3444562407791843},"point_estimate":-0.3534717964755347,"standard_error":0.004272568904525906},"median":{"confidence_interval":{"confidence_level":0.95,"lower_bound":-0.3703129915111786,"upper_bound":-0.36415262385708436},"point_estimate":-0.36912238508677675,"standard_error":0.0017096049161291838}}