{"mean":{"confidence_interval":{"confidence_level":0.95,"lower_bound":0.013912362412165691,"upper_bound":0.05564049233846919},"point_estimate":0.03577904438374313,"standard_error":0.010659803049107667},"median":{"confidence_interval":{"confidence_level":0.95,"lower_bound":0.021671161594979393,"upper_bound":0.03947983680195177},"point_estimate":0.03531880936508691,"standard_error":0.004535783490450315}}