{"mean":{"confidence_interval":{"confidence_level":0.95,"lower_bound":0.055646769415920394,"upper_bound":0.09273818159767888},"point_estimate":0.07474540818783848,"standard_error":0.009432152349269635},"median":{"confidence_interval":{"confidence_level":0.95,"lower_bound":0.05724148567816134,"upper_bound":0.10613837351458155},"point_estimate":0.08351804148001007,"standard_error":0.012019656202704404}}