{"mean":{"confidence_interval":{"confidence_level":0.95,"lower_bound":-0.053237315520465546,"upper_bound":-0.02028000571198918},"point_estimate":-0.03722125119162478,"standard_error":0.008438366448390494},"median":{"confidence_interval":{"confidence_level":0.95,"lower_bound":-0.051840542404749,"upper_bound":-0.013518050478593335},"point_estimate":-0.03828624851007956,"standard_error":0.009594033717800704}}