{"mean":{"confidence_interval":{"confidence_level":0.95,"lower_bound":-0.04172468646216349,"upper_bound":-0.0017729626817821426},"point_estimate":-0.022016063304753142,"standard_error":0.010117212108933092},"median":{"confidence_interval":{"confidence_level":0.95,"lower_bound":-0.03981347011838632,"upper_bound":0.003667750504196432},"point_estimate":-0.020642433855075137,"standard_error":0.010981994902920405}}