{"mean":{"confidence_interval":{"confidence_level":0.95,"lower_bound":-0.0773498190202255,"upper_bound":-0.03683895682398034},"point_estimate":-0.05653585889105517,"standard_error":0.010353597923268431},"median":{"confidence_interval":{"confidence_level":0.95,"lower_bound":-0.06687214365087069,"upper_bound":-0.037407136801101415},"point_estimate":-0.05442181961741899,"standard_error":0.008172645015568162}}