{"mean":{"confidence_interval":{"confidence_level":0.95,"lower_bound":-0.08800277563316583,"upper_bound":-0.06158132648781656},"point_estimate":-0.07531169538367688,"standard_error":0.006719152858316915},"median":{"confidence_interval":{"confidence_level":0.95,"lower_bound":-0.08142969579146475,"upper_bound":-0.06728255482356882},"point_estimate":-0.07348329795825004,"standard_error":0.0037610017104496465}}