{"mean":{"confidence_interval":{"confidence_level":0.95,"lower_bound":-0.10134632146530546,"upper_bound":-0.08103248880133207},"point_estimate":-0.09216629991525038,"standard_error":0.005198048200789404},"median":{"confidence_interval":{"confidence_level":0.95,"lower_bound":-0.11098377616610189,"upper_bound":-0.08916103817179122},"point_estimate":-0.10240987913401578,"standard_error":0.005328114042610192}}