{"mean":{"confidence_interval":{"confidence_level":0.95,"lower_bound":0.03598548074218213,"upper_bound":0.06680556443106575},"point_estimate":0.05226213052389994,"standard_error":0.00780939384082763},"median":{"confidence_interval":{"confidence_level":0.95,"lower_bound":0.040537311930690434,"upper_bound":0.07001947778292061},"point_estimate":0.06113887246815297,"standard_error":0.0069242407078205625}}