{"mean":{"confidence_interval":{"confidence_level":0.95,"lower_bound":-0.094784634590628,"upper_bound":-0.061093624310906945},"point_estimate":-0.07807118642089339,"standard_error":0.008545033805822132},"median":{"confidence_interval":{"confidence_level":0.95,"lower_bound":-0.09920683301447186,"upper_bound":-0.05502220071973574},"point_estimate":-0.0874351939290019,"standard_error":0.012784745004449434}}