{"mean":{"confidence_interval":{"confidence_level":0.95,"lower_bound":-0.03277228323196453,"upper_bound":-0.0011027612255561925},"point_estimate":-0.017833302205021218,"standard_error":0.00810123687302244},"median":{"confidence_interval":{"confidence_level":0.95,"lower_bound":-0.042430427373633894,"upper_bound":0.003785127112760911},"point_estimate":-0.009811130069599217,"standard_error":0.012279888234041287}}