{"mean":{"confidence_interval":{"confidence_level":0.95,"lower_bound":0.00552120979250903,"upper_bound":0.0347742675750925},"point_estimate":0.020924736927760312,"standard_error":0.007354842082848409},"median":{"confidence_interval":{"confidence_level":0.95,"lower_bound":0.014846237779996496,"upper_bound":0.02748562827278156},"point_estimate":0.020246864282967847,"standard_error":0.0035417290976426812}}