{"mean":{"confidence_interval":{"confidence_level":0.95,"lower_bound":-0.03346095172186714,"upper_bound":-0.027562456390886836},"point_estimate":-0.030525157643117695,"standard_error":0.0014806602595575315},"median":{"confidence_interval":{"confidence_level":0.95,"lower_bound":-0.036780907136418184,"upper_bound":-0.03349619070672205},"point_estimate":-0.03558751403586735,"standard_error":0.0009196014985202017}}