{"mean":{"confidence_interval":{"confidence_level":0.95,"lower_bound":1907.1397535309181,"upper_bound":1916.7438224482287},"point_estimate":1912.0124001648803,"standard_error":2.445443398236347},"median":{"confidence_interval":{"confidence_level":0.95,"lower_bound":1910.3058068802875,"upper_bound":1918.476496179966},"point_estimate":1912.673976608187,"standard_error":2.1968548418035967},"median_abs_dev":{"confidence_interval":{"confidence_level":0.95,"lower_bound":7.117122115264656,"upper_bound":18.332661237997808},"point_estimate":10.679049943742397,"standard_error":2.7596322833485663},"slope":{"confidence_interval":{"confidence_level":0.95,"lower_bound":1905.5191681490232,"upper_bound":1914.4569193015323},"point_estimate":1909.8238710112498,"standard_error":2.2878289245337466},"std_dev":{"confidence_interval":{"confidence_level":0.95,"lower_bound":11.940867404744589,"upper_bound":22.29680547435784},"point_estimate":17.471458537909932,"standard_error":2.656699613997004}}