{"mean":{"confidence_interval":{"confidence_level":0.95,"lower_bound":57695.69847571459,"upper_bound":57900.944683540954},"point_estimate":57803.58412313053,"standard_error":52.26332952693555},"median":{"confidence_interval":{"confidence_level":0.95,"lower_bound":57746.2465034965,"upper_bound":57900.62847790508},"point_estimate":57842.66905187836,"standard_error":46.0010822289675},"median_abs_dev":{"confidence_interval":{"confidence_level":0.95,"lower_bound":162.86646906410425,"upper_bound":342.40383208679424},"point_estimate":258.7551955343842,"standard_error":43.43207878030959},"slope":{"confidence_interval":{"confidence_level":0.95,"lower_bound":57700.02045361917,"upper_bound":57854.365363226556},"point_estimate":57784.58726759554,"standard_error":39.250129423958086},"std_dev":{"confidence_interval":{"confidence_level":0.95,"lower_bound":224.98116321835494,"upper_bound":528.4497611150719},"point_estimate":376.68570968308137,"standard_error":82.1605615851449}}