{"mean":{"confidence_interval":{"confidence_level":0.95,"lower_bound":-0.45710406289494576,"upper_bound":-0.4146345572794464},"point_estimate":-0.4382254126904005,"standard_error":0.010864493565288265},"median":{"confidence_interval":{"confidence_level":0.95,"lower_bound":-0.47386507850121373,"upper_bound":-0.4673213939862264},"point_estimate":-0.47034440120411014,"standard_error":0.0017981088257426673}}