{"mean":{"confidence_interval":{"confidence_level":0.95,"lower_bound":-0.35914848035032165,"upper_bound":-0.2949984618373209},"point_estimate":-0.3286767833518802,"standard_error":0.0165870810453164},"median":{"confidence_interval":{"confidence_level":0.95,"lower_bound":-0.33737679681314303,"upper_bound":-0.30674357269011354},"point_estimate":-0.3159397485308594,"standard_error":0.00808696289225579}}