{"mean":{"confidence_interval":{"confidence_level":0.95,"lower_bound":-0.08017293185009754,"upper_bound":0.005584463553109107},"point_estimate":-0.03912721782062645,"standard_error":0.021715074406266396},"median":{"confidence_interval":{"confidence_level":0.95,"lower_bound":-0.05994415677881482,"upper_bound":-0.039784423394691015},"point_estimate":-0.052041596857053674,"standard_error":0.005592770045497263}}