{"mean":{"confidence_interval":{"confidence_level":0.95,"lower_bound":-0.3792357900421155,"upper_bound":-0.3198493116768669},"point_estimate":-0.3500984183039121,"standard_error":0.01517149813313451},"median":{"confidence_interval":{"confidence_level":0.95,"lower_bound":-0.34666464193233937,"upper_bound":-0.33350859941950173},"point_estimate":-0.340070384025983,"standard_error":0.003781485499803619}}