{"mean":{"confidence_interval":{"confidence_level":0.95,"lower_bound":-0.03305462271091564,"upper_bound":0.0928347636729306},"point_estimate":0.02888745253938141,"standard_error":0.0321866135816615},"median":{"confidence_interval":{"confidence_level":0.95,"lower_bound":-0.049944191720968534,"upper_bound":0.11119770574135335},"point_estimate":0.059845107682434895,"standard_error":0.03641143566240362}}