{"mean":{"confidence_interval":{"confidence_level":0.95,"lower_bound":380.04946902193876,"upper_bound":385.0718962592146},"point_estimate":382.6211482795867,"standard_error":1.279387947124729},"median":{"confidence_interval":{"confidence_level":0.95,"lower_bound":378.5988770250368,"upper_bound":389.5519088273196},"point_estimate":388.1332316127339,"standard_error":3.430504688211765},"median_abs_dev":{"confidence_interval":{"confidence_level":0.95,"lower_bound":2.3804854507591524,"upper_bound":14.290909408399221},"point_estimate":6.781844180879016,"standard_error":3.5016706548513103},"slope":{"confidence_interval":{"confidence_level":0.95,"lower_bound":387.37292074771284,"upper_bound":389.6087915974324},"point_estimate":388.6875654612156,"standard_error":0.5713639464462638},"std_dev":{"confidence_interval":{"confidence_level":0.95,"lower_bound":7.697647374402271,"upper_bound":10.128179980987587},"point_estimate":9.090467100844728,"standard_error":0.6181656398020728}}