{"mean":{"confidence_interval":{"confidence_level":0.95,"lower_bound":-0.400627074400144,"upper_bound":-0.34221398563108557},"point_estimate":-0.3732519993702629,"standard_error":0.014950374178558861},"median":{"confidence_interval":{"confidence_level":0.95,"lower_bound":-0.4433566431705519,"upper_bound":-0.33786026883480835},"point_estimate":-0.4205718098442577,"standard_error":0.02607357588995906}}