{"mean":{"confidence_interval":{"confidence_level":0.95,"lower_bound":-0.049269628588850735,"upper_bound":-0.019337464425963645},"point_estimate":-0.0330889320143809,"standard_error":0.0075849061964474085},"median":{"confidence_interval":{"confidence_level":0.95,"lower_bound":-0.03909293033409489,"upper_bound":-0.0199726002623255},"point_estimate":-0.024940691308421914,"standard_error":0.0049602477420973064}}