{"mean":{"confidence_interval":{"confidence_level":0.95,"lower_bound":-0.03746687843240168,"upper_bound":-0.007898516600815798},"point_estimate":-0.023416430673132038,"standard_error":0.007482500911364676},"median":{"confidence_interval":{"confidence_level":0.95,"lower_bound":-0.042570165682477734,"upper_bound":-0.001967833696118688},"point_estimate":-0.017139008462613847,"standard_error":0.011641016538915637}}