{"mean":{"confidence_interval":{"confidence_level":0.95,"lower_bound":0.03124153817996911,"upper_bound":0.06290588703059134},"point_estimate":0.04782296271203079,"standard_error":0.008105665843479505},"median":{"confidence_interval":{"confidence_level":0.95,"lower_bound":0.021286444471925403,"upper_bound":0.04057146324686123},"point_estimate":0.02719765278123587,"standard_error":0.004527560133035447}}