{"mean":{"confidence_interval":{"confidence_level":0.95,"lower_bound":0.043318436083106704,"upper_bound":0.07594703592857242},"point_estimate":0.058422026067610267,"standard_error":0.008364546984367205},"median":{"confidence_interval":{"confidence_level":0.95,"lower_bound":0.03081377342921443,"upper_bound":0.07532243748588296},"point_estimate":0.04562519184058922,"standard_error":0.013045863202737209}}