{"mean":{"confidence_interval":{"confidence_level":0.95,"lower_bound":0.017391290088709654,"upper_bound":0.054447130902449986},"point_estimate":0.035351569980156095,"standard_error":0.00948568634946601},"median":{"confidence_interval":{"confidence_level":0.95,"lower_bound":0.0254202922781539,"upper_bound":0.06967906452533246},"point_estimate":0.05337197244667169,"standard_error":0.012573133591267008}}