{"mean":{"confidence_interval":{"confidence_level":0.95,"lower_bound":-0.29873914041877886,"upper_bound":-0.2846119924194819},"point_estimate":-0.2921000898126739,"standard_error":0.0035976037668891685},"median":{"confidence_interval":{"confidence_level":0.95,"lower_bound":-0.29721850720023546,"upper_bound":-0.28870646238674524},"point_estimate":-0.29118130638163,"standard_error":0.0020648990593816426}}