{"mean":{"confidence_interval":{"confidence_level":0.95,"lower_bound":-0.4393858699445952,"upper_bound":-0.3873291327009257},"point_estimate":-0.41558959420210617,"standard_error":0.01326837899272853},"median":{"confidence_interval":{"confidence_level":0.95,"lower_bound":-0.46981529707196334,"upper_bound":-0.43438394950382064},"point_estimate":-0.46428264085917825,"standard_error":0.008937158136739225}}