{"mean":{"confidence_interval":{"confidence_level":0.95,"lower_bound":-0.02576548513108917,"upper_bound":-0.01703543198400022},"point_estimate":-0.02161342027587776,"standard_error":0.0022683612859050934},"median":{"confidence_interval":{"confidence_level":0.95,"lower_bound":-0.03085876755056268,"upper_bound":-0.027655324522767644},"point_estimate":-0.0299875101810676,"standard_error":0.0008072372147631105}}