{"mean":{"confidence_interval":{"confidence_level":0.95,"lower_bound":-0.061262721872552335,"upper_bound":-0.05439401702793303},"point_estimate":-0.057967996388522236,"standard_error":0.0017838441122945761},"median":{"confidence_interval":{"confidence_level":0.95,"lower_bound":-0.0596263838509542,"upper_bound":-0.049963770761634385},"point_estimate":-0.05475188653848262,"standard_error":0.0023650290840211037}}