{"mean":{"confidence_interval":{"confidence_level":0.95,"lower_bound":0.06658872476619372,"upper_bound":0.07039176379010409},"point_estimate":0.06853505157183037,"standard_error":0.0009639761816605322},"median":{"confidence_interval":{"confidence_level":0.95,"lower_bound":0.06786053551949078,"upper_bound":0.07156582903514619},"point_estimate":0.06966760617956447,"standard_error":0.0009640510753368602}}