{"mean":{"confidence_interval":{"confidence_level":0.95,"lower_bound":-0.011333600720777603,"upper_bound":-0.002134525849828403},"point_estimate":-0.0066718836436986395,"standard_error":0.002353582104218386},"median":{"confidence_interval":{"confidence_level":0.95,"lower_bound":-0.0008573920286711889,"upper_bound":0.0018090489250224093},"point_estimate":0.0010219907590549582,"standard_error":0.0009162758179221336}}