{"mean":{"confidence_interval":{"confidence_level":0.95,"lower_bound":-0.01643543737986531,"upper_bound":-0.007872070483662218},"point_estimate":-0.011955951991761249,"standard_error":0.002190371676762213},"median":{"confidence_interval":{"confidence_level":0.95,"lower_bound":-0.005621643969099588,"upper_bound":-0.0030009401109419853},"point_estimate":-0.00375215411576868,"standard_error":0.0008745884083662228}}