{"mean":{"confidence_interval":{"confidence_level":0.95,"lower_bound":0.0178206909724097,"upper_bound":0.02069497609180789},"point_estimate":0.019264099608623964,"standard_error":0.0007212152881166151},"median":{"confidence_interval":{"confidence_level":0.95,"lower_bound":0.017907198325004536,"upper_bound":0.020025828796552014},"point_estimate":0.019063729579244182,"standard_error":0.0006981871927052452}}