{"mean":{"confidence_interval":{"confidence_level":0.95,"lower_bound":-0.011799345387958626,"upper_bound":-0.005190241009803365},"point_estimate":-0.008804427067016674,"standard_error":0.0017323125711945792},"median":{"confidence_interval":{"confidence_level":0.95,"lower_bound":-0.011013305771644166,"upper_bound":-0.0068406555560268645},"point_estimate":-0.00854729632293516,"standard_error":0.0009400401976841574}}