{"mean":{"confidence_interval":{"confidence_level":0.95,"lower_bound":-0.4202752009773944,"upper_bound":-0.36518111522962293},"point_estimate":-0.39323239529139864,"standard_error":0.014031870274022968},"median":{"confidence_interval":{"confidence_level":0.95,"lower_bound":-0.409138180523133,"upper_bound":-0.3972738413395067},"point_estimate":-0.40336270849242506,"standard_error":0.003532363939091889}}