{"mean":{"confidence_interval":{"confidence_level":0.95,"lower_bound":0.046759001936393284,"upper_bound":0.1505833465383961},"point_estimate":0.0984409866026108,"standard_error":0.026152034064546664},"median":{"confidence_interval":{"confidence_level":0.95,"lower_bound":0.09024277498951383,"upper_bound":0.10117445224291965},"point_estimate":0.09264437676728421,"standard_error":0.002974770432444803}}