{"mean":{"confidence_interval":{"confidence_level":0.95,"lower_bound":-0.4375557046592557,"upper_bound":-0.382224609454849},"point_estimate":-0.4106953756107441,"standard_error":0.01408284770197576},"median":{"confidence_interval":{"confidence_level":0.95,"lower_bound":-0.43503021614419546,"upper_bound":-0.3999622361867244},"point_estimate":-0.41652278164768064,"standard_error":0.012142107249600149}}