{"mean":{"confidence_interval":{"confidence_level":0.95,"lower_bound":0.1083816645191644,"upper_bound":0.21332806551941608},"point_estimate":0.16007705538581996,"standard_error":0.02672484509378492},"median":{"confidence_interval":{"confidence_level":0.95,"lower_bound":0.1300978196723892,"upper_bound":0.20307746417884065},"point_estimate":0.1659649977850559,"standard_error":0.02469654544111725}}