{"mean":{"confidence_interval":{"confidence_level":0.95,"lower_bound":7456256.642666667,"upper_bound":7490829.848333335},"point_estimate":7473916.753333334,"standard_error":8812.345685593213},"median":{"confidence_interval":{"confidence_level":0.95,"lower_bound":7469565.5,"upper_bound":7494042.833333334},"point_estimate":7483753.5,"standard_error":6267.407690584421},"median_abs_dev":{"confidence_interval":{"confidence_level":0.95,"lower_bound":24928.18885743641,"upper_bound":61742.628803850144},"point_estimate":39160.65440475941,"standard_error":9389.076559288764},"slope":null,"std_dev":{"confidence_interval":{"confidence_level":0.95,"lower_bound":45919.30706358463,"upper_bound":76050.26915019962},"point_estimate":62636.033496583164,"standard_error":7695.849366003555}}