{"mean":{"confidence_interval":{"confidence_level":0.95,"lower_bound":-0.017359948657298747,"upper_bound":-0.012189184551568508},"point_estimate":-0.01488344992211732,"standard_error":0.0013244239210606931},"median":{"confidence_interval":{"confidence_level":0.95,"lower_bound":-0.018561723354315274,"upper_bound":-0.014713350928364566},"point_estimate":-0.017109112907519708,"standard_error":0.0010100219628849747}}