{"mean":{"confidence_interval":{"confidence_level":0.95,"lower_bound":0.018396865226879333,"upper_bound":0.021027681207702806},"point_estimate":0.019769245815150827,"standard_error":0.0006710553625955487},"median":{"confidence_interval":{"confidence_level":0.95,"lower_bound":0.019767981181193717,"upper_bound":0.021557631362580265},"point_estimate":0.020870498066225984,"standard_error":0.0004713892777068301}}