{"mean":{"confidence_interval":{"confidence_level":0.95,"lower_bound":-0.05051829140820873,"upper_bound":-0.04595935017119464},"point_estimate":-0.048150047064696166,"standard_error":0.001164019588216118},"median":{"confidence_interval":{"confidence_level":0.95,"lower_bound":-0.048725500908414654,"upper_bound":-0.046267868481114416},"point_estimate":-0.04728950079184391,"standard_error":0.0005902722076776963}}