{"mean":{"confidence_interval":{"confidence_level":0.95,"lower_bound":-0.053761308145418726,"upper_bound":-0.05157990608794209},"point_estimate":-0.05268011700408759,"standard_error":0.0005544361898330143},"median":{"confidence_interval":{"confidence_level":0.95,"lower_bound":-0.05364349458934159,"upper_bound":-0.05190130172615359},"point_estimate":-0.05279471967888194,"standard_error":0.0004395391290750039}}