{"mean":{"confidence_interval":{"confidence_level":0.95,"lower_bound":-0.04487109436960521,"upper_bound":-0.04068730149111216},"point_estimate":-0.04264229531573094,"standard_error":0.0010729345093716926},"median":{"confidence_interval":{"confidence_level":0.95,"lower_bound":-0.0421616051475463,"upper_bound":-0.03979090553369291},"point_estimate":-0.04064050064432412,"standard_error":0.0005664942850181283}}