{"mean":{"confidence_interval":{"confidence_level":0.95,"lower_bound":0.03800432151334696,"upper_bound":0.04065474453590803},"point_estimate":0.039391367937852584,"standard_error":0.0006675530260414315},"median":{"confidence_interval":{"confidence_level":0.95,"lower_bound":0.038719905861472004,"upper_bound":0.040953791985626875},"point_estimate":0.03994460356513452,"standard_error":0.0005725942340221777}}