{"mean":{"confidence_interval":{"confidence_level":0.95,"lower_bound":992.4330299108378,"upper_bound":998.7610070204231},"point_estimate":995.7081139489216,"standard_error":1.6183677154781204},"median":{"confidence_interval":{"confidence_level":0.95,"lower_bound":995.7222655954274,"upper_bound":1000.473405486856},"point_estimate":998.3170588235294,"standard_error":1.144582219280878},"median_abs_dev":{"confidence_interval":{"confidence_level":0.95,"lower_bound":5.841425546088843,"upper_bound":13.861342415656793},"point_estimate":9.541712790231712,"standard_error":1.9570088385832842},"slope":{"confidence_interval":{"confidence_level":0.95,"lower_bound":990.2753326038545,"upper_bound":998.1320869535512},"point_estimate":994.4339737898654,"standard_error":2.0155648844768588},"std_dev":{"confidence_interval":{"confidence_level":0.95,"lower_bound":8.888439945353321,"upper_bound":13.68711168349942},"point_estimate":11.595763764422502,"standard_error":1.2292504077437842}}