{"mean":{"confidence_interval":{"confidence_level":0.95,"lower_bound":-0.027864576308798007,"upper_bound":0.0066304136429479205},"point_estimate":-0.00979184781516984,"standard_error":0.008778887955976228},"median":{"confidence_interval":{"confidence_level":0.95,"lower_bound":-0.01816126079749003,"upper_bound":0.01278840603070619},"point_estimate":0.0001709180974280855,"standard_error":0.0083686890815242}}