{"mean":{"confidence_interval":{"confidence_level":0.95,"lower_bound":-0.022591971898915448,"upper_bound":0.009259870493724343},"point_estimate":-0.007636475948640031,"standard_error":0.008227926017649627},"median":{"confidence_interval":{"confidence_level":0.95,"lower_bound":-0.010620823464427498,"upper_bound":0.007567354393036574},"point_estimate":-0.0053660403838393655,"standard_error":0.00483557480316078}}