{"mean":{"confidence_interval":{"confidence_level":0.95,"lower_bound":-0.15912248367112125,"upper_bound":-0.1311231164209431},"point_estimate":-0.1445890053163178,"standard_error":0.007074223098364352},"median":{"confidence_interval":{"confidence_level":0.95,"lower_bound":-0.15490388905687058,"upper_bound":-0.14163920772269556},"point_estimate":-0.14657616361917536,"standard_error":0.00386025357442669}}