{"mean":{"confidence_interval":{"confidence_level":0.95,"lower_bound":-0.04108194502549094,"upper_bound":-0.007493301485971937},"point_estimate":-0.02493484133518209,"standard_error":0.00851233477842709},"median":{"confidence_interval":{"confidence_level":0.95,"lower_bound":-0.049710894749872,"upper_bound":-0.013648314565813169},"point_estimate":-0.029068382408390714,"standard_error":0.010230666226167147}}