{"mean":{"confidence_interval":{"confidence_level":0.95,"lower_bound":-0.04407873591010244,"upper_bound":-0.007272622534219897},"point_estimate":-0.025315608210344065,"standard_error":0.009360596150077703},"median":{"confidence_interval":{"confidence_level":0.95,"lower_bound":-0.04358870060030107,"upper_bound":-0.006334850376625956},"point_estimate":-0.025165945487057972,"standard_error":0.009139838058808952}}