{"mean":{"confidence_interval":{"confidence_level":0.95,"lower_bound":-0.0567660731385402,"upper_bound":-0.017167208450316718},"point_estimate":-0.03912407567390397,"standard_error":0.010210259155308044},"median":{"confidence_interval":{"confidence_level":0.95,"lower_bound":-0.06507948534742458,"upper_bound":-0.04032440216358046},"point_estimate":-0.05750795621558924,"standard_error":0.0061809743674572475}}