{"mean":{"confidence_interval":{"confidence_level":0.95,"lower_bound":-0.037204577805847704,"upper_bound":-0.034842945333724167},"point_estimate":-0.03596101521957484,"standard_error":0.0006038296555573357},"median":{"confidence_interval":{"confidence_level":0.95,"lower_bound":-0.0364119579206732,"upper_bound":-0.03379319011272863},"point_estimate":-0.034871852859402086,"standard_error":0.0007110116240785592}}