{"mean":{"confidence_interval":{"confidence_level":0.95,"lower_bound":-0.025957667663647488,"upper_bound":0.10363060319047623},"point_estimate":0.032393102442439536,"standard_error":0.0329206960211875},"median":{"confidence_interval":{"confidence_level":0.95,"lower_bound":-0.06088118372851592,"upper_bound":0.13214662592745596},"point_estimate":0.0027854453559548187,"standard_error":0.050095294665446696}}