{"mean":{"confidence_interval":{"confidence_level":0.95,"lower_bound":-0.426678684982602,"upper_bound":-0.36026151810095436},"point_estimate":-0.39540243294012367,"standard_error":0.016930903738737464},"median":{"confidence_interval":{"confidence_level":0.95,"lower_bound":-0.44414407689723934,"upper_bound":-0.3303684062805651},"point_estimate":-0.380462600161245,"standard_error":0.03016542084230159}}