{"mean":{"confidence_interval":{"confidence_level":0.95,"lower_bound":0.1263040731251602,"upper_bound":0.25137135485256296},"point_estimate":0.18776975097715543,"standard_error":0.03197185534080756},"median":{"confidence_interval":{"confidence_level":0.95,"lower_bound":0.06829966646349339,"upper_bound":0.2826425031090487},"point_estimate":0.18189633575349728,"standard_error":0.055338978237844574}}