{"mean":{"confidence_interval":{"confidence_level":0.95,"lower_bound":-0.44629188948694154,"upper_bound":-0.3752571337831997},"point_estimate":-0.4125686096012514,"standard_error":0.018254001514594973},"median":{"confidence_interval":{"confidence_level":0.95,"lower_bound":-0.462323922456637,"upper_bound":-0.35545304414194323},"point_estimate":-0.40592350129517885,"standard_error":0.026958482053307167}}