{"mean":{"confidence_interval":{"confidence_level":0.95,"lower_bound":-0.01760230373018301,"upper_bound":-0.005109645288374474},"point_estimate":-0.011115699815514413,"standard_error":0.0031957956058510277},"median":{"confidence_interval":{"confidence_level":0.95,"lower_bound":-0.0036097295954207187,"upper_bound":-0.00020425194320218155},"point_estimate":-0.0022077565895934903,"standard_error":0.001116808364544589}}