{"mean":{"confidence_interval":{"confidence_level":0.95,"lower_bound":-0.005693690322849399,"upper_bound":-0.000606284847827876},"point_estimate":-0.003116738457945467,"standard_error":0.0013018510116988248},"median":{"confidence_interval":{"confidence_level":0.95,"lower_bound":-0.004923638391888474,"upper_bound":-0.000087983041883452},"point_estimate":-0.002698363315901453,"standard_error":0.0012721951197244296}}