{"mean":{"confidence_interval":{"confidence_level":0.95,"lower_bound":0.016883243371238033,"upper_bound":0.030353063332944564},"point_estimate":0.023328536456518112,"standard_error":0.0034204513154950556},"median":{"confidence_interval":{"confidence_level":0.95,"lower_bound":0.011699941397681934,"upper_bound":0.013520662614433299},"point_estimate":0.01242966636703935,"standard_error":0.0005806038675253114}}