{"mean":{"confidence_interval":{"confidence_level":0.95,"lower_bound":0.03511802797990371,"upper_bound":0.048506069529673915},"point_estimate":0.04196714133370083,"standard_error":0.00341675205278216},"median":{"confidence_interval":{"confidence_level":0.95,"lower_bound":0.052699181772050796,"upper_bound":0.05639807712366074},"point_estimate":0.05470167210197352,"standard_error":0.0011055356480410771}}