{"mean":{"confidence_interval":{"confidence_level":0.95,"lower_bound":-0.4119844144606324,"upper_bound":-0.10969805968032564},"point_estimate":-0.24837759135851833,"standard_error":0.09015673644702267},"median":{"confidence_interval":{"confidence_level":0.95,"lower_bound":-0.20555681149117422,"upper_bound":-0.14016420531844787},"point_estimate":-0.18910568930348282,"standard_error":0.016185057907349892}}