{"mean":{"confidence_interval":{"confidence_level":0.95,"lower_bound":7501692.1975,"upper_bound":7563836.64683333},"point_estimate":7533564.786666665,"standard_error":15852.79169250821},"median":{"confidence_interval":{"confidence_level":0.95,"lower_bound":7519281.5,"upper_bound":7609413.333333333},"point_estimate":7576125.166666666,"standard_error":22858.37226906475},"median_abs_dev":{"confidence_interval":{"confidence_level":0.95,"lower_bound":54861.635226011735,"upper_bound":154528.18295657588},"point_estimate":101801.73879265877,"standard_error":27473.534592523094},"slope":null,"std_dev":{"confidence_interval":{"confidence_level":0.95,"lower_bound":93773.13543793706,"upper_bound":127220.5988558272},"point_estimate":113410.98010685337,"standard_error":8540.93894212859}}