{"mean":{"confidence_interval":{"confidence_level":0.95,"lower_bound":9998.023932447268,"upper_bound":10065.083059584802},"point_estimate":10029.092665819,"standard_error":17.141771692104562},"median":{"confidence_interval":{"confidence_level":0.95,"lower_bound":9965.768257619322,"upper_bound":9979.491514770585},"point_estimate":9969.336844197138,"standard_error":4.010574513683306},"median_abs_dev":{"confidence_interval":{"confidence_level":0.95,"lower_bound":9.34917664605937,"upper_bound":29.386999570710614},"point_estimate":14.636889031469885,"standard_error":6.1213931499602205},"slope":{"confidence_interval":{"confidence_level":0.95,"lower_bound":10002.550149909852,"upper_bound":10105.498785179934},"point_estimate":10049.685339608683,"standard_error":26.39447517587487},"std_dev":{"confidence_interval":{"confidence_level":0.95,"lower_bound":77.66845709758769,"upper_bound":155.51282937586765},"point_estimate":122.19735041468726,"standard_error":19.80814602624041}}