{"mean":{"confidence_interval":{"confidence_level":0.95,"lower_bound":9744.594530404653,"upper_bound":9795.506274429987},"point_estimate":9769.360082866893,"standard_error":13.034615729052563},"median":{"confidence_interval":{"confidence_level":0.95,"lower_bound":9708.968181818182,"upper_bound":9763.627555053641},"point_estimate":9727.590187590187,"standard_error":16.289303883933297},"median_abs_dev":{"confidence_interval":{"confidence_level":0.95,"lower_bound":33.27631922396747,"upper_bound":105.80104949093925},"point_estimate":58.4506147766873,"standard_error":20.79180544504188},"slope":{"confidence_interval":{"confidence_level":0.95,"lower_bound":9747.344622525809,"upper_bound":9818.325827761055},"point_estimate":9784.199416681164,"standard_error":18.07547618925893},"std_dev":{"confidence_interval":{"confidence_level":0.95,"lower_bound":74.56558331166876,"upper_bound":106.03654630871773},"point_estimate":93.10275538690891,"standard_error":8.039878149388079}}