{"mean":{"confidence_interval":{"confidence_level":0.95,"lower_bound":0.04006503468923887,"upper_bound":0.04734660031296546},"point_estimate":0.04389060269920342,"standard_error":0.0018616650241628481},"median":{"confidence_interval":{"confidence_level":0.95,"lower_bound":0.03990095839928909,"upper_bound":0.04701501542241249},"point_estimate":0.04452467229768553,"standard_error":0.00154002571520113}}