{"mean":{"confidence_interval":{"confidence_level":0.95,"lower_bound":-0.005989433275705882,"upper_bound":0.004943746131905392},"point_estimate":-0.00036100618615975133,"standard_error":0.002778817700161496},"median":{"confidence_interval":{"confidence_level":0.95,"lower_bound":-0.001417867937735573,"upper_bound":0.006917731675034178},"point_estimate":0.004421112300780017,"standard_error":0.002170105802997356}}