{"mean":{"confidence_interval":{"confidence_level":0.95,"lower_bound":-0.024537142749019778,"upper_bound":-0.016580358559946627},"point_estimate":-0.020602958488199263,"standard_error":0.0020087223596562537},"median":{"confidence_interval":{"confidence_level":0.95,"lower_bound":-0.02536481996889184,"upper_bound":-0.018907925049064578},"point_estimate":-0.02233806554351392,"standard_error":0.0016824612102248322}}