{"mean":{"confidence_interval":{"confidence_level":0.95,"lower_bound":0.00398154418835639,"upper_bound":0.01745199774046788},"point_estimate":0.011420551364569764,"standard_error":0.0034019735521105357},"median":{"confidence_interval":{"confidence_level":0.95,"lower_bound":0.009899101432665258,"upper_bound":0.020857861999595606},"point_estimate":0.01604573326594161,"standard_error":0.0029209923899052334}}