{"mean":{"confidence_interval":{"confidence_level":0.95,"lower_bound":-0.027341662100308195,"upper_bound":-0.016331274348153662},"point_estimate":-0.022023414129670238,"standard_error":0.0028069364253247935},"median":{"confidence_interval":{"confidence_level":0.95,"lower_bound":-0.02946854137141186,"upper_bound":-0.01593437592774194},"point_estimate":-0.0224691106877819,"standard_error":0.0033264572178118798}}