{"mean":{"confidence_interval":{"confidence_level":0.95,"lower_bound":-0.028980214215657014,"upper_bound":-0.015767251324859805},"point_estimate":-0.022653591806548135,"standard_error":0.003382865322169167},"median":{"confidence_interval":{"confidence_level":0.95,"lower_bound":-0.03331095512175131,"upper_bound":-0.021101240988388392},"point_estimate":-0.02886686608332334,"standard_error":0.0032123541936646266}}