{"mean":{"confidence_interval":{"confidence_level":0.95,"lower_bound":0.017328967371139897,"upper_bound":0.026050967875882597},"point_estimate":0.021758557922979316,"standard_error":0.002215385624310144},"median":{"confidence_interval":{"confidence_level":0.95,"lower_bound":0.022329627154792586,"upper_bound":0.03324889434205924},"point_estimate":0.02809249308038808,"standard_error":0.0023853653974748746}}