{"mean":{"confidence_interval":{"confidence_level":0.95,"lower_bound":0.029221984319555295,"upper_bound":0.037818754397692445},"point_estimate":0.03366753219761187,"standard_error":0.0022069979374059255},"median":{"confidence_interval":{"confidence_level":0.95,"lower_bound":0.03632479147909473,"upper_bound":0.04299956426402499},"point_estimate":0.04112773282499971,"standard_error":0.0014564518756335306}}