{"mean":{"confidence_interval":{"confidence_level":0.95,"lower_bound":0.0008462121472293917,"upper_bound":0.013331282246089631},"point_estimate":0.00724415397900291,"standard_error":0.003192366492627253},"median":{"confidence_interval":{"confidence_level":0.95,"lower_bound":0.0029710285288437888,"upper_bound":0.016219107900113938},"point_estimate":0.00790303309999052,"standard_error":0.003690017986085767}}