{"mean":{"confidence_interval":{"confidence_level":0.95,"lower_bound":-0.028673950515639687,"upper_bound":-0.02078822288791615},"point_estimate":-0.024770407371196734,"standard_error":0.0019999234123312124},"median":{"confidence_interval":{"confidence_level":0.95,"lower_bound":-0.035156015737900836,"upper_bound":-0.028298346284152842},"point_estimate":-0.033123445687113895,"standard_error":0.0015098146132410256}}