{"mean":{"confidence_interval":{"confidence_level":0.95,"lower_bound":-0.010643525731919264,"upper_bound":-0.005670249329123844},"point_estimate":-0.008284630124235637,"standard_error":0.001276153222663764},"median":{"confidence_interval":{"confidence_level":0.95,"lower_bound":-0.012075598870583404,"upper_bound":-0.01009819043691429},"point_estimate":-0.01104379832473601,"standard_error":0.0005175752366426958}}