{"mean":{"confidence_interval":{"confidence_level":0.95,"lower_bound":-0.007530179340866416,"upper_bound":0.0023855292011625284},"point_estimate":-0.0023394741337405822,"standard_error":0.002533734318961893},"median":{"confidence_interval":{"confidence_level":0.95,"lower_bound":-0.003959453223409959,"upper_bound":0.0074569360485127285},"point_estimate":0.004307853980130005,"standard_error":0.0034358966215496636}}