{"mean":{"confidence_interval":{"confidence_level":0.95,"lower_bound":-0.027306041147059253,"upper_bound":-0.018363993208504903},"point_estimate":-0.022867764306507832,"standard_error":0.0022872503882449403},"median":{"confidence_interval":{"confidence_level":0.95,"lower_bound":-0.03218867946637827,"upper_bound":-0.026934548157617533},"point_estimate":-0.030673242200187523,"standard_error":0.0013934363130827811}}