{"mean":{"confidence_interval":{"confidence_level":0.95,"lower_bound":-0.04767536996827064,"upper_bound":-0.03765622678020075},"point_estimate":-0.0428429136261802,"standard_error":0.002548446723479046},"median":{"confidence_interval":{"confidence_level":0.95,"lower_bound":-0.05252054067822165,"upper_bound":-0.04312541037532858},"point_estimate":-0.0506835949319453,"standard_error":0.0021924606465304176}}