{"mean":{"confidence_interval":{"confidence_level":0.95,"lower_bound":-0.01648244515371247,"upper_bound":-0.005584844726105986},"point_estimate":-0.01102237021841379,"standard_error":0.0027955123327482742},"median":{"confidence_interval":{"confidence_level":0.95,"lower_bound":-0.023896006706429773,"upper_bound":0.00010468138759356371},"point_estimate":-0.009807068004506925,"standard_error":0.006524515370424695}}