{"mean":{"confidence_interval":{"confidence_level":0.95,"lower_bound":0.02087668652789909,"upper_bound":0.023482171430250665},"point_estimate":0.022228159436659345,"standard_error":0.0006656545609063523},"median":{"confidence_interval":{"confidence_level":0.95,"lower_bound":0.022367871563580666,"upper_bound":0.024637014271530422},"point_estimate":0.023329204101458556,"standard_error":0.0006670437782055487}}