{"mean":{"confidence_interval":{"confidence_level":0.95,"lower_bound":0.006595005591270756,"upper_bound":0.017994868828205446},"point_estimate":0.012075515416582805,"standard_error":0.002898493749167482},"median":{"confidence_interval":{"confidence_level":0.95,"lower_bound":0.002728028384926251,"upper_bound":0.013118214008998041},"point_estimate":0.005008844535365986,"standard_error":0.0023995093310649855}}