{"mean":{"confidence_interval":{"confidence_level":0.95,"lower_bound":0.03750181732791736,"upper_bound":0.04935159330650074},"point_estimate":0.04394819639982295,"standard_error":0.002971901105134683},"median":{"confidence_interval":{"confidence_level":0.95,"lower_bound":0.04593595303325837,"upper_bound":0.05756918735912331},"point_estimate":0.05538712128193368,"standard_error":0.002848892795974609}}