{"mean":{"confidence_interval":{"confidence_level":0.95,"lower_bound":0.015423707335510368,"upper_bound":0.0205747656028135},"point_estimate":0.01776128044401659,"standard_error":0.0012997712248316235},"median":{"confidence_interval":{"confidence_level":0.95,"lower_bound":0.014520689242526696,"upper_bound":0.018827078270867048},"point_estimate":0.01670685974914332,"standard_error":0.0010439257475003993}}