{"mean":{"confidence_interval":{"confidence_level":0.95,"lower_bound":-0.30699227134216944,"upper_bound":-0.2820646715931071},"point_estimate":-0.29577682302321595,"standard_error":0.006364158616008911},"median":{"confidence_interval":{"confidence_level":0.95,"lower_bound":-0.31645562482046996,"upper_bound":-0.31098411584950153},"point_estimate":-0.3151087208259752,"standard_error":0.001410805803892541}}