{"mean":{"confidence_interval":{"confidence_level":0.95,"lower_bound":203.52575396500868,"upper_bound":206.21471215643672},"point_estimate":204.5949828856948,"standard_error":0.7112858493193677},"median":{"confidence_interval":{"confidence_level":0.95,"lower_bound":203.80698507462688,"upper_bound":204.91689765458423},"point_estimate":204.33863730608044,"standard_error":0.2720416421930847},"median_abs_dev":{"confidence_interval":{"confidence_level":0.95,"lower_bound":0.8752750002390195,"upper_bound":2.2670152133486927},"point_estimate":1.4245881820907218,"standard_error":0.3629040427396613},"slope":{"confidence_interval":{"confidence_level":0.95,"lower_bound":203.220267483046,"upper_bound":204.476872262244},"point_estimate":203.89357201346624,"standard_error":0.32168658464772504},"std_dev":{"confidence_interval":{"confidence_level":0.95,"lower_bound":1.560309953972889,"upper_bound":8.328060283775782},"point_estimate":5.089922073070143,"standard_error":2.229412211744636}}