{"mean":{"confidence_interval":{"confidence_level":0.95,"lower_bound":5069.014758924989,"upper_bound":5142.991543612356},"point_estimate":5104.963375263642,"standard_error":18.890342476501168},"median":{"confidence_interval":{"confidence_level":0.95,"lower_bound":5033.47050893158,"upper_bound":5164.0506487899365},"point_estimate":5128.680541571319,"standard_error":31.74512126304471},"median_abs_dev":{"confidence_interval":{"confidence_level":0.95,"lower_bound":74.60172978822403,"upper_bound":176.22457707381508},"point_estimate":137.21661793462857,"standard_error":30.824256219078688},"slope":{"confidence_interval":{"confidence_level":0.95,"lower_bound":5133.072515976531,"upper_bound":5182.913941494639},"point_estimate":5159.669558464798,"standard_error":12.765136380939733},"std_dev":{"confidence_interval":{"confidence_level":0.95,"lower_bound":100.95912061364679,"upper_bound":173.99920475562539},"point_estimate":134.8740020630395,"standard_error":19.951023340671302}}