{"mean":{"confidence_interval":{"confidence_level":0.95,"lower_bound":4337.226560671427,"upper_bound":4367.175699807023},"point_estimate":4352.983638311031,"standard_error":7.643446352454085},"median":{"confidence_interval":{"confidence_level":0.95,"lower_bound":4353.5768421052635,"upper_bound":4369.353125},"point_estimate":4363.641051373955,"standard_error":4.118613918496457},"median_abs_dev":{"confidence_interval":{"confidence_level":0.95,"lower_bound":15.452833904696268,"upper_bound":46.111440926457234},"point_estimate":31.537283873793108,"standard_error":8.563909131797065},"slope":{"confidence_interval":{"confidence_level":0.95,"lower_bound":4378.943985397181,"upper_bound":4395.982096238364},"point_estimate":4388.457855794992,"standard_error":4.350442311204296},"std_dev":{"confidence_interval":{"confidence_level":0.95,"lower_bound":33.13904219892959,"upper_bound":70.92320424008453},"point_estimate":54.63897093126301,"standard_error":9.572883234187074}}