{"mean":{"confidence_interval":{"confidence_level":0.95,"lower_bound":-0.008090334925438038,"upper_bound":0.002696805581630546},"point_estimate":-0.002468204227843329,"standard_error":0.0027611157811332906},"median":{"confidence_interval":{"confidence_level":0.95,"lower_bound":-0.0018442905330163795,"upper_bound":0.010148153552447248},"point_estimate":0.007140108044996429,"standard_error":0.0031261742803540544}}