{"mean":{"confidence_interval":{"confidence_level":0.95,"lower_bound":0.06084151022403931,"upper_bound":0.07714929565075844},"point_estimate":0.0680546675564222,"standard_error":0.004088212540805969},"median":{"confidence_interval":{"confidence_level":0.95,"lower_bound":0.06538786528991958,"upper_bound":0.07157052684694132},"point_estimate":0.06812681742103499,"standard_error":0.0016044738059401798}}