{"mean":{"confidence_interval":{"confidence_level":0.95,"lower_bound":-0.04722628054803937,"upper_bound":-0.03717197590371953},"point_estimate":-0.042703741327182576,"standard_error":0.0026137212127640462},"median":{"confidence_interval":{"confidence_level":0.95,"lower_bound":-0.05667504073577612,"upper_bound":-0.0439594553373247},"point_estimate":-0.053180719850830505,"standard_error":0.0031831640679051707}}