{"mean":{"confidence_interval":{"confidence_level":0.95,"lower_bound":-0.023785198167290085,"upper_bound":-0.011124589977389299},"point_estimate":-0.016427073880301735,"standard_error":0.0032978754829372276},"median":{"confidence_interval":{"confidence_level":0.95,"lower_bound":-0.016553736577534117,"upper_bound":-0.011323590684009788},"point_estimate":-0.014055253532862855,"standard_error":0.0013502332778215493}}