{"mean":{"confidence_interval":{"confidence_level":0.95,"lower_bound":-0.006451286484550572,"upper_bound":0.006203123644118757},"point_estimate":-0.00015253110788415736,"standard_error":0.0032342986833280764},"median":{"confidence_interval":{"confidence_level":0.95,"lower_bound":-0.005452814631128788,"upper_bound":0.01121143744767017},"point_estimate":0.0032604662586557254,"standard_error":0.003950740275541873}}