{"mean":{"confidence_interval":{"confidence_level":0.95,"lower_bound":-0.022078703307582614,"upper_bound":-0.010777258685557255},"point_estimate":-0.01664880347495068,"standard_error":0.0028661279895474713},"median":{"confidence_interval":{"confidence_level":0.95,"lower_bound":-0.02081468372220033,"upper_bound":-0.010178681356126984},"point_estimate":-0.013292757140126121,"standard_error":0.002622994710701267}}