{"mean":{"confidence_interval":{"confidence_level":0.95,"lower_bound":-0.023844903217394187,"upper_bound":-0.005851807703680937},"point_estimate":-0.014864855697610535,"standard_error":0.004582369379925189},"median":{"confidence_interval":{"confidence_level":0.95,"lower_bound":-0.02829751897451771,"upper_bound":-0.0017864498995405764},"point_estimate":-0.017846313257873225,"standard_error":0.006984016175026033}}