{"mean":{"confidence_interval":{"confidence_level":0.95,"lower_bound":-0.039340440865811455,"upper_bound":-0.019462932957510226},"point_estimate":-0.02945098532766821,"standard_error":0.005065586272741733},"median":{"confidence_interval":{"confidence_level":0.95,"lower_bound":-0.04860473034274415,"upper_bound":-0.015123150198874669},"point_estimate":-0.033913175216533586,"standard_error":0.008633672396664509}}