{"mean":{"confidence_interval":{"confidence_level":0.95,"lower_bound":0.008114304474061399,"upper_bound":0.024532261587922564},"point_estimate":0.015778672415611483,"standard_error":0.004207256312531806},"median":{"confidence_interval":{"confidence_level":0.95,"lower_bound":0.00449985024661359,"upper_bound":0.029248427095992433},"point_estimate":0.012251108000220334,"standard_error":0.0063908239730564665}}