{"mean":{"confidence_interval":{"confidence_level":0.95,"lower_bound":0.007019142311293969,"upper_bound":0.027499869382286133},"point_estimate":0.017558719914277043,"standard_error":0.005280969301143817},"median":{"confidence_interval":{"confidence_level":0.95,"lower_bound":-0.0020910463047151273,"upper_bound":0.03860464424484644},"point_estimate":0.0172334139422734,"standard_error":0.009935996122961643}}