{"mean":{"confidence_interval":{"confidence_level":0.95,"lower_bound":-0.048301431139304636,"upper_bound":-0.03102872578656646},"point_estimate":-0.039651289084784436,"standard_error":0.004426661729169352},"median":{"confidence_interval":{"confidence_level":0.95,"lower_bound":-0.060126872705367096,"upper_bound":-0.028806702798335082},"point_estimate":-0.04310339353523629,"standard_error":0.008477994116802109}}