{"mean":{"confidence_interval":{"confidence_level":0.95,"lower_bound":0.002280212054504085,"upper_bound":0.02253948954915529},"point_estimate":0.01274591463179009,"standard_error":0.005165536587598155},"median":{"confidence_interval":{"confidence_level":0.95,"lower_bound":0.0005009834542515357,"upper_bound":0.031192600695389983},"point_estimate":0.01727016275181459,"standard_error":0.007773351592263632}}