{"mean":{"confidence_interval":{"confidence_level":0.95,"lower_bound":-0.11077338773094876,"upper_bound":-0.09660364706552138},"point_estimate":-0.10388050153034778,"standard_error":0.0036183644511282673},"median":{"confidence_interval":{"confidence_level":0.95,"lower_bound":-0.11368584562817574,"upper_bound":-0.09642797405944248},"point_estimate":-0.10713115166058651,"standard_error":0.004510516153879077}}