{"mean":{"confidence_interval":{"confidence_level":0.95,"lower_bound":-0.02297824197279415,"upper_bound":-0.0062860865745760575},"point_estimate":-0.014611038095019957,"standard_error":0.004280413440228432},"median":{"confidence_interval":{"confidence_level":0.95,"lower_bound":-0.0241450342795706,"upper_bound":0.003732432021046117},"point_estimate":-0.012012800969765314,"standard_error":0.006705295756928581}}