{"mean":{"confidence_interval":{"confidence_level":0.95,"lower_bound":-0.033281828861290164,"upper_bound":-0.005113701947801506},"point_estimate":-0.01931564820712961,"standard_error":0.007182774328752832},"median":{"confidence_interval":{"confidence_level":0.95,"lower_bound":-0.045599019872986424,"upper_bound":0.0120821569338172},"point_estimate":-0.018482008426450425,"standard_error":0.014118010002739942}}