{"mean":{"confidence_interval":{"confidence_level":0.95,"lower_bound":-0.029466675461538597,"upper_bound":0.001940248917571737},"point_estimate":-0.013860911502625028,"standard_error":0.008179866728683852},"median":{"confidence_interval":{"confidence_level":0.95,"lower_bound":-0.05177899153068721,"upper_bound":0.002541221362049928},"point_estimate":-0.01649004445666613,"standard_error":0.014676208320957703}}