{"mean":{"confidence_interval":{"confidence_level":0.95,"lower_bound":0.0525824301181419,"upper_bound":0.07395175737781234},"point_estimate":0.06390259339939797,"standard_error":0.0054419482454417445},"median":{"confidence_interval":{"confidence_level":0.95,"lower_bound":0.0475286688713652,"upper_bound":0.07899878537164112},"point_estimate":0.06755519211108019,"standard_error":0.008088224817494907}}