{"mean":{"confidence_interval":{"confidence_level":0.95,"lower_bound":-0.03507928383465564,"upper_bound":-0.006479561996374267},"point_estimate":-0.021095807573218828,"standard_error":0.007299671236879761},"median":{"confidence_interval":{"confidence_level":0.95,"lower_bound":-0.04052486254329013,"upper_bound":0.0175437808449721},"point_estimate":-0.013270194258595436,"standard_error":0.014561231023265259}}