{"mean":{"confidence_interval":{"confidence_level":0.95,"lower_bound":-0.05980728311766195,"upper_bound":-0.0503068551029519},"point_estimate":-0.05504754796675415,"standard_error":0.002419833034814601},"median":{"confidence_interval":{"confidence_level":0.95,"lower_bound":-0.06274653144208164,"upper_bound":-0.04959161098752196},"point_estimate":-0.05408937387760415,"standard_error":0.00424217252469722}}