{"mean":{"confidence_interval":{"confidence_level":0.95,"lower_bound":244.79898218943273,"upper_bound":248.7898575282253},"point_estimate":246.86432996555314,"standard_error":1.0171089522459984},"median":{"confidence_interval":{"confidence_level":0.95,"lower_bound":246.0121945449814,"upper_bound":248.9740747640338},"point_estimate":247.7630593733326,"standard_error":0.7907044567298684},"median_abs_dev":{"confidence_interval":{"confidence_level":0.95,"lower_bound":2.5706113472713774,"upper_bound":8.403934551310849},"point_estimate":3.611308030850972,"standard_error":1.504155637444107},"slope":{"confidence_interval":{"confidence_level":0.95,"lower_bound":250.46495774927223,"upper_bound":253.58832428243088},"point_estimate":252.18024088619083,"standard_error":0.797991823056617},"std_dev":{"confidence_interval":{"confidence_level":0.95,"lower_bound":5.053496070809618,"upper_bound":9.364033524821135},"point_estimate":7.273773134697931,"standard_error":1.1240786468987263}}