{"mean":{"confidence_interval":{"confidence_level":0.95,"lower_bound":218.10679278328575,"upper_bound":218.39629233390045},"point_estimate":218.23665373190082,"standard_error":0.0738424974396121},"median":{"confidence_interval":{"confidence_level":0.95,"lower_bound":218.07718171199735,"upper_bound":218.25775488069414},"point_estimate":218.2055043383948,"standard_error":0.05322737375158038},"median_abs_dev":{"confidence_interval":{"confidence_level":0.95,"lower_bound":0.17241956575447973,"upper_bound":0.3374019587158742},"point_estimate":0.2564349605132241,"standard_error":0.04652944190970211},"slope":{"confidence_interval":{"confidence_level":0.95,"lower_bound":218.066227628738,"upper_bound":218.40582858594934},"point_estimate":218.23301341061756,"standard_error":0.08689774404723698},"std_dev":{"confidence_interval":{"confidence_level":0.95,"lower_bound":0.2772491161201575,"upper_bound":0.7754287682461387},"point_estimate":0.5285682706315777,"standard_error":0.1413745197010231}}