{"mean":{"confidence_interval":{"confidence_level":0.95,"lower_bound":2244509.8052222217,"upper_bound":2251273.9822777775},"point_estimate":2248059.6311111115,"standard_error":1723.9674700969545},"median":{"confidence_interval":{"confidence_level":0.95,"lower_bound":2245180.4444444445,"upper_bound":2251707.166666667},"point_estimate":2249485.0,"standard_error":1537.5008075535723},"median_abs_dev":{"confidence_interval":{"confidence_level":0.95,"lower_bound":5538.334568341496,"upper_bound":11359.928098321076},"point_estimate":8389.044851064567,"standard_error":1406.4215785980587},"slope":null,"std_dev":{"confidence_interval":{"confidence_level":0.95,"lower_bound":7971.455911702472,"upper_bound":16008.495564309786},"point_estimate":12290.54260634154,"standard_error":2072.2159755794237}}