{"mean":{"confidence_interval":{"confidence_level":0.95,"lower_bound":-0.03452473620449799,"upper_bound":-0.021650719607405115},"point_estimate":-0.027674308020781524,"standard_error":0.0032953844210774574},"median":{"confidence_interval":{"confidence_level":0.95,"lower_bound":-0.03669952238182839,"upper_bound":-0.022322226751315677},"point_estimate":-0.032073285190588385,"standard_error":0.003914605158353236}}