{"mean":{"confidence_interval":{"confidence_level":0.95,"lower_bound":-0.014686420570950043,"upper_bound":-0.004593697617380167},"point_estimate":-0.009597354442023698,"standard_error":0.002583776599609157},"median":{"confidence_interval":{"confidence_level":0.95,"lower_bound":-0.02044462804931524,"upper_bound":0.005760488428838029},"point_estimate":-0.00336077766525944,"standard_error":0.007713114659877596}}