{"mean":{"confidence_interval":{"confidence_level":0.95,"lower_bound":-0.04505917200049847,"upper_bound":-0.03619796703313714},"point_estimate":-0.04071986796724525,"standard_error":0.002264221237936715},"median":{"confidence_interval":{"confidence_level":0.95,"lower_bound":-0.05210931918629336,"upper_bound":-0.047237992045363386},"point_estimate":-0.05072835201184511,"standard_error":0.0011516712654257852}}