{"mean":{"confidence_interval":{"confidence_level":0.95,"lower_bound":0.03508295202003423,"upper_bound":0.04913006176665304},"point_estimate":0.041634703069357126,"standard_error":0.0035102831578580373},"median":{"confidence_interval":{"confidence_level":0.95,"lower_bound":0.043565974545966224,"upper_bound":0.04916221372166474},"point_estimate":0.04674393989140446,"standard_error":0.0014104610808509017}}