{"mean":{"confidence_interval":{"confidence_level":0.95,"lower_bound":-0.03613709488096584,"upper_bound":-0.022032725364824632},"point_estimate":-0.029154218769650297,"standard_error":0.003587441076994907},"median":{"confidence_interval":{"confidence_level":0.95,"lower_bound":-0.04259855756757713,"upper_bound":-0.014534268370822723},"point_estimate":-0.0335253449656423,"standard_error":0.008104560199436766}}