{"mean":{"confidence_interval":{"confidence_level":0.95,"lower_bound":0.034215959631388015,"upper_bound":0.04250794301365952},"point_estimate":0.038567431372986904,"standard_error":0.0021964172674357016},"median":{"confidence_interval":{"confidence_level":0.95,"lower_bound":0.04243830874470311,"upper_bound":0.046690494374888036},"point_estimate":0.04424207210955644,"standard_error":0.0010681014981898667}}