{"mean":{"confidence_interval":{"confidence_level":0.95,"lower_bound":0.008182411649593352,"upper_bound":0.022813133994041352},"point_estimate":0.015519964602076275,"standard_error":0.00373359770725236},"median":{"confidence_interval":{"confidence_level":0.95,"lower_bound":0.011437953060961648,"upper_bound":0.03906258414251318},"point_estimate":0.026737285955038992,"standard_error":0.007091194666634973}}