{"mean":{"confidence_interval":{"confidence_level":0.95,"lower_bound":-0.02426973644906194,"upper_bound":-0.01149059026055499},"point_estimate":-0.01781795716538892,"standard_error":0.0032685973890965586},"median":{"confidence_interval":{"confidence_level":0.95,"lower_bound":-0.032620885706685754,"upper_bound":-0.007491406789555954},"point_estimate":-0.018713566538816062,"standard_error":0.006716489784477698}}