{"mean":{"confidence_interval":{"confidence_level":0.95,"lower_bound":-0.009980805672823667,"upper_bound":0.00417774137405677},"point_estimate":-0.0027337993943844507,"standard_error":0.003653833788171086},"median":{"confidence_interval":{"confidence_level":0.95,"lower_bound":-0.02580358418891938,"upper_bound":0.007236456942736558},"point_estimate":-0.01431158787738529,"standard_error":0.008362509670169892}}