{"mean":{"confidence_interval":{"confidence_level":0.95,"lower_bound":-0.03376922189627664,"upper_bound":-0.024927373552154686},"point_estimate":-0.02955561627567105,"standard_error":0.0022482673722322415},"median":{"confidence_interval":{"confidence_level":0.95,"lower_bound":-0.0394518973602177,"upper_bound":-0.032487258301067135},"point_estimate":-0.036016320970244875,"standard_error":0.001965878678490192}}