{"mean":{"confidence_interval":{"confidence_level":0.95,"lower_bound":0.004181301969113533,"upper_bound":0.010082971279422683},"point_estimate":0.006996948720176421,"standard_error":0.0015081374097086432},"median":{"confidence_interval":{"confidence_level":0.95,"lower_bound":0.001427975541526461,"upper_bound":0.007379391503789412},"point_estimate":0.0024828924539097574,"standard_error":0.0013816158839789808}}