{"mean":{"confidence_interval":{"confidence_level":0.95,"lower_bound":-0.013275739542649413,"upper_bound":-0.006459185834455594},"point_estimate":-0.009789611720345204,"standard_error":0.001736730972672777},"median":{"confidence_interval":{"confidence_level":0.95,"lower_bound":-0.01074465193990215,"upper_bound":-0.004841003651527806},"point_estimate":-0.006440909938339012,"standard_error":0.0013441240927161893}}