{"mean":{"confidence_interval":{"confidence_level":0.95,"lower_bound":-0.04206308877583753,"upper_bound":-0.03866614422621854},"point_estimate":-0.040133920758451236,"standard_error":0.0008767799865886995},"median":{"confidence_interval":{"confidence_level":0.95,"lower_bound":-0.040867090541574,"upper_bound":-0.03864368014753439},"point_estimate":-0.03983313925392973,"standard_error":0.0005666802434378443}}