{"mean":{"confidence_interval":{"confidence_level":0.95,"lower_bound":0.02297629554771708,"upper_bound":0.028765127479574236},"point_estimate":0.025840159398180296,"standard_error":0.0014885933577492795},"median":{"confidence_interval":{"confidence_level":0.95,"lower_bound":0.021878550254854412,"upper_bound":0.02936245263058744},"point_estimate":0.026072572233693192,"standard_error":0.001955990981279936}}