{"mean":{"confidence_interval":{"confidence_level":0.95,"lower_bound":0.000648759816653133,"upper_bound":0.008512980889746391},"point_estimate":0.004665159959868603,"standard_error":0.0020421167506323753},"median":{"confidence_interval":{"confidence_level":0.95,"lower_bound":0.004505119987308959,"upper_bound":0.01181580277695815},"point_estimate":0.008544100791656906,"standard_error":0.001891577510668903}}