{"mean":{"confidence_interval":{"confidence_level":0.95,"lower_bound":-0.011917736269183223,"upper_bound":-0.0013085053104895637},"point_estimate":-0.006821159669686105,"standard_error":0.0027208491526014593},"median":{"confidence_interval":{"confidence_level":0.95,"lower_bound":-0.007523854446189748,"upper_bound":0.003314835812660677},"point_estimate":0.0007289738123557044,"standard_error":0.0028684022867356126}}