{"mean":{"confidence_interval":{"confidence_level":0.95,"lower_bound":-0.0299582136566295,"upper_bound":-0.01940314688108415},"point_estimate":-0.02488352719326159,"standard_error":0.002697480723217769},"median":{"confidence_interval":{"confidence_level":0.95,"lower_bound":-0.036220038850521274,"upper_bound":-0.02730428520420325},"point_estimate":-0.03443712995362158,"standard_error":0.0025186510590659438}}