{"mean":{"confidence_interval":{"confidence_level":0.95,"lower_bound":-0.03509203471893663,"upper_bound":-0.024171404485822105},"point_estimate":-0.029704493092003736,"standard_error":0.0027980901832838044},"median":{"confidence_interval":{"confidence_level":0.95,"lower_bound":-0.04346911519342022,"upper_bound":-0.034153814047112485},"point_estimate":-0.04171328460255275,"standard_error":0.0026072791499892577}}