{"mean":{"confidence_interval":{"confidence_level":0.95,"lower_bound":-0.0012299581778579176,"upper_bound":0.0036480933813030914},"point_estimate":0.0012078554651095974,"standard_error":0.0012437507970908407},"median":{"confidence_interval":{"confidence_level":0.95,"lower_bound":0.0019512547434345868,"upper_bound":0.007494925273542785},"point_estimate":0.0041876703683978445,"standard_error":0.0015625587251182893}}