{"mean":{"confidence_interval":{"confidence_level":0.95,"lower_bound":-0.006983415142891613,"upper_bound":0.007605664287918534},"point_estimate":0.00013092654595836528,"standard_error":0.003712327212770321},"median":{"confidence_interval":{"confidence_level":0.95,"lower_bound":-0.01790190320447027,"upper_bound":0.0075721302880351615},"point_estimate":-0.014107277904895299,"standard_error":0.0076186351608313356}}