{"mean":{"confidence_interval":{"confidence_level":0.95,"lower_bound":0.03427799382968781,"upper_bound":0.049096857190401924},"point_estimate":0.041437142346547384,"standard_error":0.003854244246718159},"median":{"confidence_interval":{"confidence_level":0.95,"lower_bound":0.032489470755206966,"upper_bound":0.058745521656250466},"point_estimate":0.05462335733043444,"standard_error":0.007757453348661587}}