{"mean":{"confidence_interval":{"confidence_level":0.95,"lower_bound":-0.006817354898953076,"upper_bound":0.0033847240191323446},"point_estimate":-0.0013131407518743865,"standard_error":0.0026088163950171044},"median":{"confidence_interval":{"confidence_level":0.95,"lower_bound":-0.004345962302934381,"upper_bound":0.0009278542133150935},"point_estimate":-0.0027126561200050414,"standard_error":0.001453584007548716}}