{"mean":{"confidence_interval":{"confidence_level":0.95,"lower_bound":-0.05131371453560618,"upper_bound":-0.03622649231377255},"point_estimate":-0.043979944394092696,"standard_error":0.003854058905965713},"median":{"confidence_interval":{"confidence_level":0.95,"lower_bound":-0.06247219838129703,"upper_bound":-0.03842633020401254},"point_estimate":-0.059412880050617956,"standard_error":0.007226795590232543}}