{"mean":{"confidence_interval":{"confidence_level":0.95,"lower_bound":292.84686594572315,"upper_bound":295.4149827122147},"point_estimate":294.19577125696094,"standard_error":0.6532692465976097},"median":{"confidence_interval":{"confidence_level":0.95,"lower_bound":293.3631828630117,"upper_bound":295.8386819294647},"point_estimate":293.7250367619864,"standard_error":0.5778308292391552},"median_abs_dev":{"confidence_interval":{"confidence_level":0.95,"lower_bound":1.1531897436754142,"upper_bound":5.235149729892178},"point_estimate":3.879182028929598,"standard_error":1.0190409870690922},"slope":{"confidence_interval":{"confidence_level":0.95,"lower_bound":294.3134955116079,"upper_bound":296.1215953439212},"point_estimate":295.1035925401579,"standard_error":0.4619754105405531},"std_dev":{"confidence_interval":{"confidence_level":0.95,"lower_bound":3.1437251679042664,"upper_bound":6.223959276938483},"point_estimate":4.685221179646055,"standard_error":0.8224164206854412}}