{"mean":{"confidence_interval":{"confidence_level":0.95,"lower_bound":0.013852263124537245,"upper_bound":0.02809166805238163},"point_estimate":0.021777636204120876,"standard_error":0.0036059073655203546},"median":{"confidence_interval":{"confidence_level":0.95,"lower_bound":0.01209509520877261,"upper_bound":0.027554598038125988},"point_estimate":0.02120235016404237,"standard_error":0.004054998678205956}}