{"mean":{"confidence_interval":{"confidence_level":0.95,"lower_bound":0.010987712065944281,"upper_bound":0.019463353734047305},"point_estimate":0.015213959648173736,"standard_error":0.0021606594421706023},"median":{"confidence_interval":{"confidence_level":0.95,"lower_bound":0.007055901902335515,"upper_bound":0.021805000866957025},"point_estimate":0.015167633993043106,"standard_error":0.003848681508952019}}