{"mean":{"confidence_interval":{"confidence_level":0.95,"lower_bound":-0.06767741081462186,"upper_bound":-0.05466852241575638},"point_estimate":-0.06080873357155259,"standard_error":0.003308684130877476},"median":{"confidence_interval":{"confidence_level":0.95,"lower_bound":-0.06579904438297035,"upper_bound":-0.051441295979731905},"point_estimate":-0.05932533826606812,"standard_error":0.0036302520609609945}}