{"mean":{"confidence_interval":{"confidence_level":0.95,"lower_bound":-0.0470642057265103,"upper_bound":-0.02742901873458098},"point_estimate":-0.03672712321796001,"standard_error":0.005006147501358985},"median":{"confidence_interval":{"confidence_level":0.95,"lower_bound":-0.05501562867186771,"upper_bound":-0.020067183024003676},"point_estimate":-0.03143450587536689,"standard_error":0.008170043692779603}}