{"mean":{"confidence_interval":{"confidence_level":0.95,"lower_bound":-0.0061014852668361316,"upper_bound":0.010166005604058592},"point_estimate":0.0022989585733228513,"standard_error":0.0041303079333593435},"median":{"confidence_interval":{"confidence_level":0.95,"lower_bound":-0.012607256773601638,"upper_bound":0.016601106424570133},"point_estimate":-0.0018611689868879289,"standard_error":0.007067371756013063}}