{"mean":{"confidence_interval":{"confidence_level":0.95,"lower_bound":-0.09468656459545388,"upper_bound":-0.09058427851025153},"point_estimate":-0.09266474937398694,"standard_error":0.001047987005652229},"median":{"confidence_interval":{"confidence_level":0.95,"lower_bound":-0.09581975144985988,"upper_bound":-0.09036007773017407},"point_estimate":-0.09323279704668275,"standard_error":0.0015391540972364668}}