{"mean":{"confidence_interval":{"confidence_level":0.95,"lower_bound":3925.3379035601665,"upper_bound":3946.8646226428373},"point_estimate":3936.0871913972037,"standard_error":5.495439260178645},"median":{"confidence_interval":{"confidence_level":0.95,"lower_bound":3905.3709239130435,"upper_bound":3963.971724572981},"point_estimate":3946.203623188406,"standard_error":17.82065890775579},"median_abs_dev":{"confidence_interval":{"confidence_level":0.95,"lower_bound":16.234105819781533,"upper_bound":61.75200114553052},"point_estimate":49.465076966022465,"standard_error":12.425930297254018},"slope":{"confidence_interval":{"confidence_level":0.95,"lower_bound":3951.0417208018807,"upper_bound":3971.778590863215},"point_estimate":3962.3290230685475,"standard_error":5.290646907262878},"std_dev":{"confidence_interval":{"confidence_level":0.95,"lower_bound":34.09660743621792,"upper_bound":43.58549990017427},"point_estimate":39.17884425101472,"standard_error":2.428399511505181}}