{"mean":{"confidence_interval":{"confidence_level":0.95,"lower_bound":4048.13637945574,"upper_bound":4079.2962153592634},"point_estimate":4064.30838755556,"standard_error":7.955286241129678},"median":{"confidence_interval":{"confidence_level":0.95,"lower_bound":4050.39410144223,"upper_bound":4083.7315699006876},"point_estimate":4075.7466726084376,"standard_error":9.127324762970977},"median_abs_dev":{"confidence_interval":{"confidence_level":0.95,"lower_bound":37.38447264915105,"upper_bound":71.83388273862958},"point_estimate":58.745972655802476,"standard_error":8.65685677726983},"slope":{"confidence_interval":{"confidence_level":0.95,"lower_bound":4067.4883865427983,"upper_bound":4101.5618692009775},"point_estimate":4085.6162341355243,"standard_error":8.71152822321239},"std_dev":{"confidence_interval":{"confidence_level":0.95,"lower_bound":43.67051890297365,"upper_bound":68.09853237727631},"point_estimate":56.82466402517688,"standard_error":6.257347230512118}}