{"mean":{"confidence_interval":{"confidence_level":0.95,"lower_bound":-0.4353103520351198,"upper_bound":-0.3885315544061507},"point_estimate":-0.41410844890951737,"standard_error":0.011909485594665616},"median":{"confidence_interval":{"confidence_level":0.95,"lower_bound":-0.45584286408842123,"upper_bound":-0.4405017248935372},"point_estimate":-0.44850279555552475,"standard_error":0.0037472320625772703}}