{"mean":{"confidence_interval":{"confidence_level":0.95,"lower_bound":-0.18379988437315903,"upper_bound":-0.1649279090011013},"point_estimate":-0.1749169332049444,"standard_error":0.0048447249076784},"median":{"confidence_interval":{"confidence_level":0.95,"lower_bound":-0.1982250641193063,"upper_bound":-0.17644608087428204},"point_estimate":-0.1902403000081614,"standard_error":0.005544446836642329}}