{"mean":{"confidence_interval":{"confidence_level":0.95,"lower_bound":-0.011770493405225513,"upper_bound":0.018226229933452576},"point_estimate":0.003352175405539448,"standard_error":0.007529974052962251},"median":{"confidence_interval":{"confidence_level":0.95,"lower_bound":-0.023244784854558054,"upper_bound":0.025260343113767014},"point_estimate":0.0009183150109488558,"standard_error":0.012148328253893398}}