{"mean":{"confidence_interval":{"confidence_level":0.95,"lower_bound":-0.05448989089339917,"upper_bound":-0.023193764205710923},"point_estimate":-0.03953464668708784,"standard_error":0.00801474420464758},"median":{"confidence_interval":{"confidence_level":0.95,"lower_bound":-0.06643280727476986,"upper_bound":-0.019312961469776235},"point_estimate":-0.040015213370760194,"standard_error":0.012993075731921214}}