{"mean":{"confidence_interval":{"confidence_level":0.95,"lower_bound":-0.043471932986053084,"upper_bound":-0.011625803361752545},"point_estimate":-0.02753287831754425,"standard_error":0.00812789130490669},"median":{"confidence_interval":{"confidence_level":0.95,"lower_bound":-0.04240463178727061,"upper_bound":0.0013921908027489938},"point_estimate":-0.024071731338205615,"standard_error":0.010274211442795278}}