{"mean":{"confidence_interval":{"confidence_level":0.95,"lower_bound":-0.07086645978181547,"upper_bound":-0.0421172644743993},"point_estimate":-0.056310446743564335,"standard_error":0.007259646080727201},"median":{"confidence_interval":{"confidence_level":0.95,"lower_bound":-0.07983037419122463,"upper_bound":-0.03432866693510317},"point_estimate":-0.05967136013432606,"standard_error":0.011004570593410647}}