{"mean":{"confidence_interval":{"confidence_level":0.95,"lower_bound":0.05106811259649904,"upper_bound":0.08483306959443948},"point_estimate":0.067454596224227,"standard_error":0.008704855904159647},"median":{"confidence_interval":{"confidence_level":0.95,"lower_bound":0.04588596640330489,"upper_bound":0.10035534832086901},"point_estimate":0.06710884896654301,"standard_error":0.014628116351595794}}