{"mean":{"confidence_interval":{"confidence_level":0.95,"lower_bound":-0.015422973890474674,"upper_bound":-0.0046715291882437615},"point_estimate":-0.010039152006133034,"standard_error":0.0027385248770684933},"median":{"confidence_interval":{"confidence_level":0.95,"lower_bound":-0.02220608358437204,"upper_bound":-0.007615240544416091},"point_estimate":-0.018498106034088746,"standard_error":0.003928800754320194}}