{"mean":{"confidence_interval":{"confidence_level":0.95,"lower_bound":7512408.666166667,"upper_bound":7550493.6205},"point_estimate":7533085.933333332,"standard_error":9765.45421518062},"median":{"confidence_interval":{"confidence_level":0.95,"lower_bound":7535045.333333333,"upper_bound":7561619.166666667},"point_estimate":7546623.0,"standard_error":7731.8644736147135},"median_abs_dev":{"confidence_interval":{"confidence_level":0.95,"lower_bound":23751.992878317833,"upper_bound":49111.37122809933},"point_estimate":33978.47329676197,"standard_error":6069.942825588951},"slope":null,"std_dev":{"confidence_interval":{"confidence_level":0.95,"lower_bound":34157.03933070623,"upper_bound":94084.96510648463},"point_estimate":69747.6264761836,"standard_error":14669.289958246782}}