{"mean":{"confidence_interval":{"confidence_level":0.95,"lower_bound":7336996.824166668,"upper_bound":7382272.085833333},"point_estimate":7359880.793333331,"standard_error":11552.999061853914},"median":{"confidence_interval":{"confidence_level":0.95,"lower_bound":7341384.333333333,"upper_bound":7407227.666666666},"point_estimate":7376018.166666666,"standard_error":19262.911912576328},"median_abs_dev":{"confidence_interval":{"confidence_level":0.95,"lower_bound":57825.5996733913,"upper_bound":134005.5399209261},"point_estimate":102264.3099844451,"standard_error":21785.235427209624},"slope":null,"std_dev":{"confidence_interval":{"confidence_level":0.95,"lower_bound":71425.26137436931,"upper_bound":90845.80421717696},"point_estimate":82672.53456889326,"standard_error":4951.713991638018}}