{"mean":{"confidence_interval":{"confidence_level":0.95,"lower_bound":-0.0012547877993042903,"upper_bound":0.025335460434283696},"point_estimate":0.012370813476246356,"standard_error":0.006665190488500911},"median":{"confidence_interval":{"confidence_level":0.95,"lower_bound":-0.01196724491375356,"upper_bound":0.00879434935529999},"point_estimate":-0.00037799034915519947,"standard_error":0.004748011839113406}}