{"mean":{"confidence_interval":{"confidence_level":0.95,"lower_bound":0.035343469594579624,"upper_bound":0.06491543577895896},"point_estimate":0.049237552966081344,"standard_error":0.007652866692628631},"median":{"confidence_interval":{"confidence_level":0.95,"lower_bound":0.02915505162876908,"upper_bound":0.05850397930946949},"point_estimate":0.044260006284953635,"standard_error":0.006641062164401278}}