{"mean":{"confidence_interval":{"confidence_level":0.95,"lower_bound":-0.04764229969201477,"upper_bound":-0.02589778952190991},"point_estimate":-0.0360981889081291,"standard_error":0.005513756787266572},"median":{"confidence_interval":{"confidence_level":0.95,"lower_bound":-0.04095515330119548,"upper_bound":-0.027544607564286783},"point_estimate":-0.033627741105781594,"standard_error":0.0035857117774897966}}