{"mean":{"confidence_interval":{"confidence_level":0.95,"lower_bound":-0.14050655250475103,"upper_bound":-0.1208793027670666},"point_estimate":-0.1310219270876375,"standard_error":0.005005981556736825},"median":{"confidence_interval":{"confidence_level":0.95,"lower_bound":-0.14380138549214727,"upper_bound":-0.12088470439548527},"point_estimate":-0.13365286937001863,"standard_error":0.004915253244781638}}