{"mean":{"confidence_interval":{"confidence_level":0.95,"lower_bound":0.022241574425888942,"upper_bound":0.0516578112720083},"point_estimate":0.03707990047752796,"standard_error":0.007460523754769719},"median":{"confidence_interval":{"confidence_level":0.95,"lower_bound":0.030975465285616677,"upper_bound":0.06517459898001968},"point_estimate":0.04921062803475862,"standard_error":0.00847421319220046}}