{"mean":{"confidence_interval":{"confidence_level":0.95,"lower_bound":-0.016567749014963155,"upper_bound":0.007997780361236427},"point_estimate":-0.004273129115932028,"standard_error":0.006264225520003679},"median":{"confidence_interval":{"confidence_level":0.95,"lower_bound":-0.0023675743915864294,"upper_bound":0.019450719940079075},"point_estimate":0.007022430042434191,"standard_error":0.005290506782008894}}