{"mean":{"confidence_interval":{"confidence_level":0.95,"lower_bound":-0.041313519572487904,"upper_bound":0.06193681159064868},"point_estimate":0.006971160238078866,"standard_error":0.02568391975934023},"median":{"confidence_interval":{"confidence_level":0.95,"lower_bound":-0.06005141579635545,"upper_bound":0.05855417399906404},"point_estimate":-0.006259792248893614,"standard_error":0.029019486078624722}}