{"mean":{"confidence_interval":{"confidence_level":0.95,"lower_bound":-0.43482804392655416,"upper_bound":-0.3712114911588034},"point_estimate":-0.4040278899790828,"standard_error":0.0162871820797911},"median":{"confidence_interval":{"confidence_level":0.95,"lower_bound":-0.4423641555725375,"upper_bound":-0.348854872633793},"point_estimate":-0.3880356797892983,"standard_error":0.023660822546157305}}