{"mean":{"confidence_interval":{"confidence_level":0.95,"lower_bound":0.12519558603696526,"upper_bound":0.27649062469696895},"point_estimate":0.19358323372801256,"standard_error":0.0385110704977575},"median":{"confidence_interval":{"confidence_level":0.95,"lower_bound":0.13151333262805043,"upper_bound":0.29839247218202236},"point_estimate":0.1981431688540891,"standard_error":0.04163950395711661}}