{"mean":{"confidence_interval":{"confidence_level":0.95,"lower_bound":-0.4076474623448874,"upper_bound":-0.3365074495935686},"point_estimate":-0.3735913722962134,"standard_error":0.018257183616679253},"median":{"confidence_interval":{"confidence_level":0.95,"lower_bound":-0.4100280997209791,"upper_bound":-0.31908374399426154},"point_estimate":-0.36259440909283525,"standard_error":0.022985767414808237}}