{"mean":{"confidence_interval":{"confidence_level":0.95,"lower_bound":-0.06533114039113042,"upper_bound":-0.030794724250025166},"point_estimate":-0.048155430401864874,"standard_error":0.008764848013490693},"median":{"confidence_interval":{"confidence_level":0.95,"lower_bound":-0.0652090774043652,"upper_bound":-0.04022449101090497},"point_estimate":-0.0500699692270401,"standard_error":0.006040872664461573}}