{"mean":{"confidence_interval":{"confidence_level":0.95,"lower_bound":-0.03440339275557169,"upper_bound":-0.00005888691871791529},"point_estimate":-0.017782596320747968,"standard_error":0.008776011970819333},"median":{"confidence_interval":{"confidence_level":0.95,"lower_bound":-0.020895822523164465,"upper_bound":0.0022300100852723492},"point_estimate":-0.011074455520315496,"standard_error":0.005993039878660684}}