{"mean":{"confidence_interval":{"confidence_level":0.95,"lower_bound":0.01928915088975419,"upper_bound":0.0562418440768837},"point_estimate":0.038105795005950016,"standard_error":0.00944888788628344},"median":{"confidence_interval":{"confidence_level":0.95,"lower_bound":0.029550389816275908,"upper_bound":0.05626262813617333},"point_estimate":0.04245751424631372,"standard_error":0.00681930542708907}}