{"mean":{"confidence_interval":{"confidence_level":0.95,"lower_bound":0.0377244723490338,"upper_bound":0.07758443724402107},"point_estimate":0.05678148662893667,"standard_error":0.010194306925954013},"median":{"confidence_interval":{"confidence_level":0.95,"lower_bound":0.042796630093431265,"upper_bound":0.05996809571407313},"point_estimate":0.052565170803094086,"standard_error":0.0046681101902785755}}