{"mean":{"confidence_interval":{"confidence_level":0.95,"lower_bound":-0.07194485450220192,"upper_bound":-0.03827232479045073},"point_estimate":-0.05619188261299768,"standard_error":0.008743377587992452},"median":{"confidence_interval":{"confidence_level":0.95,"lower_bound":-0.06155245995716274,"upper_bound":-0.04624396751399762},"point_estimate":-0.05438228443620219,"standard_error":0.0036883762617228783}}