{"mean":{"confidence_interval":{"confidence_level":0.95,"lower_bound":-0.39470282970835036,"upper_bound":-0.37741515677847093},"point_estimate":-0.38669346218342104,"standard_error":0.004416386395181347},"median":{"confidence_interval":{"confidence_level":0.95,"lower_bound":-0.4012812851819971,"upper_bound":-0.39426652623073033},"point_estimate":-0.39909845710852254,"standard_error":0.0020255878894969537}}