{"mean":{"confidence_interval":{"confidence_level":0.95,"lower_bound":-0.1274082407657774,"upper_bound":-0.11639322540263286},"point_estimate":-0.12216179902886415,"standard_error":0.002811151444193557},"median":{"confidence_interval":{"confidence_level":0.95,"lower_bound":-0.1296311598214842,"upper_bound":-0.1221041194512813},"point_estimate":-0.12585883504545792,"standard_error":0.0017741315005239584}}