{"mean":{"confidence_interval":{"confidence_level":0.95,"lower_bound":0.042284450529742425,"upper_bound":0.05858238293087359},"point_estimate":0.050208779828907035,"standard_error":0.0040658180394961795},"median":{"confidence_interval":{"confidence_level":0.95,"lower_bound":0.045322914547560655,"upper_bound":0.0537512598151475},"point_estimate":0.048941458327458776,"standard_error":0.00220888789754482}}