{"mean":{"confidence_interval":{"confidence_level":0.95,"lower_bound":-0.0434046572766881,"upper_bound":-0.028725453066357903},"point_estimate":-0.03620704890952853,"standard_error":0.003761096943559399},"median":{"confidence_interval":{"confidence_level":0.95,"lower_bound":-0.04162531708447226,"upper_bound":-0.025676937695626623},"point_estimate":-0.036420232631714566,"standard_error":0.003919659453015658}}