{"mean":{"confidence_interval":{"confidence_level":0.95,"lower_bound":-0.0023792028605865594,"upper_bound":0.013106706546850422},"point_estimate":0.005111782952970545,"standard_error":0.003981758967582662},"median":{"confidence_interval":{"confidence_level":0.95,"lower_bound":-0.008164158392050203,"upper_bound":0.0101491995836267},"point_estimate":0.00370187470674721,"standard_error":0.004416346454919404}}