{"mean":{"confidence_interval":{"confidence_level":0.95,"lower_bound":-0.03013031680023325,"upper_bound":-0.016215419312095684},"point_estimate":-0.022515662393283065,"standard_error":0.0035620809631664177},"median":{"confidence_interval":{"confidence_level":0.95,"lower_bound":-0.0224922972530206,"upper_bound":-0.014285362163160675},"point_estimate":-0.017305595374813576,"standard_error":0.0021079047626536567}}