{"mean":{"confidence_interval":{"confidence_level":0.95,"lower_bound":-0.05257260616897998,"upper_bound":-0.03539414473025798},"point_estimate":-0.04447412459227684,"standard_error":0.004388986151147665},"median":{"confidence_interval":{"confidence_level":0.95,"lower_bound":-0.05552398021418714,"upper_bound":-0.03711799566707352},"point_estimate":-0.05053344577218877,"standard_error":0.004731198000181179}}