{"mean":{"confidence_interval":{"confidence_level":0.95,"lower_bound":24507.934326877443,"upper_bound":24849.529830720247},"point_estimate":24654.763547337712,"standard_error":88.26968160656241},"median":{"confidence_interval":{"confidence_level":0.95,"lower_bound":24530.44551282051,"upper_bound":24775.14122840447},"point_estimate":24698.237224264707,"standard_error":81.00241659498799},"median_abs_dev":{"confidence_interval":{"confidence_level":0.95,"lower_bound":166.95881045218502,"upper_bound":458.2491481144475},"point_estimate":261.47882859645944,"standard_error":80.80871985770072},"slope":{"confidence_interval":{"confidence_level":0.95,"lower_bound":24584.437775367165,"upper_bound":24752.351410748768},"point_estimate":24678.684839836926,"standard_error":42.76314103719071},"std_dev":{"confidence_interval":{"confidence_level":0.95,"lower_bound":287.23751225644327,"upper_bound":976.7058696111435},"point_estimate":628.5459020603528,"standard_error":218.54848731914976}}