{"mean":{"confidence_interval":{"confidence_level":0.95,"lower_bound":-0.41019840848872874,"upper_bound":-0.34894859508514947},"point_estimate":-0.38054837362262417,"standard_error":0.015580628930987075},"median":{"confidence_interval":{"confidence_level":0.95,"lower_bound":-0.41046187664265965,"upper_bound":-0.34134658120046335},"point_estimate":-0.38118600519972334,"standard_error":0.018304695682207026}}