{"mean":{"confidence_interval":{"confidence_level":0.95,"lower_bound":0.1582808108851023,"upper_bound":0.2781301071632673},"point_estimate":0.21308755376895716,"standard_error":0.03053494473487821},"median":{"confidence_interval":{"confidence_level":0.95,"lower_bound":0.14634485018193533,"upper_bound":0.2872781972179781},"point_estimate":0.2152883741867666,"standard_error":0.03740869516321075}}