{"mean":{"confidence_interval":{"confidence_level":0.95,"lower_bound":-0.43047147269432906,"upper_bound":-0.37251290168058765},"point_estimate":-0.40239080553396545,"standard_error":0.014729515860994217},"median":{"confidence_interval":{"confidence_level":0.95,"lower_bound":-0.43257514364697436,"upper_bound":-0.36637500958408775},"point_estimate":-0.3949877750843275,"standard_error":0.016437715926131368}}