{"mean":{"confidence_interval":{"confidence_level":0.95,"lower_bound":-0.02588757618504567,"upper_bound":0.08213273218859074},"point_estimate":0.022539580335585008,"standard_error":0.027826271728112723},"median":{"confidence_interval":{"confidence_level":0.95,"lower_bound":-0.03825547661164108,"upper_bound":0.0791806605471832},"point_estimate":0.019705186212660708,"standard_error":0.02977513696874258}}