{"mean":{"confidence_interval":{"confidence_level":0.95,"lower_bound":96.02540478926521,"upper_bound":96.10463479995403},"point_estimate":96.06347149622945,"standard_error":0.020281155860055536},"median":{"confidence_interval":{"confidence_level":0.95,"lower_bound":96.0010699899295,"upper_bound":96.08678490994183},"point_estimate":96.0574197775114,"standard_error":0.02146982984334842},"median_abs_dev":{"confidence_interval":{"confidence_level":0.95,"lower_bound":0.08993561804605965,"upper_bound":0.17422664846777852},"point_estimate":0.12402987214526527,"standard_error":0.021856945422025025},"slope":{"confidence_interval":{"confidence_level":0.95,"lower_bound":96.0160622214195,"upper_bound":96.10685073518516},"point_estimate":96.0598155639271,"standard_error":0.02317916066064361},"std_dev":{"confidence_interval":{"confidence_level":0.95,"lower_bound":0.10122434598166097,"upper_bound":0.18522241626244906},"point_estimate":0.14486189231774324,"standard_error":0.021854305347718917}}