{"mean":{"confidence_interval":{"confidence_level":0.95,"lower_bound":-0.040242870357297005,"upper_bound":-0.024714163512604876},"point_estimate":-0.03206966592974536,"standard_error":0.003937310062425595},"median":{"confidence_interval":{"confidence_level":0.95,"lower_bound":-0.037376185683989815,"upper_bound":-0.027271763095520707},"point_estimate":-0.03439445795912044,"standard_error":0.0025539319584728655}}