{"mean":{"confidence_interval":{"confidence_level":0.95,"lower_bound":-0.05437174786925392,"upper_bound":-0.041791820780864186},"point_estimate":-0.048213403382451614,"standard_error":0.0032281771239344973},"median":{"confidence_interval":{"confidence_level":0.95,"lower_bound":-0.06149676243449942,"upper_bound":-0.042992275194218665},"point_estimate":-0.053404328240126975,"standard_error":0.004733494375466059}}