{"mean":{"confidence_interval":{"confidence_level":0.95,"lower_bound":-0.014694423985959632,"upper_bound":-0.0012336178398310662},"point_estimate":-0.00822288520535075,"standard_error":0.003406382090004789},"median":{"confidence_interval":{"confidence_level":0.95,"lower_bound":-0.016524997409385733,"upper_bound":-0.0006622139937842997},"point_estimate":-0.008334665399788443,"standard_error":0.0038972784708327006}}