{"mean":{"confidence_interval":{"confidence_level":0.95,"lower_bound":0.03865057549687307,"upper_bound":0.05589909459367421},"point_estimate":0.04762681545335434,"standard_error":0.004403185987254332},"median":{"confidence_interval":{"confidence_level":0.95,"lower_bound":0.03963445385292763,"upper_bound":0.06269013080532848},"point_estimate":0.052609538549748036,"standard_error":0.005945751024634234}}