{"mean":{"confidence_interval":{"confidence_level":0.95,"lower_bound":-0.019428993959022756,"upper_bound":-0.00212497690737745},"point_estimate":-0.011565855071964393,"standard_error":0.004420781910326851},"median":{"confidence_interval":{"confidence_level":0.95,"lower_bound":-0.014437309918175156,"upper_bound":0.003027800050005025},"point_estimate":-0.007869044190464303,"standard_error":0.004404454648043002}}