{"mean":{"confidence_interval":{"confidence_level":0.95,"lower_bound":-0.025734499567165357,"upper_bound":-0.009024215841469063},"point_estimate":-0.01770428701422211,"standard_error":0.004266085612646727},"median":{"confidence_interval":{"confidence_level":0.95,"lower_bound":-0.023800785842041594,"upper_bound":-0.010558622375572146},"point_estimate":-0.0180392761633289,"standard_error":0.0034258722807022956}}