{"mean":{"confidence_interval":{"confidence_level":0.95,"lower_bound":0.026275470230574884,"upper_bound":0.047337483748358986},"point_estimate":0.0378146933595076,"standard_error":0.005250023885980904},"median":{"confidence_interval":{"confidence_level":0.95,"lower_bound":0.01240925802000592,"upper_bound":0.04617882041586796},"point_estimate":0.015749223529746503,"standard_error":0.008703784872271681}}