{"mean":{"confidence_interval":{"confidence_level":0.95,"lower_bound":-0.02214600479322082,"upper_bound":-0.003093937028859073},"point_estimate":-0.012298722408848661,"standard_error":0.004867380654276287},"median":{"confidence_interval":{"confidence_level":0.95,"lower_bound":-0.01731177300463782,"upper_bound":0.013405911945060911},"point_estimate":0.008539501967508745,"standard_error":0.008801452055866825}}