{"mean":{"confidence_interval":{"confidence_level":0.95,"lower_bound":-0.012245200532184027,"upper_bound":0.0082229134381843},"point_estimate":-0.0019997633332544673,"standard_error":0.005224866262357286},"median":{"confidence_interval":{"confidence_level":0.95,"lower_bound":0.0008147878469646486,"upper_bound":0.03271246333046851},"point_estimate":0.02806127462773378,"standard_error":0.00912615203801825}}