{"mean":{"confidence_interval":{"confidence_level":0.95,"lower_bound":-0.013413227967204188,"upper_bound":-0.0040356237543099655},"point_estimate":-0.008832698305046849,"standard_error":0.0023808655155992653},"median":{"confidence_interval":{"confidence_level":0.95,"lower_bound":-0.01915316535790723,"upper_bound":-0.010281721893693807},"point_estimate":-0.016571536914332108,"standard_error":0.002249318021060552}}