{"mean":{"confidence_interval":{"confidence_level":0.95,"lower_bound":715510.5035927,"upper_bound":725593.2764195873},"point_estimate":720639.4695496823,"standard_error":2580.9904904466275},"median":{"confidence_interval":{"confidence_level":0.95,"lower_bound":714443.3095238095,"upper_bound":732757.1398176291},"point_estimate":730342.5615530303,"standard_error":5496.2797532588165},"median_abs_dev":{"confidence_interval":{"confidence_level":0.95,"lower_bound":9336.643244599314,"upper_bound":30000.88896537096},"point_estimate":15809.47518480304,"standard_error":5718.1990171849875},"slope":{"confidence_interval":{"confidence_level":0.95,"lower_bound":722023.8224657755,"upper_bound":733265.8497964828},"point_estimate":728226.9144321491,"standard_error":2883.8678828565203},"std_dev":{"confidence_interval":{"confidence_level":0.95,"lower_bound":16019.327302073429,"upper_bound":20224.657891941548},"point_estimate":18526.252233558323,"standard_error":1072.5171719492487}}