{"mean":{"confidence_interval":{"confidence_level":0.95,"lower_bound":-0.36455416146253594,"upper_bound":-0.3402981726480092},"point_estimate":-0.35364457940104943,"standard_error":0.006247513573993084},"median":{"confidence_interval":{"confidence_level":0.95,"lower_bound":-0.37123384300429985,"upper_bound":-0.366181057833925},"point_estimate":-0.3690402976799223,"standard_error":0.0013231888468083176}}