{"mean":{"confidence_interval":{"confidence_level":0.95,"lower_bound":428.5718572945768,"upper_bound":438.14735250695674},"point_estimate":433.53894338210455,"standard_error":2.4457471004438287},"median":{"confidence_interval":{"confidence_level":0.95,"lower_bound":434.57528604118994,"upper_bound":444.366323757764},"point_estimate":441.14218895830675,"standard_error":2.5548971886368235},"median_abs_dev":{"confidence_interval":{"confidence_level":0.95,"lower_bound":5.5184743971765755,"upper_bound":18.51435411330218},"point_estimate":9.643739858859172,"standard_error":3.2558997051366836},"slope":{"confidence_interval":{"confidence_level":0.95,"lower_bound":443.53955243088717,"upper_bound":446.2783459878633},"point_estimate":445.1245729728983,"standard_error":0.6969754609714398},"std_dev":{"confidence_interval":{"confidence_level":0.95,"lower_bound":13.124125868562961,"upper_bound":20.923001852900757},"point_estimate":17.543754383562593,"standard_error":1.9952793215924591}}