{"mean":{"confidence_interval":{"confidence_level":0.95,"lower_bound":-0.022963204511551427,"upper_bound":0.004057797011750215},"point_estimate":-0.008277334258122049,"standard_error":0.006951683664707205},"median":{"confidence_interval":{"confidence_level":0.95,"lower_bound":-0.013313531863693107,"upper_bound":0.01678574463327087},"point_estimate":0.0012334218311718104,"standard_error":0.009208093672658218}}