{"mean":{"confidence_interval":{"confidence_level":0.95,"lower_bound":-0.045565738553919544,"upper_bound":-0.032329871490050434},"point_estimate":-0.038890451024652495,"standard_error":0.0033639643648218052},"median":{"confidence_interval":{"confidence_level":0.95,"lower_bound":-0.05427752314602963,"upper_bound":-0.025240274937196626},"point_estimate":-0.040384803855439744,"standard_error":0.009083051444170421}}