{"mean":{"confidence_interval":{"confidence_level":0.95,"lower_bound":-0.079046385944319,"upper_bound":-0.0729717267476453},"point_estimate":-0.07586182652338758,"standard_error":0.0015426372603907308},"median":{"confidence_interval":{"confidence_level":0.95,"lower_bound":-0.07936724766768177,"upper_bound":-0.07287105681803419},"point_estimate":-0.07624903201978661,"standard_error":0.001671219770623813}}