{"mean":{"confidence_interval":{"confidence_level":0.95,"lower_bound":-0.029694990360641042,"upper_bound":-0.006211297155329591},"point_estimate":-0.01925720380196838,"standard_error":0.0059663240991219765},"median":{"confidence_interval":{"confidence_level":0.95,"lower_bound":-0.0468326470632604,"upper_bound":-0.011437777236915525},"point_estimate":-0.032332842603543854,"standard_error":0.009941173732645423}}