{"mean":{"confidence_interval":{"confidence_level":0.95,"lower_bound":-0.025029938698268462,"upper_bound":-0.004985479758110333},"point_estimate":-0.013810785509349777,"standard_error":0.005139817584615897},"median":{"confidence_interval":{"confidence_level":0.95,"lower_bound":-0.015313772129602388,"upper_bound":0.0007756473477624759},"point_estimate":-0.003460232984526579,"standard_error":0.004146344327891967}}