{"mean":{"confidence_interval":{"confidence_level":0.95,"lower_bound":0.03664706963377066,"upper_bound":0.04576770404250425},"point_estimate":0.04125875900222975,"standard_error":0.002312325500313429},"median":{"confidence_interval":{"confidence_level":0.95,"lower_bound":0.03819259965235236,"upper_bound":0.04583009971284455},"point_estimate":0.04154362487243857,"standard_error":0.0020247205607150293}}