{"mean":{"confidence_interval":{"confidence_level":0.95,"lower_bound":-0.20187039101832516,"upper_bound":-0.11810756066441808},"point_estimate":-0.16296912657571538,"standard_error":0.021437804392449522},"median":{"confidence_interval":{"confidence_level":0.95,"lower_bound":-0.24225143854956566,"upper_bound":-0.17107402615034906},"point_estimate":-0.2048745776193115,"standard_error":0.019640141177088306}}