{"mean":{"confidence_interval":{"confidence_level":0.95,"lower_bound":252.50733686798293,"upper_bound":256.74362563996596},"point_estimate":254.85028502383906,"standard_error":1.0863127161369677},"median":{"confidence_interval":{"confidence_level":0.95,"lower_bound":255.98805547716,"upper_bound":258.65731967907107},"point_estimate":257.87435077297994,"standard_error":0.6858451150244407},"median_abs_dev":{"confidence_interval":{"confidence_level":0.95,"lower_bound":1.2100984039476361,"upper_bound":4.676151479695892},"point_estimate":2.495498713325272,"standard_error":0.9275380860297939},"slope":{"confidence_interval":{"confidence_level":0.95,"lower_bound":258.29131642668875,"upper_bound":258.99909341482186},"point_estimate":258.67945642155235,"standard_error":0.18047599024886687},"std_dev":{"confidence_interval":{"confidence_level":0.95,"lower_bound":3.7924703433910008,"upper_bound":11.28133813737615},"point_estimate":7.794554417179091,"standard_error":2.016480973747653}}