{"mean":{"confidence_interval":{"confidence_level":0.95,"lower_bound":105208.1095601463,"upper_bound":105356.60272391944},"point_estimate":105272.19426862734,"standard_error":38.29915576861979},"median":{"confidence_interval":{"confidence_level":0.95,"lower_bound":105202.12097812098,"upper_bound":105258.1331797235},"point_estimate":105235.50952380952,"standard_error":13.603895958822593},"median_abs_dev":{"confidence_interval":{"confidence_level":0.95,"lower_bound":75.52819922128621,"upper_bound":216.86068059909869},"point_estimate":165.98376106658512,"standard_error":36.50943460670638},"slope":{"confidence_interval":{"confidence_level":0.95,"lower_bound":105253.74754192216,"upper_bound":105331.6620516282},"point_estimate":105293.69578101339,"standard_error":19.91632696150258},"std_dev":{"confidence_interval":{"confidence_level":0.95,"lower_bound":129.26887247564102,"upper_bound":419.052987146244},"point_estimate":272.3405549202167,"standard_error":90.79390501551286}}