{"mean":{"confidence_interval":{"confidence_level":0.95,"lower_bound":-0.035688975528189566,"upper_bound":-0.02372901240491047},"point_estimate":-0.029535568287381575,"standard_error":0.0030055439039478097},"median":{"confidence_interval":{"confidence_level":0.95,"lower_bound":-0.050721076555914735,"upper_bound":-0.026956484506246086},"point_estimate":-0.04854280929535215,"standard_error":0.0062759201896434285}}