{"mean":{"confidence_interval":{"confidence_level":0.95,"lower_bound":-0.002644242386771297,"upper_bound":0.004027370989797567},"point_estimate":0.0008878026625998015,"standard_error":0.001707049829134286},"median":{"confidence_interval":{"confidence_level":0.95,"lower_bound":-0.005539765982659262,"upper_bound":0.009056827042528415},"point_estimate":0.005159005053545052,"standard_error":0.004686240845871497}}