{"mean":{"confidence_interval":{"confidence_level":0.95,"lower_bound":-0.025238427482080737,"upper_bound":-0.014463616188113457},"point_estimate":-0.01975356440886733,"standard_error":0.0027558662214484746},"median":{"confidence_interval":{"confidence_level":0.95,"lower_bound":-0.029658702596176867,"upper_bound":-0.003974217068804076},"point_estimate":-0.0051136471460603294,"standard_error":0.0068328449755480514}}