{"mean":{"confidence_interval":{"confidence_level":0.95,"lower_bound":-0.006701393463122707,"upper_bound":-0.004830963606122027},"point_estimate":-0.005659749917591439,"standard_error":0.00048145672107648537},"median":{"confidence_interval":{"confidence_level":0.95,"lower_bound":-0.005528910388668873,"upper_bound":-0.004723446163769547},"point_estimate":-0.00518024585719723,"standard_error":0.000208743328678448}}