{"mean":{"confidence_interval":{"confidence_level":0.95,"lower_bound":-0.020318369675883175,"upper_bound":-0.008936819686134134},"point_estimate":-0.014676345392820145,"standard_error":0.002903093057627469},"median":{"confidence_interval":{"confidence_level":0.95,"lower_bound":-0.025996165146420447,"upper_bound":-0.00004745691248664308},"point_estimate":-0.001393584354623112,"standard_error":0.006873758817734115}}