{"mean":{"confidence_interval":{"confidence_level":0.95,"lower_bound":0.004574100787863239,"upper_bound":0.010491263426261622},"point_estimate":0.007617095743474689,"standard_error":0.0015995794214592187},"median":{"confidence_interval":{"confidence_level":0.95,"lower_bound":-0.000608154836048147,"upper_bound":0.01371993176447961},"point_estimate":0.0032442537407941785,"standard_error":0.004409139997427544}}