{"mean":{"confidence_interval":{"confidence_level":0.95,"lower_bound":-0.06775587220543712,"upper_bound":-0.049418869266367106},"point_estimate":-0.05716170914517005,"standard_error":0.004712722520860428},"median":{"confidence_interval":{"confidence_level":0.95,"lower_bound":-0.061489784471443265,"upper_bound":-0.054728369303309043},"point_estimate":-0.05859824582359452,"standard_error":0.0019901680998391075}}