{"mean":{"confidence_interval":{"confidence_level":0.95,"lower_bound":-0.053058715648406474,"upper_bound":-0.02107411027954477},"point_estimate":-0.03367144817346024,"standard_error":0.00846793408674645},"median":{"confidence_interval":{"confidence_level":0.95,"lower_bound":-0.03144838364648628,"upper_bound":-0.016585893778691463},"point_estimate":-0.02136114343654183,"standard_error":0.0035232120295921442}}