{"mean":{"confidence_interval":{"confidence_level":0.95,"lower_bound":-0.021744886435522706,"upper_bound":-0.015414867551743622},"point_estimate":-0.0183975186476808,"standard_error":0.0016185848262217876},"median":{"confidence_interval":{"confidence_level":0.95,"lower_bound":-0.01605726125906992,"upper_bound":-0.012644785021850624},"point_estimate":-0.014719966671963292,"standard_error":0.0008894460166018465}}