{"mean":{"confidence_interval":{"confidence_level":0.95,"lower_bound":0.06616433879070811,"upper_bound":0.09694425991268915},"point_estimate":0.07690575142579559,"standard_error":0.010256606817434025},"median":{"confidence_interval":{"confidence_level":0.95,"lower_bound":0.0638320829323451,"upper_bound":0.06996864412901327},"point_estimate":0.06635031950769688,"standard_error":0.0014406087333970828}}