{"mean":{"confidence_interval":{"confidence_level":0.95,"lower_bound":-0.06462002439083589,"upper_bound":-0.04697874773681043},"point_estimate":-0.054511264526590386,"standard_error":0.004577371568705427},"median":{"confidence_interval":{"confidence_level":0.95,"lower_bound":-0.05603976310971093,"upper_bound":-0.04940295208123968},"point_estimate":-0.053014134819490244,"standard_error":0.001979935959487858}}