{"mean":{"confidence_interval":{"confidence_level":0.95,"lower_bound":0.004771972925437814,"upper_bound":0.02870235745080519},"point_estimate":0.014840977001094435,"standard_error":0.006141790474589415},"median":{"confidence_interval":{"confidence_level":0.95,"lower_bound":0.010062048077714048,"upper_bound":0.018924333157594342},"point_estimate":0.015819378901670733,"standard_error":0.00246540321770959}}