{"mean":{"confidence_interval":{"confidence_level":0.95,"lower_bound":-0.02564388806273366,"upper_bound":-0.017404358460920876},"point_estimate":-0.021603754445868484,"standard_error":0.0020957169486648638},"median":{"confidence_interval":{"confidence_level":0.95,"lower_bound":-0.02857593029621659,"upper_bound":-0.02065876096915642},"point_estimate":-0.02599437475284405,"standard_error":0.0019210349964384596}}