{"mean":{"confidence_interval":{"confidence_level":0.95,"lower_bound":0.007886281781429017,"upper_bound":0.0169111881686681},"point_estimate":0.012315582366498434,"standard_error":0.0023119628325537047},"median":{"confidence_interval":{"confidence_level":0.95,"lower_bound":0.00537376721779248,"upper_bound":0.013769112086889468},"point_estimate":0.008203939507377411,"standard_error":0.002063576362063228}}