{"mean":{"confidence_interval":{"confidence_level":0.95,"lower_bound":-0.019996890336881987,"upper_bound":-0.014376353907706344},"point_estimate":-0.017168891881113924,"standard_error":0.001455846607249643},"median":{"confidence_interval":{"confidence_level":0.95,"lower_bound":-0.019316532580588297,"upper_bound":-0.010750351442871847},"point_estimate":-0.015445178810822857,"standard_error":0.0026735830854570106}}