{"mean":{"confidence_interval":{"confidence_level":0.95,"lower_bound":0.0014637072243044347,"upper_bound":0.005060827915473779},"point_estimate":0.0033176555341538627,"standard_error":0.0009191401819471114},"median":{"confidence_interval":{"confidence_level":0.95,"lower_bound":-0.0021562791698440664,"upper_bound":0.005965415410301711},"point_estimate":0.0022645956011480006,"standard_error":0.001963005889999749}}