{"mean":{"confidence_interval":{"confidence_level":0.95,"lower_bound":0.0347966874211747,"upper_bound":0.03903974683731674},"point_estimate":0.03695105751692518,"standard_error":0.0010814213659538282},"median":{"confidence_interval":{"confidence_level":0.95,"lower_bound":0.033728497146116275,"upper_bound":0.04171269079965634},"point_estimate":0.037788748607841205,"standard_error":0.0020857354537256886}}