{"mean":{"confidence_interval":{"confidence_level":0.95,"lower_bound":-0.011022562718464518,"upper_bound":-0.001693894018212438},"point_estimate":-0.006493391727587006,"standard_error":0.0024005391997089258},"median":{"confidence_interval":{"confidence_level":0.95,"lower_bound":-0.010492530736666672,"upper_bound":-0.0012139502125149138},"point_estimate":-0.004167409182260995,"standard_error":0.0021037849360982888}}