{"mean":{"confidence_interval":{"confidence_level":0.95,"lower_bound":101.65047783056961,"upper_bound":108.18626646986382},"point_estimate":105.00543468774744,"standard_error":1.6689823459380646},"median":{"confidence_interval":{"confidence_level":0.95,"lower_bound":101.95739348370927,"upper_bound":111.76842105263158},"point_estimate":109.24888385839151,"standard_error":2.655949080884372},"median_abs_dev":{"confidence_interval":{"confidence_level":0.95,"lower_bound":7.44183762531804,"upper_bound":16.488173499251285},"point_estimate":11.34920187953382,"standard_error":2.534298507684715},"slope":{"confidence_interval":{"confidence_level":0.95,"lower_bound":111.42014849117973,"upper_bound":114.87665769777381},"point_estimate":113.42118382736106,"standard_error":0.8819197874651802},"std_dev":{"confidence_interval":{"confidence_level":0.95,"lower_bound":9.724220347418127,"upper_bound":13.673033232350491},"point_estimate":11.930235128869468,"standard_error":1.0087141843422602}}