{"mean":{"confidence_interval":{"confidence_level":0.95,"lower_bound":-0.04110752162080591,"upper_bound":0.04521286457181583},"point_estimate":-0.0004710015750736263,"standard_error":0.021794516197283193},"median":{"confidence_interval":{"confidence_level":0.95,"lower_bound":-0.020500825373296783,"upper_bound":-0.007308418674368489},"point_estimate":-0.016523891985350647,"standard_error":0.0036832328413595695}}