{"mean":{"confidence_interval":{"confidence_level":0.95,"lower_bound":-0.4271741130658202,"upper_bound":-0.3624295692416364},"point_estimate":-0.3937734530273741,"standard_error":0.016571249852552532},"median":{"confidence_interval":{"confidence_level":0.95,"lower_bound":-0.37654610606551275,"upper_bound":-0.36656518613483535},"point_estimate":-0.36991502991278813,"standard_error":0.0024285351383547048}}