{"mean":{"confidence_interval":{"confidence_level":0.95,"lower_bound":-0.3832939345082975,"upper_bound":-0.325582934482602},"point_estimate":-0.35630772131933064,"standard_error":0.014780245803048764},"median":{"confidence_interval":{"confidence_level":0.95,"lower_bound":-0.3458458965594543,"upper_bound":-0.3396442916427683},"point_estimate":-0.34261723907603847,"standard_error":0.0018780361345335785}}