{"mean":{"confidence_interval":{"confidence_level":0.95,"lower_bound":0.1186861877511296,"upper_bound":0.22135901375329156},"point_estimate":0.1695161029654224,"standard_error":0.026229133973539855},"median":{"confidence_interval":{"confidence_level":0.95,"lower_bound":0.14729523053717508,"upper_bound":0.16180892400736746},"point_estimate":0.15561853531222392,"standard_error":0.00436603703523406}}