{"mean":{"confidence_interval":{"confidence_level":0.95,"lower_bound":0.006948061414248086,"upper_bound":0.011656471564267551},"point_estimate":0.009337412178070048,"standard_error":0.0011999080386976401},"median":{"confidence_interval":{"confidence_level":0.95,"lower_bound":0.008753531155937244,"upper_bound":0.015340038077654272},"point_estimate":0.013298055236430573,"standard_error":0.001522414444961065}}