{"mean":{"confidence_interval":{"confidence_level":0.95,"lower_bound":0.008403639724812107,"upper_bound":0.01583905870956137},"point_estimate":0.012172110731355934,"standard_error":0.0019022096859680206},"median":{"confidence_interval":{"confidence_level":0.95,"lower_bound":0.012855579198558287,"upper_bound":0.020814421434711683},"point_estimate":0.016888442483296684,"standard_error":0.0021712416118148804}}