{"mean":{"confidence_interval":{"confidence_level":0.95,"lower_bound":-0.01801424337656401,"upper_bound":-0.010537874220746082},"point_estimate":-0.014109298687747907,"standard_error":0.0019077313970704663},"median":{"confidence_interval":{"confidence_level":0.95,"lower_bound":-0.01507160416535025,"upper_bound":-0.007922595438248359},"point_estimate":-0.011947943992318244,"standard_error":0.0016964280282979105}}