{"mean":{"confidence_interval":{"confidence_level":0.95,"lower_bound":-0.01655605685704011,"upper_bound":-0.009458267962533462},"point_estimate":-0.013188636998770598,"standard_error":0.0018374957086281466},"median":{"confidence_interval":{"confidence_level":0.95,"lower_bound":-0.019546154353723644,"upper_bound":-0.015413490832723253},"point_estimate":-0.017773812233430775,"standard_error":0.001047632097783379}}