{"mean":{"confidence_interval":{"confidence_level":0.95,"lower_bound":19772.14281137879,"upper_bound":19816.491844611897},"point_estimate":19793.527531920896,"standard_error":11.349487086917668},"median":{"confidence_interval":{"confidence_level":0.95,"lower_bound":19768.832236842107,"upper_bound":19802.804631771738},"point_estimate":19792.758500587166,"standard_error":10.331649600081661},"median_abs_dev":{"confidence_interval":{"confidence_level":0.95,"lower_bound":34.641335827018196,"upper_bound":77.42277373988681},"point_estimate":50.215239734460056,"standard_error":11.474372662345383},"slope":{"confidence_interval":{"confidence_level":0.95,"lower_bound":19763.075111980983,"upper_bound":19802.877703625305},"point_estimate":19781.966985868865,"standard_error":10.158387086031162},"std_dev":{"confidence_interval":{"confidence_level":0.95,"lower_bound":54.606320417859756,"upper_bound":102.31894723511454},"point_estimate":81.10271119236182,"standard_error":12.16793129007671}}