{"mean":{"confidence_interval":{"confidence_level":0.95,"lower_bound":-0.016661732388035234,"upper_bound":-0.010212693370480494},"point_estimate":-0.012911155553617992,"standard_error":0.0016765998937292698},"median":{"confidence_interval":{"confidence_level":0.95,"lower_bound":-0.014273964870594848,"upper_bound":-0.008284067971343073},"point_estimate":-0.010864871725218883,"standard_error":0.001681367276498558}}