{"mean":{"confidence_interval":{"confidence_level":0.95,"lower_bound":43927.57778420644,"upper_bound":44081.07651704105},"point_estimate":44001.72823319621,"standard_error":39.28337991954526},"median":{"confidence_interval":{"confidence_level":0.95,"lower_bound":43881.36620883406,"upper_bound":44028.131313131315},"point_estimate":43980.81126482213,"standard_error":39.18136504167658},"median_abs_dev":{"confidence_interval":{"confidence_level":0.95,"lower_bound":139.31291836003402,"upper_bound":274.05519685868535},"point_estimate":238.34235903090234,"standard_error":37.335381267447666},"slope":{"confidence_interval":{"confidence_level":0.95,"lower_bound":43845.83121743222,"upper_bound":43952.86423193878},"point_estimate":43900.001828771114,"standard_error":27.107412362414063},"std_dev":{"confidence_interval":{"confidence_level":0.95,"lower_bound":191.82411358695003,"upper_bound":353.6784082977412},"point_estimate":280.82810965101726,"standard_error":41.448097566023414}}