{"mean":{"confidence_interval":{"confidence_level":0.95,"lower_bound":0.016261321659621526,"upper_bound":0.028993440999990256},"point_estimate":0.022713271657353484,"standard_error":0.00325637995306612},"median":{"confidence_interval":{"confidence_level":0.95,"lower_bound":0.010369595091174189,"upper_bound":0.030153910324615785},"point_estimate":0.01928880267554489,"standard_error":0.004911142668226698}}