{"mean":{"confidence_interval":{"confidence_level":0.95,"lower_bound":-0.05817406337818132,"upper_bound":-0.04363723446646328},"point_estimate":-0.05095924902924831,"standard_error":0.0037019852522739913},"median":{"confidence_interval":{"confidence_level":0.95,"lower_bound":-0.06577877436216273,"upper_bound":-0.03963241062101741},"point_estimate":-0.05303647616810536,"standard_error":0.006309302929643465}}