{"mean":{"confidence_interval":{"confidence_level":0.95,"lower_bound":0.05077253418411047,"upper_bound":0.0647919421679215},"point_estimate":0.05841118623809827,"standard_error":0.003596923554725238},"median":{"confidence_interval":{"confidence_level":0.95,"lower_bound":0.05005436013549258,"upper_bound":0.06550040773361054},"point_estimate":0.055646227611179544,"standard_error":0.0040300345684651665}}