{"mean":{"confidence_interval":{"confidence_level":0.95,"lower_bound":-0.026415024138610833,"upper_bound":-0.010676422708369472},"point_estimate":-0.019331411281166444,"standard_error":0.0040392010233788606},"median":{"confidence_interval":{"confidence_level":0.95,"lower_bound":-0.03137292533402958,"upper_bound":-0.005733920134211257},"point_estimate":-0.023176436343898765,"standard_error":0.005964610349681449}}