{"mean":{"confidence_interval":{"confidence_level":0.95,"lower_bound":-0.06806624510611961,"upper_bound":-0.0551195719057422},"point_estimate":-0.061333353526779044,"standard_error":0.003258583978375411},"median":{"confidence_interval":{"confidence_level":0.95,"lower_bound":-0.07339627707091467,"upper_bound":-0.049689250191191414},"point_estimate":-0.055896362423922374,"standard_error":0.006072413793819809}}