{"mean":{"confidence_interval":{"confidence_level":0.95,"lower_bound":-0.07943579481842677,"upper_bound":-0.07119669316547318},"point_estimate":-0.07532052324884808,"standard_error":0.0020993302400646816},"median":{"confidence_interval":{"confidence_level":0.95,"lower_bound":-0.08323488226385689,"upper_bound":-0.06864794323101131},"point_estimate":-0.0791225155875922,"standard_error":0.0035059176521059364}}