{"mean":{"confidence_interval":{"confidence_level":0.95,"lower_bound":7657789.132833335,"upper_bound":7692103.4799999995},"point_estimate":7676142.16,"standard_error":8796.567585583609},"median":{"confidence_interval":{"confidence_level":0.95,"lower_bound":7670850.5,"upper_bound":7701020.833333334},"point_estimate":7692985.333333334,"standard_error":8662.209516071818},"median_abs_dev":{"confidence_interval":{"confidence_level":0.95,"lower_bound":26519.26572918892,"upper_bound":53825.05074441433},"point_estimate":39823.62369298981,"standard_error":7053.819641725843},"slope":null,"std_dev":{"confidence_interval":{"confidence_level":0.95,"lower_bound":39272.53590528023,"upper_bound":84804.57748729154},"point_estimate":62713.28580998592,"standard_error":12042.797219327786}}