{"mean":{"confidence_interval":{"confidence_level":0.95,"lower_bound":7522004.5,"upper_bound":7637516.500666668},"point_estimate":7580344.759999996,"standard_error":29442.87622491647},"median":{"confidence_interval":{"confidence_level":0.95,"lower_bound":7429531.333333333,"upper_bound":7747501.833333334},"point_estimate":7665656.166666666,"standard_error":92284.44598432166},"median_abs_dev":{"confidence_interval":{"confidence_level":0.95,"lower_bound":81068.56656074524,"upper_bound":332315.64140021824},"point_estimate":227188.92506659054,"standard_error":72605.98969777275},"slope":null,"std_dev":{"confidence_interval":{"confidence_level":0.95,"lower_bound":189278.33676901256,"upper_bound":223211.76871503648},"point_estimate":209960.78622457347,"standard_error":8577.120226854027}}