{"mean":{"confidence_interval":{"confidence_level":0.95,"lower_bound":7353743.012333334,"upper_bound":7375181.489333333},"point_estimate":7363839.446666667,"standard_error":5475.461541277113},"median":{"confidence_interval":{"confidence_level":0.95,"lower_bound":7343902.333333334,"upper_bound":7350760.0},"point_estimate":7346654.833333334,"standard_error":1694.4788928699274},"median_abs_dev":{"confidence_interval":{"confidence_level":0.95,"lower_bound":6707.035180927243,"upper_bound":19851.02524757339},"point_estimate":11315.450099110372,"standard_error":3476.521356224659},"slope":null,"std_dev":{"confidence_interval":{"confidence_level":0.95,"lower_bound":27455.47950849558,"upper_bound":47722.55930937941},"point_estimate":39021.73888196657,"standard_error":5184.165849454208}}