{"mean":{"confidence_interval":{"confidence_level":0.95,"lower_bound":7604107.653666667,"upper_bound":7624606.907666666},"point_estimate":7614500.766666668,"standard_error":5209.079053350123},"median":{"confidence_interval":{"confidence_level":0.95,"lower_bound":7603527.666666667,"upper_bound":7628225.0},"point_estimate":7615769.5,"standard_error":5828.541879244716},"median_abs_dev":{"confidence_interval":{"confidence_level":0.95,"lower_bound":22150.2907067535,"upper_bound":42342.48691827155},"point_estimate":31667.347037791744,"standard_error":5263.270132923859},"slope":null,"std_dev":{"confidence_interval":{"confidence_level":0.95,"lower_bound":27295.53545442956,"upper_bound":45785.88156334612},"point_estimate":37185.71101008281,"standard_error":4764.222200975284}}