{"mean":{"confidence_interval":{"confidence_level":0.95,"lower_bound":-0.0183361688701843,"upper_bound":-0.0066656764508996125},"point_estimate":-0.012209919457280671,"standard_error":0.002986537860388658},"median":{"confidence_interval":{"confidence_level":0.95,"lower_bound":-0.026070085899129514,"upper_bound":-0.008604463805115481},"point_estimate":-0.01963717913292773,"standard_error":0.004403747126578529}}