{"mean":{"confidence_interval":{"confidence_level":0.95,"lower_bound":0.036280013645865195,"upper_bound":0.041262732578079955},"point_estimate":0.03871750721393519,"standard_error":0.0012655584561243026},"median":{"confidence_interval":{"confidence_level":0.95,"lower_bound":0.03406063287892902,"upper_bound":0.03782035286996677},"point_estimate":0.036014142426502804,"standard_error":0.00095288803199438}}