{"mean":{"confidence_interval":{"confidence_level":0.95,"lower_bound":0.002866272352644672,"upper_bound":0.008862314862145393},"point_estimate":0.005734467294157497,"standard_error":0.0015222976182752176},"median":{"confidence_interval":{"confidence_level":0.95,"lower_bound":-0.00026027898625446966,"upper_bound":0.015100518589926386},"point_estimate":0.00437903079022095,"standard_error":0.004566623135319101}}