{"mean":{"confidence_interval":{"confidence_level":0.95,"lower_bound":-0.013348043023275635,"upper_bound":0.0028249601758913077},"point_estimate":-0.005408147838058208,"standard_error":0.004109539838218608},"median":{"confidence_interval":{"confidence_level":0.95,"lower_bound":-0.022086719437837576,"upper_bound":-0.0032172472105048066},"point_estimate":-0.014770584589231084,"standard_error":0.004683406875108813}}