{"mean":{"confidence_interval":{"confidence_level":0.95,"lower_bound":-0.03603719260109073,"upper_bound":-0.02701109288158848},"point_estimate":-0.03154809722386087,"standard_error":0.0023052942596528754},"median":{"confidence_interval":{"confidence_level":0.95,"lower_bound":-0.042207936643571475,"upper_bound":-0.023681565601957333},"point_estimate":-0.03178388153774181,"standard_error":0.00478731141632553}}