{"mean":{"confidence_interval":{"confidence_level":0.95,"lower_bound":-0.05087356742636323,"upper_bound":-0.04714790216103859},"point_estimate":-0.048968636956511546,"standard_error":0.0009459154450868959},"median":{"confidence_interval":{"confidence_level":0.95,"lower_bound":-0.04932703028501417,"upper_bound":-0.04609933387779985},"point_estimate":-0.04776164276787609,"standard_error":0.000760363836597567}}