{"mean":{"confidence_interval":{"confidence_level":0.95,"lower_bound":-0.0715373468223468,"upper_bound":-0.06297291036816016},"point_estimate":-0.06728920683510653,"standard_error":0.002165639333452908},"median":{"confidence_interval":{"confidence_level":0.95,"lower_bound":-0.0715800801442611,"upper_bound":-0.06225497348887521},"point_estimate":-0.0665284465803091,"standard_error":0.0025306196543399048}}