{"mean":{"confidence_interval":{"confidence_level":0.95,"lower_bound":-0.033113959693310616,"upper_bound":-0.018727110298236482},"point_estimate":-0.025947973015197467,"standard_error":0.003657259166982129},"median":{"confidence_interval":{"confidence_level":0.95,"lower_bound":-0.0390861970227121,"upper_bound":-0.01702063933318495},"point_estimate":-0.03006284143699689,"standard_error":0.005058283250416067}}