{"mean":{"confidence_interval":{"confidence_level":0.95,"lower_bound":-0.04882741837821204,"upper_bound":-0.03287050189017039},"point_estimate":-0.040840615074863584,"standard_error":0.0040067180824038045},"median":{"confidence_interval":{"confidence_level":0.95,"lower_bound":-0.0502351154099141,"upper_bound":-0.02545294881869553},"point_estimate":-0.03645835115203433,"standard_error":0.005879457588210461}}