{"mean":{"confidence_interval":{"confidence_level":0.95,"lower_bound":-0.10233858686432115,"upper_bound":-0.09624074244648594},"point_estimate":-0.09943037147702594,"standard_error":0.0015610914836088172},"median":{"confidence_interval":{"confidence_level":0.95,"lower_bound":-0.10463333678774896,"upper_bound":-0.09975584095661516},"point_estimate":-0.10231807437269336,"standard_error":0.001192033660440932}}