{"mean":{"confidence_interval":{"confidence_level":0.95,"lower_bound":0.07034189363962175,"upper_bound":0.08137593005083792},"point_estimate":0.07632584356654837,"standard_error":0.002817716482234222},"median":{"confidence_interval":{"confidence_level":0.95,"lower_bound":0.07210977343103298,"upper_bound":0.08243600081130009},"point_estimate":0.07725774381223993,"standard_error":0.0028857270213132817}}