{"mean":{"confidence_interval":{"confidence_level":0.95,"lower_bound":0.026485322579667687,"upper_bound":0.03576890119152119},"point_estimate":0.03118539596375003,"standard_error":0.0023495207020586386},"median":{"confidence_interval":{"confidence_level":0.95,"lower_bound":0.029064033640021192,"upper_bound":0.03591084836419012},"point_estimate":0.03255528482364012,"standard_error":0.0017214821570622641}}