{"mean":{"confidence_interval":{"confidence_level":0.95,"lower_bound":499.0313479107661,"upper_bound":499.45269948723245},"point_estimate":499.2283968034543,"standard_error":0.10754086588391693},"median":{"confidence_interval":{"confidence_level":0.95,"lower_bound":498.94846384226616,"upper_bound":499.20059216589857},"point_estimate":499.0455741935484,"standard_error":0.07044503893168301},"median_abs_dev":{"confidence_interval":{"confidence_level":0.95,"lower_bound":0.30381001396109963,"upper_bound":0.7541049218611644},"point_estimate":0.5457966947663451,"standard_error":0.117619807416278},"slope":{"confidence_interval":{"confidence_level":0.95,"lower_bound":498.86449155099456,"upper_bound":499.11827307225406},"point_estimate":498.9879519041088,"standard_error":0.06447121021180142},"std_dev":{"confidence_interval":{"confidence_level":0.95,"lower_bound":0.49534964130949927,"upper_bound":0.9890322152449477},"point_estimate":0.7620727402356284,"standard_error":0.1268900715337705}}