{"mean":{"confidence_interval":{"confidence_level":0.95,"lower_bound":2191090.2405000003,"upper_bound":2202088.012333334},"point_estimate":2196488.277777778,"standard_error":2815.2180191408997},"median":{"confidence_interval":{"confidence_level":0.95,"lower_bound":2185494.0555555555,"upper_bound":2201815.777777778},"point_estimate":2195618.277777778,"standard_error":4129.846783853784},"median_abs_dev":{"confidence_interval":{"confidence_level":0.95,"lower_bound":15185.777330398329,"upper_bound":32257.174727320787},"point_estimate":23640.468413631083,"standard_error":4370.963850950595},"slope":null,"std_dev":{"confidence_interval":{"confidence_level":0.95,"lower_bound":16077.201188729887,"upper_bound":24250.062175859264},"point_estimate":20194.875083765794,"standard_error":2138.6414785224065}}