{"mean":{"confidence_interval":{"confidence_level":0.95,"lower_bound":2271049.1962777777,"upper_bound":2276953.464},"point_estimate":2273762.8666666667,"standard_error":1506.6033197832687},"median":{"confidence_interval":{"confidence_level":0.95,"lower_bound":2268707.5555555555,"upper_bound":2275486.3333333335},"point_estimate":2272128.611111111,"standard_error":1634.5061542558944},"median_abs_dev":{"confidence_interval":{"confidence_level":0.95,"lower_bound":5780.986764033329,"upper_bound":10906.581973036284},"point_estimate":9429.17109926557,"standard_error":1378.6603117514278},"slope":null,"std_dev":{"confidence_interval":{"confidence_level":0.95,"lower_bound":6403.458635024371,"upper_bound":14788.641012787455},"point_estimate":10739.663994935396,"standard_error":2222.342999125149}}