{"mean":{"confidence_interval":{"confidence_level":0.95,"lower_bound":2261035.1616111114,"upper_bound":2274678.1026111115},"point_estimate":2268025.6088888887,"standard_error":3471.931765734856},"median":{"confidence_interval":{"confidence_level":0.95,"lower_bound":2261415.5555555555,"upper_bound":2279561.5555555555},"point_estimate":2273194.3333333335,"standard_error":4327.919737107309},"median_abs_dev":{"confidence_interval":{"confidence_level":0.95,"lower_bound":12064.080719153279,"upper_bound":30802.085219820034},"point_estimate":21832.6024790603,"standard_error":5114.929183017399},"slope":null,"std_dev":{"confidence_interval":{"confidence_level":0.95,"lower_bound":18064.650508070667,"upper_bound":31683.351159118174},"point_estimate":24862.440609235033,"standard_error":3541.0268333997988}}