{"mean":{"confidence_interval":{"confidence_level":0.95,"lower_bound":2180279.391388889,"upper_bound":2190775.7937777773},"point_estimate":2185426.6955555556,"standard_error":2674.1580845510844},"median":{"confidence_interval":{"confidence_level":0.95,"lower_bound":2168617.888888889,"upper_bound":2192307.722222222},"point_estimate":2186477.666666667,"standard_error":6288.0101655273675},"median_abs_dev":{"confidence_interval":{"confidence_level":0.95,"lower_bound":7098.853407303339,"upper_bound":31460.295773968213},"point_estimate":27180.99951744137,"standard_error":6236.662154184843},"slope":null,"std_dev":{"confidence_interval":{"confidence_level":0.95,"lower_bound":16173.07737276846,"upper_bound":21434.501177587117},"point_estimate":19041.308794344142,"standard_error":1344.2266631000623}}