{"mean":{"confidence_interval":{"confidence_level":0.95,"lower_bound":-0.019386663033816198,"upper_bound":0.01423214626645497},"point_estimate":-0.000719523519100651,"standard_error":0.008673347887572125},"median":{"confidence_interval":{"confidence_level":0.95,"lower_bound":-0.010321197515625657,"upper_bound":0.013771836413286165},"point_estimate":0.0019351462228269778,"standard_error":0.00616929552126423}}