{"mean":{"confidence_interval":{"confidence_level":0.95,"lower_bound":-0.08033566177488205,"upper_bound":-0.062312771021351014},"point_estimate":-0.07102201112217477,"standard_error":0.004574246336743956},"median":{"confidence_interval":{"confidence_level":0.95,"lower_bound":-0.0774620843936944,"upper_bound":-0.06434171919005305},"point_estimate":-0.06893831399990624,"standard_error":0.0031179939447964706}}