{"mean":{"confidence_interval":{"confidence_level":0.95,"lower_bound":-0.17250636283108192,"upper_bound":-0.15698641475781994},"point_estimate":-0.165268682551164,"standard_error":0.004017703908090353},"median":{"confidence_interval":{"confidence_level":0.95,"lower_bound":-0.17760706796525416,"upper_bound":-0.1701727272086635},"point_estimate":-0.1732163415656237,"standard_error":0.0021227891563856092}}