{"mean":{"confidence_interval":{"confidence_level":0.95,"lower_bound":0.03534634559606904,"upper_bound":0.05558749151521547},"point_estimate":0.0460145494545694,"standard_error":0.005149433282835239},"median":{"confidence_interval":{"confidence_level":0.95,"lower_bound":0.03920190875641428,"upper_bound":0.05286675107450067},"point_estimate":0.04301817189667445,"standard_error":0.0036227496948399245}}