{"mean":{"confidence_interval":{"confidence_level":0.95,"lower_bound":-0.024659242804372126,"upper_bound":-0.005384971744038181},"point_estimate":-0.01495127121990203,"standard_error":0.0049229626869882435},"median":{"confidence_interval":{"confidence_level":0.95,"lower_bound":-0.022309366151428534,"upper_bound":0.0022638682750721895},"point_estimate":-0.010299331437845893,"standard_error":0.0062878021905489485}}