{"mean":{"confidence_interval":{"confidence_level":0.95,"lower_bound":0.0008021609489884748,"upper_bound":0.022339486561887664},"point_estimate":0.011463931766281021,"standard_error":0.0054694584535726455},"median":{"confidence_interval":{"confidence_level":0.95,"lower_bound":0.006341775422795681,"upper_bound":0.029032471850663228},"point_estimate":0.01764460345407204,"standard_error":0.005842028353413609}}