{"mean":{"confidence_interval":{"confidence_level":0.95,"lower_bound":-0.039122166378766046,"upper_bound":-0.03356895650931234},"point_estimate":-0.03638614921017236,"standard_error":0.001420517113984476},"median":{"confidence_interval":{"confidence_level":0.95,"lower_bound":-0.04139544533901107,"upper_bound":-0.03687267072512843},"point_estimate":-0.038542956869392575,"standard_error":0.0012295378410162564}}