{"mean":{"confidence_interval":{"confidence_level":0.95,"lower_bound":-0.04897847290396773,"upper_bound":-0.03551760021839354},"point_estimate":-0.04255508186859758,"standard_error":0.003441727817846555},"median":{"confidence_interval":{"confidence_level":0.95,"lower_bound":-0.061142978251493396,"upper_bound":-0.04493453123105384},"point_estimate":-0.05465502882973772,"standard_error":0.004722545406308729}}