{"mean":{"confidence_interval":{"confidence_level":0.95,"lower_bound":-0.06237207699106473,"upper_bound":-0.0569782350594808},"point_estimate":-0.060012360382665775,"standard_error":0.0013910654018032466},"median":{"confidence_interval":{"confidence_level":0.95,"lower_bound":-0.06331563989196631,"upper_bound":-0.06077906944834377},"point_estimate":-0.061823900346323346,"standard_error":0.0006258253246145788}}