{"mean":{"confidence_interval":{"confidence_level":0.95,"lower_bound":0.045368021982379624,"upper_bound":0.048734759552151535},"point_estimate":0.04700785920204975,"standard_error":0.0008448912568074804},"median":{"confidence_interval":{"confidence_level":0.95,"lower_bound":0.04664910026347813,"upper_bound":0.04876311570421521},"point_estimate":0.047767900572044386,"standard_error":0.0005290730849045355}}