{"mean":{"confidence_interval":{"confidence_level":0.95,"lower_bound":-0.002122717150486164,"upper_bound":0.011261345043198338},"point_estimate":0.004346798727776546,"standard_error":0.0033647303615569777},"median":{"confidence_interval":{"confidence_level":0.95,"lower_bound":0.008183825307259696,"upper_bound":0.016421317382216527},"point_estimate":0.012794016727684099,"standard_error":0.0026066145291686453}}