{"mean":{"confidence_interval":{"confidence_level":0.95,"lower_bound":0.004029803459399608,"upper_bound":0.018154971885826033},"point_estimate":0.010803342858652698,"standard_error":0.003608081486310438},"median":{"confidence_interval":{"confidence_level":0.95,"lower_bound":0.0008983667454154354,"upper_bound":0.008986378212324168},"point_estimate":0.004314862333256064,"standard_error":0.0022112953641347213}}