{"mean":{"confidence_interval":{"confidence_level":0.95,"lower_bound":1884.400009642299,"upper_bound":1896.220375098958},"point_estimate":1890.4073351723025,"standard_error":3.026375512025566},"median":{"confidence_interval":{"confidence_level":0.95,"lower_bound":1890.5884508068136,"upper_bound":1897.846027527205},"point_estimate":1895.1558405950268,"standard_error":1.885416708827819},"median_abs_dev":{"confidence_interval":{"confidence_level":0.95,"lower_bound":8.340651451524689,"upper_bound":28.37561555826553},"point_estimate":18.867389850325193,"standard_error":5.363760624382962},"slope":{"confidence_interval":{"confidence_level":0.95,"lower_bound":1894.6991086832197,"upper_bound":1908.4359428990679},"point_estimate":1902.1226113035802,"standard_error":3.493881624751096},"std_dev":{"confidence_interval":{"confidence_level":0.95,"lower_bound":17.371272987972553,"upper_bound":24.945639291541625},"point_estimate":21.64653259025997,"standard_error":1.9275251601657073}}