{"mean":{"confidence_interval":{"confidence_level":0.95,"lower_bound":-0.02935480678033945,"upper_bound":-0.022641575765059936},"point_estimate":-0.02587788779304645,"standard_error":0.0017314243844342042},"median":{"confidence_interval":{"confidence_level":0.95,"lower_bound":-0.02736461930991474,"upper_bound":-0.021688823722184947},"point_estimate":-0.02540789258699927,"standard_error":0.0014231061550641429}}