{"mean":{"confidence_interval":{"confidence_level":0.95,"lower_bound":-0.01037722319579146,"upper_bound":-0.0006827033438461255},"point_estimate":-0.0055322657004100995,"standard_error":0.00248014452574045},"median":{"confidence_interval":{"confidence_level":0.95,"lower_bound":-0.0038855410132417126,"upper_bound":0.004764871198186915},"point_estimate":-0.00003804258402351213,"standard_error":0.0022741577559871975}}