{"mean":{"confidence_interval":{"confidence_level":0.95,"lower_bound":-0.004523459422909548,"upper_bound":0.0024494208584483652},"point_estimate":-0.0009964989533424173,"standard_error":0.0017850803830459687},"median":{"confidence_interval":{"confidence_level":0.95,"lower_bound":-0.004889428506960754,"upper_bound":0.00270919035495254},"point_estimate":-0.0019361477091205392,"standard_error":0.002075768704145977}}