{"mean":{"confidence_interval":{"confidence_level":0.95,"lower_bound":-0.038960961950207845,"upper_bound":-0.029913231325168956},"point_estimate":-0.03455254157854948,"standard_error":0.0023155966297695608},"median":{"confidence_interval":{"confidence_level":0.95,"lower_bound":-0.04377008707070151,"upper_bound":-0.03557574756102677},"point_estimate":-0.03975711396594939,"standard_error":0.0020879760740378436}}