{"mean":{"confidence_interval":{"confidence_level":0.95,"lower_bound":0.013692461301903824,"upper_bound":0.01945182560304798},"point_estimate":0.01640763695485714,"standard_error":0.0014644778907372102},"median":{"confidence_interval":{"confidence_level":0.95,"lower_bound":0.013420507258952163,"upper_bound":0.021587347027373083},"point_estimate":0.016511690213374175,"standard_error":0.0019160768443406504}}