{"mean":{"confidence_interval":{"confidence_level":0.95,"lower_bound":0.016095707979717933,"upper_bound":0.02552448015546791},"point_estimate":0.020703815505962675,"standard_error":0.002389598630809021},"median":{"confidence_interval":{"confidence_level":0.95,"lower_bound":0.011836269761608212,"upper_bound":0.01938058930992888},"point_estimate":0.01690369782817025,"standard_error":0.0021085122114779774}}