{"mean":{"confidence_interval":{"confidence_level":0.95,"lower_bound":1252.2677302211025,"upper_bound":1262.506852996524},"point_estimate":1257.612789388916,"standard_error":2.620711357253438},"median":{"confidence_interval":{"confidence_level":0.95,"lower_bound":1257.5543461829175,"upper_bound":1267.6949989311101},"point_estimate":1262.625114638448,"standard_error":2.496187861165376},"median_abs_dev":{"confidence_interval":{"confidence_level":0.95,"lower_bound":8.672142129989274,"upper_bound":21.19169613687083},"point_estimate":14.220232283881295,"standard_error":2.8960758427077136},"slope":{"confidence_interval":{"confidence_level":0.95,"lower_bound":1267.2219489106542,"upper_bound":1271.3394719872047},"point_estimate":1269.5537322695855,"standard_error":1.0520811466811624},"std_dev":{"confidence_interval":{"confidence_level":0.95,"lower_bound":13.888021882508179,"upper_bound":22.644308793942045},"point_estimate":18.767360361297655,"standard_error":2.226612574914545}}