{"mean":{"confidence_interval":{"confidence_level":0.95,"lower_bound":1249.755704774401,"upper_bound":1260.283091824989},"point_estimate":1255.3219102019812,"standard_error":2.681553869036507},"median":{"confidence_interval":{"confidence_level":0.95,"lower_bound":1256.142349377988,"upper_bound":1264.4639526276833},"point_estimate":1260.4849600551315,"standard_error":2.4326321971555243},"median_abs_dev":{"confidence_interval":{"confidence_level":0.95,"lower_bound":8.356469821003294,"upper_bound":20.274485696857443},"point_estimate":12.124494057892639,"standard_error":3.1080465385135914},"slope":{"confidence_interval":{"confidence_level":0.95,"lower_bound":1265.7236312123023,"upper_bound":1269.8574741661585},"point_estimate":1268.084322034154,"standard_error":1.0556420787242553},"std_dev":{"confidence_interval":{"confidence_level":0.95,"lower_bound":12.96902417868697,"upper_bound":24.23957327308849},"point_estimate":19.16089057410246,"standard_error":2.8848765503590275}}