{"mean":{"confidence_interval":{"confidence_level":0.95,"lower_bound":-0.010038712211430574,"upper_bound":-0.0005125675895741866},"point_estimate":-0.0050523499904707725,"standard_error":0.0024766264949712354},"median":{"confidence_interval":{"confidence_level":0.95,"lower_bound":-0.011088939882948123,"upper_bound":0.0014530543564989945},"point_estimate":-0.007732440087410475,"standard_error":0.0035097506125001715}}