{"mean":{"confidence_interval":{"confidence_level":0.95,"lower_bound":-0.04497085470698459,"upper_bound":-0.03597466136852045},"point_estimate":-0.040581131558691697,"standard_error":0.0022907738563749114},"median":{"confidence_interval":{"confidence_level":0.95,"lower_bound":-0.04844340617116705,"upper_bound":-0.038128678376620595},"point_estimate":-0.040256441311704805,"standard_error":0.003003272748816303}}