{"mean":{"confidence_interval":{"confidence_level":0.95,"lower_bound":-0.014254314363272208,"upper_bound":-0.009138127357515595},"point_estimate":-0.01164582332644648,"standard_error":0.0013466917059374803},"median":{"confidence_interval":{"confidence_level":0.95,"lower_bound":-0.01655037908462779,"upper_bound":-0.010591949425993952},"point_estimate":-0.013509021158526702,"standard_error":0.0015227757503934655}}