{"mean":{"confidence_interval":{"confidence_level":0.95,"lower_bound":0.059771816149137035,"upper_bound":0.0677215420223718},"point_estimate":0.0636828257916382,"standard_error":0.0020280873386578804},"median":{"confidence_interval":{"confidence_level":0.95,"lower_bound":0.05836443319505391,"upper_bound":0.07147740608463783},"point_estimate":0.06580048388003834,"standard_error":0.0034240676092203897}}