{"mean":{"confidence_interval":{"confidence_level":0.95,"lower_bound":-0.0120236587698951,"upper_bound":-0.0054276951199747625},"point_estimate":-0.008817625955673591,"standard_error":0.0016956502527262383},"median":{"confidence_interval":{"confidence_level":0.95,"lower_bound":-0.016922736140337347,"upper_bound":-0.005228836613673127},"point_estimate":-0.012290803672660888,"standard_error":0.0031380067817167122}}