{"mean":{"confidence_interval":{"confidence_level":0.95,"lower_bound":-0.050530114596662776,"upper_bound":-0.041983371856200165},"point_estimate":-0.04647569824618181,"standard_error":0.0021780164014240182},"median":{"confidence_interval":{"confidence_level":0.95,"lower_bound":-0.0543305774978976,"upper_bound":-0.044704890630952066},"point_estimate":-0.046898741993533166,"standard_error":0.002879681130720485}}