{"mean":{"confidence_interval":{"confidence_level":0.95,"lower_bound":-0.03105916155345193,"upper_bound":-0.01772597237703999},"point_estimate":-0.024641885190357593,"standard_error":0.0034023325896472517},"median":{"confidence_interval":{"confidence_level":0.95,"lower_bound":-0.037918273563528726,"upper_bound":-0.019027165524374112},"point_estimate":-0.027227141983961367,"standard_error":0.004735468131836691}}