{"mean":{"confidence_interval":{"confidence_level":0.95,"lower_bound":0.0383483401640392,"upper_bound":0.05057769202849202},"point_estimate":0.044437653381303344,"standard_error":0.0029810024615551153},"median":{"confidence_interval":{"confidence_level":0.95,"lower_bound":0.04457346361722547,"upper_bound":0.06023117327016392},"point_estimate":0.04955560510389856,"standard_error":0.004286329340534723}}