{"mean":{"confidence_interval":{"confidence_level":0.95,"lower_bound":0.046085384763810466,"upper_bound":0.05199825714719988},"point_estimate":0.04891092564464228,"standard_error":0.0015034670351617681},"median":{"confidence_interval":{"confidence_level":0.95,"lower_bound":0.04761219551036433,"upper_bound":0.050330405762943675},"point_estimate":0.04935543396641395,"standard_error":0.0007966133670085283}}