{"mean":{"confidence_interval":{"confidence_level":0.95,"lower_bound":-0.017175334578585888,"upper_bound":-0.009934670512375702},"point_estimate":-0.013445424016467644,"standard_error":0.0018620539802432605},"median":{"confidence_interval":{"confidence_level":0.95,"lower_bound":-0.014344295439941306,"upper_bound":-0.006436568750633587},"point_estimate":-0.011552425431668678,"standard_error":0.002202002465411291}}