{"mean":{"confidence_interval":{"confidence_level":0.95,"lower_bound":-0.043393735240708844,"upper_bound":-0.02292034593914225},"point_estimate":-0.03496162359008281,"standard_error":0.00513266881630614},"median":{"confidence_interval":{"confidence_level":0.95,"lower_bound":-0.05406629856420819,"upper_bound":-0.03799060943759969},"point_estimate":-0.04479655875297439,"standard_error":0.004125464729620815}}