{"mean":{"confidence_interval":{"confidence_level":0.95,"lower_bound":-0.014156434784452781,"upper_bound":0.001791740132857097},"point_estimate":-0.0044071287834477335,"standard_error":0.004460596271969128},"median":{"confidence_interval":{"confidence_level":0.95,"lower_bound":-0.00356969569725174,"upper_bound":0.0005783911214264493},"point_estimate":-0.0004527033970598282,"standard_error":0.0010257699091064977}}