{"mean":{"confidence_interval":{"confidence_level":0.95,"lower_bound":0.035846081143669384,"upper_bound":0.045862863835483283},"point_estimate":0.040707731862525076,"standard_error":0.002560977638695749},"median":{"confidence_interval":{"confidence_level":0.95,"lower_bound":0.029938419709346853,"upper_bound":0.046385653249966685},"point_estimate":0.03869821713342714,"standard_error":0.003958547742238141}}