{"mean":{"confidence_interval":{"confidence_level":0.95,"lower_bound":-0.04799846000026534,"upper_bound":-0.02873855671346327},"point_estimate":-0.03833398669122323,"standard_error":0.004680243420773838},"median":{"confidence_interval":{"confidence_level":0.95,"lower_bound":-0.06447593443692157,"upper_bound":-0.0262770184258726},"point_estimate":-0.04504703491825868,"standard_error":0.01203485759331749}}