{"mean":{"confidence_interval":{"confidence_level":0.95,"lower_bound":-0.03542343622976929,"upper_bound":-0.016924189448438334},"point_estimate":-0.026093390039205966,"standard_error":0.004721345986762477},"median":{"confidence_interval":{"confidence_level":0.95,"lower_bound":-0.03605451460724096,"upper_bound":0.002450362930919825},"point_estimate":-0.016711425593664897,"standard_error":0.0122129158032574}}