{"mean":{"confidence_interval":{"confidence_level":0.95,"lower_bound":-0.04493776315131319,"upper_bound":-0.024994230971717345},"point_estimate":-0.034842560141380874,"standard_error":0.005096974104461362},"median":{"confidence_interval":{"confidence_level":0.95,"lower_bound":-0.05360545272043871,"upper_bound":-0.013213265627058969},"point_estimate":-0.03479942402067393,"standard_error":0.01237117027285348}}