{"mean":{"confidence_interval":{"confidence_level":0.95,"lower_bound":0.013992542592219843,"upper_bound":0.024316983313365678},"point_estimate":0.01900994397786171,"standard_error":0.0026833303314297333},"median":{"confidence_interval":{"confidence_level":0.95,"lower_bound":0.012451297718294195,"upper_bound":0.02832773190374893},"point_estimate":0.019821262409672746,"standard_error":0.003852207106178755}}