{"mean":{"confidence_interval":{"confidence_level":0.95,"lower_bound":-0.008345395793191823,"upper_bound":0.0041691175266680425},"point_estimate":-0.0019020934959347313,"standard_error":0.0032101277464727826},"median":{"confidence_interval":{"confidence_level":0.95,"lower_bound":-0.005875323378688679,"upper_bound":0.00995857849455084},"point_estimate":0.00588929032289065,"standard_error":0.003708935031896928}}