{"mean":{"confidence_interval":{"confidence_level":0.95,"lower_bound":625.3972267789148,"upper_bound":631.2441473001227},"point_estimate":628.5623197646092,"standard_error":1.4901706305665896},"median":{"confidence_interval":{"confidence_level":0.95,"lower_bound":626.8224285714285,"upper_bound":634.3413564213564},"point_estimate":631.6608664021164,"standard_error":1.9172530102748624},"median_abs_dev":{"confidence_interval":{"confidence_level":0.95,"lower_bound":4.488747920308805,"upper_bound":11.452426168973194},"point_estimate":7.460884317542877,"standard_error":1.8014144240066452},"slope":{"confidence_interval":{"confidence_level":0.95,"lower_bound":633.9285165224709,"upper_bound":636.3300213344975},"point_estimate":635.265265951133,"standard_error":0.610839973008613},"std_dev":{"confidence_interval":{"confidence_level":0.95,"lower_bound":6.756081082126985,"upper_bound":14.96201665091499},"point_estimate":10.711778223620813,"standard_error":2.378142004363884}}