{"mean":{"confidence_interval":{"confidence_level":0.95,"lower_bound":-0.4226098339545258,"upper_bound":-0.3602236921752962},"point_estimate":-0.39379685899889627,"standard_error":0.015971713797668492},"median":{"confidence_interval":{"confidence_level":0.95,"lower_bound":-0.47252137450076936,"upper_bound":-0.3858803932981165},"point_estimate":-0.464467247261809,"standard_error":0.026690699717974765}}