{"mean":{"confidence_interval":{"confidence_level":0.95,"lower_bound":272.2489437721564,"upper_bound":278.5370057747594},"point_estimate":275.60669227841373,"standard_error":1.6084900628961953},"median":{"confidence_interval":{"confidence_level":0.95,"lower_bound":276.62466619817286,"upper_bound":279.7958725198487},"point_estimate":278.32671575666836,"standard_error":0.8464325228681995},"median_abs_dev":{"confidence_interval":{"confidence_level":0.95,"lower_bound":3.14874714199326,"upper_bound":11.3998706057636},"point_estimate":5.8925518780729504,"standard_error":2.297081573553735},"slope":{"confidence_interval":{"confidence_level":0.95,"lower_bound":279.96221628013944,"upper_bound":282.6751230005231},"point_estimate":281.30991018261847,"standard_error":0.6935920697798732},"std_dev":{"confidence_interval":{"confidence_level":0.95,"lower_bound":7.338198643010978,"upper_bound":15.424895875377224},"point_estimate":11.49782611897566,"standard_error":2.1193972641003183}}