{"mean":{"confidence_interval":{"confidence_level":0.95,"lower_bound":-0.01218790415736093,"upper_bound":-0.005507367624530561},"point_estimate":-0.008803241770959813,"standard_error":0.0016998416324568572},"median":{"confidence_interval":{"confidence_level":0.95,"lower_bound":-0.013930104225747253,"upper_bound":-0.0052581618003276764},"point_estimate":-0.010429963239687923,"standard_error":0.002022036872695456}}