{"mean":{"confidence_interval":{"confidence_level":0.95,"lower_bound":0.008184840499761759,"upper_bound":0.014764687047676457},"point_estimate":0.011500043991801379,"standard_error":0.0016852151318992778},"median":{"confidence_interval":{"confidence_level":0.95,"lower_bound":0.009096204877709013,"upper_bound":0.016362429531014966},"point_estimate":0.013516362525985093,"standard_error":0.0018753422054379905}}