{"mean":{"confidence_interval":{"confidence_level":0.95,"lower_bound":0.032191057239281874,"upper_bound":0.038062546706085554},"point_estimate":0.035180970310967785,"standard_error":0.0015017387413975192},"median":{"confidence_interval":{"confidence_level":0.95,"lower_bound":0.03151597107241444,"upper_bound":0.03990553983533096},"point_estimate":0.034846828388935824,"standard_error":0.002090824487031059}}