{"mean":{"confidence_interval":{"confidence_level":0.95,"lower_bound":0.038298001934164064,"upper_bound":0.045728042188149125},"point_estimate":0.04197641684629949,"standard_error":0.0017945306582954417},"median":{"confidence_interval":{"confidence_level":0.95,"lower_bound":0.03613402780234324,"upper_bound":0.047778477554574206},"point_estimate":0.04450075018731736,"standard_error":0.002164446454899529}}