{"mean":{"confidence_interval":{"confidence_level":0.95,"lower_bound":-0.041470555819210504,"upper_bound":-0.03632710796725247},"point_estimate":-0.03885021274914735,"standard_error":0.0013328097592177164},"median":{"confidence_interval":{"confidence_level":0.95,"lower_bound":-0.045591822683188066,"upper_bound":-0.03521575182395009},"point_estimate":-0.037696345191727154,"standard_error":0.002713293182720396}}