{"mean":{"confidence_interval":{"confidence_level":0.95,"lower_bound":-0.046037437243812804,"upper_bound":-0.038990864537753064},"point_estimate":-0.04255236686902242,"standard_error":0.001802164623409023},"median":{"confidence_interval":{"confidence_level":0.95,"lower_bound":-0.049772342491317664,"upper_bound":-0.0419174033976657},"point_estimate":-0.047007444101298645,"standard_error":0.0018196082268739876}}