{"mean":{"confidence_interval":{"confidence_level":0.95,"lower_bound":14213.027371500038,"upper_bound":14328.486040213704},"point_estimate":14272.244360218234,"standard_error":29.468171539853824},"median":{"confidence_interval":{"confidence_level":0.95,"lower_bound":14329.601731601731,"upper_bound":14378.640495867769},"point_estimate":14358.307018716578,"standard_error":12.157766035657744},"median_abs_dev":{"confidence_interval":{"confidence_level":0.95,"lower_bound":53.7936690449721,"upper_bound":140.83694721038788},"point_estimate":84.54847258987417,"standard_error":23.181302379906107},"slope":{"confidence_interval":{"confidence_level":0.95,"lower_bound":14089.04309161574,"upper_bound":14268.4581491104},"point_estimate":14176.528555726161,"standard_error":45.903582065774316},"std_dev":{"confidence_interval":{"confidence_level":0.95,"lower_bound":165.84319669799748,"upper_bound":243.04612840306316},"point_estimate":212.5455637842827,"standard_error":19.653734398280545}}