{"mean":{"confidence_interval":{"confidence_level":0.95,"lower_bound":0.029775853151979437,"upper_bound":0.032992549896567254},"point_estimate":0.031357833881047625,"standard_error":0.0008223104953132073},"median":{"confidence_interval":{"confidence_level":0.95,"lower_bound":0.03077709963029851,"upper_bound":0.033852175608021534},"point_estimate":0.0322559669768403,"standard_error":0.0006851863365760663}}