{"mean":{"confidence_interval":{"confidence_level":0.95,"lower_bound":-0.03009720328805463,"upper_bound":-0.019855613881526964},"point_estimate":-0.024405063466146237,"standard_error":0.002537328629979503},"median":{"confidence_interval":{"confidence_level":0.95,"lower_bound":-0.02547857850413915,"upper_bound":-0.014311571108513554},"point_estimate":-0.016904918638041333,"standard_error":0.002682462384578389}}