{"mean":{"confidence_interval":{"confidence_level":0.95,"lower_bound":-0.027925030526015915,"upper_bound":-0.021286092426570417},"point_estimate":-0.02476370108405357,"standard_error":0.0017117134628653729},"median":{"confidence_interval":{"confidence_level":0.95,"lower_bound":-0.03424765832030119,"upper_bound":-0.029720265978536164},"point_estimate":-0.03259588308486994,"standard_error":0.001476167955692127}}