{"mean":{"confidence_interval":{"confidence_level":0.95,"lower_bound":-0.011327957909823723,"upper_bound":-0.004629231976669673},"point_estimate":-0.007889317774940063,"standard_error":0.001710358642682982},"median":{"confidence_interval":{"confidence_level":0.95,"lower_bound":-0.004710713944914267,"upper_bound":-0.00005528646879782162},"point_estimate":-0.0011009347536666825,"standard_error":0.0013785335093375534}}