{"mean":{"confidence_interval":{"confidence_level":0.95,"lower_bound":-0.005035849875332787,"upper_bound":0.0017152971083802537},"point_estimate":-0.0015844200064965008,"standard_error":0.0017247739328438761},"median":{"confidence_interval":{"confidence_level":0.95,"lower_bound":0.0018476800735525156,"upper_bound":0.006479615376244752},"point_estimate":0.005214429401317,"standard_error":0.0013948004130551698}}