{"mean":{"confidence_interval":{"confidence_level":0.95,"lower_bound":0.02066941323194199,"upper_bound":0.025240640495394054},"point_estimate":0.022946969158055497,"standard_error":0.0011649830734169304},"median":{"confidence_interval":{"confidence_level":0.95,"lower_bound":0.02068258923307087,"upper_bound":0.024419009449814677},"point_estimate":0.022373865527707038,"standard_error":0.0009399207480080844}}