{"mean":{"confidence_interval":{"confidence_level":0.95,"lower_bound":-0.04608642912430968,"upper_bound":-0.033264240275702316},"point_estimate":-0.03976140956257379,"standard_error":0.003285357301486751},"median":{"confidence_interval":{"confidence_level":0.95,"lower_bound":-0.05189674479069306,"upper_bound":-0.03562473028550672},"point_estimate":-0.04902259083629068,"standard_error":0.004076792588421348}}