{"mean":{"confidence_interval":{"confidence_level":0.95,"lower_bound":-0.04822169557239824,"upper_bound":-0.03480284949881503},"point_estimate":-0.04167479137031804,"standard_error":0.003434348728863984},"median":{"confidence_interval":{"confidence_level":0.95,"lower_bound":-0.055913920610471735,"upper_bound":-0.03978911493735682},"point_estimate":-0.0529172712665098,"standard_error":0.004100214351650816}}