{"mean":{"confidence_interval":{"confidence_level":0.95,"lower_bound":0.017589077191833048,"upper_bound":0.021441392301775653},"point_estimate":0.01936291632440401,"standard_error":0.0009646394778776909},"median":{"confidence_interval":{"confidence_level":0.95,"lower_bound":0.01833886667167728,"upper_bound":0.020251193851540172},"point_estimate":0.01916276939435302,"standard_error":0.0004951432147469924}}