{"mean":{"confidence_interval":{"confidence_level":0.95,"lower_bound":-0.04345415851440034,"upper_bound":-0.04064783879976317},"point_estimate":-0.0420672038113622,"standard_error":0.0007176118073757664},"median":{"confidence_interval":{"confidence_level":0.95,"lower_bound":-0.0437179283179322,"upper_bound":-0.04081272471238262},"point_estimate":-0.04182109748294738,"standard_error":0.0007500752344726672}}