{"mean":{"confidence_interval":{"confidence_level":0.95,"lower_bound":0.01831543947391048,"upper_bound":0.03380088855206531},"point_estimate":0.025899043658367704,"standard_error":0.003916238895187058},"median":{"confidence_interval":{"confidence_level":0.95,"lower_bound":0.01777311776780688,"upper_bound":0.04003723012277094},"point_estimate":0.0322522684165909,"standard_error":0.005288157993900294}}