{"mean":{"confidence_interval":{"confidence_level":0.95,"lower_bound":0.02391519282991973,"upper_bound":0.02820234777929635},"point_estimate":0.02608139700004708,"standard_error":0.0010898273951871755},"median":{"confidence_interval":{"confidence_level":0.95,"lower_bound":0.02463269440789717,"upper_bound":0.028152373615638826},"point_estimate":0.026006712540741272,"standard_error":0.0008982304848458152}}