{"mean":{"confidence_interval":{"confidence_level":0.95,"lower_bound":-0.3765999442344639,"upper_bound":-0.31953134840349184},"point_estimate":-0.347786208049092,"standard_error":0.014540943338444324},"median":{"confidence_interval":{"confidence_level":0.95,"lower_bound":-0.36933052888734086,"upper_bound":-0.28245398428737317},"point_estimate":-0.30488233560633604,"standard_error":0.023294396368194147}}