{"mean":{"confidence_interval":{"confidence_level":0.95,"lower_bound":0.08707429970129386,"upper_bound":0.17930566049330143},"point_estimate":0.13170203650904844,"standard_error":0.023686977440058193},"median":{"confidence_interval":{"confidence_level":0.95,"lower_bound":0.07291868159444605,"upper_bound":0.1902292460330952},"point_estimate":0.10099646512562277,"standard_error":0.027476500876498815}}