{"mean":{"confidence_interval":{"confidence_level":0.95,"lower_bound":0.0019848807380799817,"upper_bound":0.09747493909461065},"point_estimate":0.05176335914933494,"standard_error":0.024222690175823344},"median":{"confidence_interval":{"confidence_level":0.95,"lower_bound":-0.01263993626333515,"upper_bound":0.1145024218886368},"point_estimate":0.0337490610616582,"standard_error":0.03294825468777012}}