{"mean":{"confidence_interval":{"confidence_level":0.95,"lower_bound":-0.42167166183185917,"upper_bound":-0.3723354108604441},"point_estimate":-0.39817547720338486,"standard_error":0.012603900420530478},"median":{"confidence_interval":{"confidence_level":0.95,"lower_bound":-0.4192637963129766,"upper_bound":-0.3419051151470699},"point_estimate":-0.36913124412826137,"standard_error":0.019623604473847815}}