{"mean":{"confidence_interval":{"confidence_level":0.95,"lower_bound":-0.038062713058902076,"upper_bound":-0.027018430933232744},"point_estimate":-0.03243246607146211,"standard_error":0.0028186889001056313},"median":{"confidence_interval":{"confidence_level":0.95,"lower_bound":-0.04509563923760862,"upper_bound":-0.02686212298818824},"point_estimate":-0.0346906050218756,"standard_error":0.004490699184889594}}