{"mean":{"confidence_interval":{"confidence_level":0.95,"lower_bound":0.05399064075180231,"upper_bound":0.06191277033614323},"point_estimate":0.05806075954768097,"standard_error":0.0020184447766422673},"median":{"confidence_interval":{"confidence_level":0.95,"lower_bound":0.053955951060718155,"upper_bound":0.0679519913977571},"point_estimate":0.06055367781858534,"standard_error":0.0036041840837110774}}