{"mean":{"confidence_interval":{"confidence_level":0.95,"lower_bound":-0.029741097820615466,"upper_bound":-0.022418284056581972},"point_estimate":-0.02612444872425923,"standard_error":0.0018692021360314003},"median":{"confidence_interval":{"confidence_level":0.95,"lower_bound":-0.03517707922972724,"upper_bound":-0.026482469195065472},"point_estimate":-0.03111145489150635,"standard_error":0.0022618088919107975}}