{"mean":{"confidence_interval":{"confidence_level":0.95,"lower_bound":-0.031153850527181264,"upper_bound":-0.01667082916115965},"point_estimate":-0.02425318008397226,"standard_error":0.0036842609419922125},"median":{"confidence_interval":{"confidence_level":0.95,"lower_bound":-0.03269560829597458,"upper_bound":-0.017762471667374657},"point_estimate":-0.025244580929797644,"standard_error":0.0037548957544893827}}