{"mean":{"confidence_interval":{"confidence_level":0.95,"lower_bound":-0.008489340728906426,"upper_bound":0.0016165646003867536},"point_estimate":-0.003104316981475508,"standard_error":0.002690707152575426},"median":{"confidence_interval":{"confidence_level":0.95,"lower_bound":-0.006355333044057554,"upper_bound":0.0020383964346797384},"point_estimate":8.340007584761722e-6,"standard_error":0.002213304157297496}}