{"mean":{"confidence_interval":{"confidence_level":0.95,"lower_bound":-0.047830937714207655,"upper_bound":-0.038189587685138714},"point_estimate":-0.04315834747760361,"standard_error":0.0024602342115011035},"median":{"confidence_interval":{"confidence_level":0.95,"lower_bound":-0.04639223979294771,"upper_bound":-0.041474235253421976},"point_estimate":-0.04460795634341275,"standard_error":0.0012288584353991007}}