{"mean":{"confidence_interval":{"confidence_level":0.95,"lower_bound":-0.006821500308365258,"upper_bound":0.022249867967395674},"point_estimate":0.00368146108446199,"standard_error":0.00823927896679967},"median":{"confidence_interval":{"confidence_level":0.95,"lower_bound":-0.00838946046768374,"upper_bound":-0.00335781879200725},"point_estimate":-0.006778085270766621,"standard_error":0.0013191353703478383}}