{"mean":{"confidence_interval":{"confidence_level":0.95,"lower_bound":361.306357292524,"upper_bound":364.2419365148841},"point_estimate":362.8707966121667,"standard_error":0.752746035432255},"median":{"confidence_interval":{"confidence_level":0.95,"lower_bound":362.76482961482964,"upper_bound":365.4845892599464},"point_estimate":364.15991362427235,"standard_error":0.8031374455874186},"median_abs_dev":{"confidence_interval":{"confidence_level":0.95,"lower_bound":2.4032830490474546,"upper_bound":4.835622382178301},"point_estimate":3.628278344676085,"standard_error":0.6453241676400214},"slope":{"confidence_interval":{"confidence_level":0.95,"lower_bound":364.99742322149456,"upper_bound":366.49606583130577},"point_estimate":365.76358656369837,"standard_error":0.38209187113869725},"std_dev":{"confidence_interval":{"confidence_level":0.95,"lower_bound":3.5071639389202827,"upper_bound":7.141331217879706},"point_estimate":5.3936722986802295,"standard_error":0.9533406196977275}}