{"mean":{"confidence_interval":{"confidence_level":0.95,"lower_bound":55247.16191537919,"upper_bound":55431.465033756685},"point_estimate":55336.91918928574,"standard_error":47.16414844623989},"median":{"confidence_interval":{"confidence_level":0.95,"lower_bound":55078.392857142855,"upper_bound":55367.88909364618},"point_estimate":55249.21042471043,"standard_error":78.10406544286307},"median_abs_dev":{"confidence_interval":{"confidence_level":0.95,"lower_bound":98.65855320535678,"upper_bound":449.7170084282677},"point_estimate":320.5107015730424,"standard_error":90.27454943369705},"slope":{"confidence_interval":{"confidence_level":0.95,"lower_bound":55170.78960522498,"upper_bound":55321.26268688309},"point_estimate":55237.738850153924,"standard_error":38.400660116980596},"std_dev":{"confidence_interval":{"confidence_level":0.95,"lower_bound":260.0446782979461,"upper_bound":393.47612496448556},"point_estimate":335.0899118173619,"standard_error":33.99876099424459}}