{"mean":{"confidence_interval":{"confidence_level":0.95,"lower_bound":-0.02651573027271168,"upper_bound":-0.019556485405167967},"point_estimate":-0.023123805966214772,"standard_error":0.0017690511055896987},"median":{"confidence_interval":{"confidence_level":0.95,"lower_bound":-0.023104708749269953,"upper_bound":-0.017418253060825006},"point_estimate":-0.019999514559758902,"standard_error":0.0013113380964320735}}