{"mean":{"confidence_interval":{"confidence_level":0.95,"lower_bound":0.005618439969446332,"upper_bound":0.016276800169183092},"point_estimate":0.011190413296730206,"standard_error":0.0027186521188425137},"median":{"confidence_interval":{"confidence_level":0.95,"lower_bound":0.0015763908707803578,"upper_bound":0.023063114889369855},"point_estimate":0.012349085673438287,"standard_error":0.005978174603725549}}