{"mean":{"confidence_interval":{"confidence_level":0.95,"lower_bound":-0.023468446729166925,"upper_bound":-0.01642460578848326},"point_estimate":-0.020012169336100505,"standard_error":0.0017987373410038897},"median":{"confidence_interval":{"confidence_level":0.95,"lower_bound":-0.028747873206414143,"upper_bound":-0.02206370840216576},"point_estimate":-0.02534377598092241,"standard_error":0.001690433683918781}}