{"mean":{"confidence_interval":{"confidence_level":0.95,"lower_bound":-0.002246952275546499,"upper_bound":0.006914044274791793},"point_estimate":0.0022873811512862385,"standard_error":0.0024576497186363073},"median":{"confidence_interval":{"confidence_level":0.95,"lower_bound":-0.009646440423185965,"upper_bound":0.011795505382798499},"point_estimate":0.001198233546045202,"standard_error":0.006155735812245394}}