{"mean":{"confidence_interval":{"confidence_level":0.95,"lower_bound":-0.0037123870992345044,"upper_bound":0.04842252692581878},"point_estimate":0.016302239701708743,"standard_error":0.01466651723857528},"median":{"confidence_interval":{"confidence_level":0.95,"lower_bound":-0.024037213343427344,"upper_bound":0.016003981288260194},"point_estimate":-0.0010928307954186645,"standard_error":0.01279108867323096}}