{"mean":{"confidence_interval":{"confidence_level":0.95,"lower_bound":-0.04808206544292315,"upper_bound":0.002119350115512564},"point_estimate":-0.017104231384035717,"standard_error":0.01430934339475773},"median":{"confidence_interval":{"confidence_level":0.95,"lower_bound":-0.020716462859922374,"upper_bound":0.019065850981787813},"point_estimate":-0.004135043151535012,"standard_error":0.013087359289581078}}