{"mean":{"confidence_interval":{"confidence_level":0.95,"lower_bound":-0.009512496419134247,"upper_bound":0.004326727244784084},"point_estimate":-0.0027203547590435306,"standard_error":0.003956840372043849},"median":{"confidence_interval":{"confidence_level":0.95,"lower_bound":-0.0074612574712186845,"upper_bound":-0.0011521810162280488},"point_estimate":-0.003986265439741232,"standard_error":0.0018172601034233582}}