{"mean":{"confidence_interval":{"confidence_level":0.95,"lower_bound":-0.0037876869951798398,"upper_bound":0.007342866037268969},"point_estimate":0.0017077879818419017,"standard_error":0.0028280730385702685},"median":{"confidence_interval":{"confidence_level":0.95,"lower_bound":-0.0061335871160210775,"upper_bound":0.011742038585610326},"point_estimate":0.005375066262557793,"standard_error":0.004082461363921292}}