{"mean":{"confidence_interval":{"confidence_level":0.95,"lower_bound":-0.07003690861392331,"upper_bound":-0.059391818419415654},"point_estimate":-0.06485518938177892,"standard_error":0.0027131183306008636},"median":{"confidence_interval":{"confidence_level":0.95,"lower_bound":-0.08048599474946627,"upper_bound":-0.06651772615555107},"point_estimate":-0.07693540826336986,"standard_error":0.003343482560370929}}