{"mean":{"confidence_interval":{"confidence_level":0.95,"lower_bound":-0.09363598798684629,"upper_bound":-0.08421853852455857},"point_estimate":-0.0890734895998968,"standard_error":0.0023998521481014353},"median":{"confidence_interval":{"confidence_level":0.95,"lower_bound":-0.1036752063121583,"upper_bound":-0.08857742926023571},"point_estimate":-0.099318820758302,"standard_error":0.0035449284720209325}}