{"mean":{"confidence_interval":{"confidence_level":0.95,"lower_bound":2267671.9733333327,"upper_bound":2274538.9898333335},"point_estimate":2271281.7888888884,"standard_error":1743.927332027574},"median":{"confidence_interval":{"confidence_level":0.95,"lower_bound":2269596.555555556,"upper_bound":2273501.777777778},"point_estimate":2271759.555555556,"standard_error":1117.9696838126004},"median_abs_dev":{"confidence_interval":{"confidence_level":0.95,"lower_bound":7478.563733896003,"upper_bound":14178.103548288345},"point_estimate":10217.91428526258,"standard_error":1662.4402987432602},"slope":null,"std_dev":{"confidence_interval":{"confidence_level":0.95,"lower_bound":8291.02172106489,"upper_bound":16902.22795624637},"point_estimate":12464.44695278846,"standard_error":2347.980314652738}}