{"mean":{"confidence_interval":{"confidence_level":0.95,"lower_bound":2252272.310277778,"upper_bound":2263683.317611111},"point_estimate":2258314.0511111114,"standard_error":2925.5864013839496},"median":{"confidence_interval":{"confidence_level":0.95,"lower_bound":2260338.5,"upper_bound":2265774.3333333335},"point_estimate":2262703.4444444445,"standard_error":1506.0175692002686},"median_abs_dev":{"confidence_interval":{"confidence_level":0.95,"lower_bound":5724.977431694053,"upper_bound":14142.274048924332},"point_estimate":9617.62602925266,"standard_error":2217.7463378309767},"slope":null,"std_dev":{"confidence_interval":{"confidence_level":0.95,"lower_bound":13184.17876670179,"upper_bound":26588.352821810564},"point_estimate":20880.96244854704,"standard_error":3412.8448715801946}}