{"mean":{"confidence_interval":{"confidence_level":0.95,"lower_bound":2194568.9420000007,"upper_bound":2195886.5910555557},"point_estimate":2195178.6711111106,"standard_error":337.6381462048073},"median":{"confidence_interval":{"confidence_level":0.95,"lower_bound":2194288.8333333335,"upper_bound":2195132.611111111},"point_estimate":2194701.388888889,"standard_error":223.11903365296348},"median_abs_dev":{"confidence_interval":{"confidence_level":0.95,"lower_bound":915.8349504070393,"upper_bound":1990.8846646542715},"point_estimate":1470.5744405589048,"standard_error":271.52839874063187},"slope":null,"std_dev":{"confidence_interval":{"confidence_level":0.95,"lower_bound":1304.5602447051763,"upper_bound":3217.7739513514525},"point_estimate":2418.0450543961238,"standard_error":475.008132634771}}