{"mean":{"confidence_interval":{"confidence_level":0.95,"lower_bound":-0.015854823805001545,"upper_bound":-0.006741566754079816},"point_estimate":-0.011409905920180652,"standard_error":0.0023366066030731506},"median":{"confidence_interval":{"confidence_level":0.95,"lower_bound":-0.0197326001385304,"upper_bound":-0.013095150147712786},"point_estimate":-0.016630895496557385,"standard_error":0.0018044310254362189}}