{"mean":{"confidence_interval":{"confidence_level":0.95,"lower_bound":0.006717154654995783,"upper_bound":0.012783597924450163},"point_estimate":0.00988341271731663,"standard_error":0.0015585531141859496},"median":{"confidence_interval":{"confidence_level":0.95,"lower_bound":0.010277047486923596,"upper_bound":0.01716749484816904},"point_estimate":0.012710911729757246,"standard_error":0.0018743187571398099}}