{"mean":{"confidence_interval":{"confidence_level":0.95,"lower_bound":-0.04374592434126082,"upper_bound":-0.037065654828159635},"point_estimate":-0.040544100655904636,"standard_error":0.0017043381363223843},"median":{"confidence_interval":{"confidence_level":0.95,"lower_bound":-0.045958387304041115,"upper_bound":-0.04177910278878327},"point_estimate":-0.04293606639088654,"standard_error":0.001120347354607413}}