{"mean":{"confidence_interval":{"confidence_level":0.95,"lower_bound":0.03070212181619567,"upper_bound":0.04093900262135166},"point_estimate":0.03588740463795581,"standard_error":0.0025633932791231185},"median":{"confidence_interval":{"confidence_level":0.95,"lower_bound":0.036486094675045155,"upper_bound":0.04657403503425308},"point_estimate":0.04239714658476923,"standard_error":0.002636163062502711}}