{"mean":{"confidence_interval":{"confidence_level":0.95,"lower_bound":-0.006145725985052453,"upper_bound":-0.0004408099703943069},"point_estimate":-0.003216633182295814,"standard_error":0.0014480021104742605},"median":{"confidence_interval":{"confidence_level":0.95,"lower_bound":-0.00618476847716154,"upper_bound":-0.0015501495903998963},"point_estimate":-0.0027039320837243253,"standard_error":0.0012376226433110176}}