{"mean":{"confidence_interval":{"confidence_level":0.95,"lower_bound":-0.002183598302798684,"upper_bound":0.008137297321551877},"point_estimate":0.003479831062661809,"standard_error":0.0026371545650284082},"median":{"confidence_interval":{"confidence_level":0.95,"lower_bound":0.0020177989622156556,"upper_bound":0.006813678461655037},"point_estimate":0.0032735202722682377,"standard_error":0.0012442599651623885}}