{"mean":{"confidence_interval":{"confidence_level":0.95,"lower_bound":-0.010135809916959615,"upper_bound":-0.004291512407224597},"point_estimate":-0.00734463769185234,"standard_error":0.0015048307821507595},"median":{"confidence_interval":{"confidence_level":0.95,"lower_bound":-0.010300086520579677,"upper_bound":-0.0038000779587491484},"point_estimate":-0.0066431550557377594,"standard_error":0.0015806747374425853}}