{"mean":{"confidence_interval":{"confidence_level":0.95,"lower_bound":-0.15626999551866694,"upper_bound":-0.11953655761848772},"point_estimate":-0.1383860060541987,"standard_error":0.00929349550029032},"median":{"confidence_interval":{"confidence_level":0.95,"lower_bound":-0.15802405779170706,"upper_bound":-0.13470564394650297},"point_estimate":-0.15232766140485754,"standard_error":0.006292870260821145}}