{"mean":{"confidence_interval":{"confidence_level":0.95,"lower_bound":-0.17907815741685565,"upper_bound":-0.14574023130083602},"point_estimate":-0.16260235977429438,"standard_error":0.008491558724765173},"median":{"confidence_interval":{"confidence_level":0.95,"lower_bound":-0.1691221394208302,"upper_bound":-0.16129605940874836},"point_estimate":-0.16422659102609138,"standard_error":0.0019483736937561359}}