{"mean":{"confidence_interval":{"confidence_level":0.95,"lower_bound":0.030038289742194912,"upper_bound":0.06726041485550494},"point_estimate":0.04842250600139586,"standard_error":0.00936510253824902},"median":{"confidence_interval":{"confidence_level":0.95,"lower_bound":0.04930030564458465,"upper_bound":0.054490291581185346},"point_estimate":0.051779599172274704,"standard_error":0.0014590415131843408}}