{"mean":{"confidence_interval":{"confidence_level":0.95,"lower_bound":0.001768979325983894,"upper_bound":0.052686861009187305},"point_estimate":0.026215350522257985,"standard_error":0.01294785800710844},"median":{"confidence_interval":{"confidence_level":0.95,"lower_bound":0.001993015883484217,"upper_bound":0.03982460242852759},"point_estimate":0.010603598159238947,"standard_error":0.010888542381567027}}