{"mean":{"confidence_interval":{"confidence_level":0.95,"lower_bound":0.0011790603152579404,"upper_bound":0.012674879126099865},"point_estimate":0.006831041096002632,"standard_error":0.002928964354627303},"median":{"confidence_interval":{"confidence_level":0.95,"lower_bound":0.003118155115172704,"upper_bound":0.018210617515208583},"point_estimate":0.011666042663700527,"standard_error":0.0036981009072604995}}