{"mean":{"confidence_interval":{"confidence_level":0.95,"lower_bound":-0.0703958614878293,"upper_bound":-0.022308650175809675},"point_estimate":-0.04063763265482567,"standard_error":0.013612311906913413},"median":{"confidence_interval":{"confidence_level":0.95,"lower_bound":-0.042928817155071464,"upper_bound":-0.024957771537598594},"point_estimate":-0.035609425506118564,"standard_error":0.004404202778753227}}