{"mean":{"confidence_interval":{"confidence_level":0.95,"lower_bound":-0.00612527038339693,"upper_bound":0.044751145473332414},"point_estimate":0.013033766571588945,"standard_error":0.013981228850079769},"median":{"confidence_interval":{"confidence_level":0.95,"lower_bound":-0.00663369792360724,"upper_bound":0.008733919599192896},"point_estimate":0.0028161352186795163,"standard_error":0.003555731282937602}}