{"mean":{"confidence_interval":{"confidence_level":0.95,"lower_bound":-0.08317411787238045,"upper_bound":-0.07927107877467947},"point_estimate":-0.08131558364194236,"standard_error":0.0009982862908549622},"median":{"confidence_interval":{"confidence_level":0.95,"lower_bound":-0.08493554717129581,"upper_bound":-0.0813705982167433},"point_estimate":-0.08328171709065568,"standard_error":0.001015903720122497}}