{"mean":{"confidence_interval":{"confidence_level":0.95,"lower_bound":0.015956806299721227,"upper_bound":0.024420347068196784},"point_estimate":0.020213548553384753,"standard_error":0.0021595425242033734},"median":{"confidence_interval":{"confidence_level":0.95,"lower_bound":0.01889586466907466,"upper_bound":0.024396909875230355},"point_estimate":0.021404971084947766,"standard_error":0.001424494704757533}}