{"mean":{"confidence_interval":{"confidence_level":0.95,"lower_bound":-0.08143616131597901,"upper_bound":-0.03111042884900883},"point_estimate":-0.05035758272872981,"standard_error":0.013746386549584176},"median":{"confidence_interval":{"confidence_level":0.95,"lower_bound":-0.04869312881945875,"upper_bound":-0.035833491581858},"point_estimate":-0.043738655870646515,"standard_error":0.0029493928299319976}}