{"mean":{"confidence_interval":{"confidence_level":0.95,"lower_bound":73360.20801813522,"upper_bound":74023.54120979176},"point_estimate":73624.19180214996,"standard_error":176.5757996395087},"median":{"confidence_interval":{"confidence_level":0.95,"lower_bound":73259.28512931034,"upper_bound":73385.96028708134},"point_estimate":73317.48005148006,"standard_error":36.43602984960368},"median_abs_dev":{"confidence_interval":{"confidence_level":0.95,"lower_bound":89.45448113247174,"upper_bound":268.8290706818915},"point_estimate":142.3029869979531,"standard_error":47.150290564678926},"slope":{"confidence_interval":{"confidence_level":0.95,"lower_bound":73263.90306249983,"upper_bound":73671.60244644976},"point_estimate":73479.40732906232,"standard_error":104.45252982423499},"std_dev":{"confidence_interval":{"confidence_level":0.95,"lower_bound":301.4200060097212,"upper_bound":2052.965486694676},"point_estimate":1265.5915141031157,"standard_error":541.9247737401095}}