{"mean":{"confidence_interval":{"confidence_level":0.95,"lower_bound":-0.20779169625499408,"upper_bound":-0.13440781805343982},"point_estimate":-0.1726196352866589,"standard_error":0.018778493549464304},"median":{"confidence_interval":{"confidence_level":0.95,"lower_bound":-0.2502044057652194,"upper_bound":-0.08650188002308501},"point_estimate":-0.13462645496454007,"standard_error":0.050419669208744224}}