{"mean":{"confidence_interval":{"confidence_level":0.95,"lower_bound":7751647.648500003,"upper_bound":7851511.8281666655},"point_estimate":7803830.206666669,"standard_error":25606.011049836827},"median":{"confidence_interval":{"confidence_level":0.95,"lower_bound":7831936.333333334,"upper_bound":7890490.333333333},"point_estimate":7865952.0,"standard_error":16772.025666016216},"median_abs_dev":{"confidence_interval":{"confidence_level":0.95,"lower_bound":67312.26270496707,"upper_bound":168984.02689993288},"point_estimate":100903.53030860424,"standard_error":27073.09147969212},"slope":null,"std_dev":{"confidence_interval":{"confidence_level":0.95,"lower_bound":139704.97615505822,"upper_bound":212216.10139079066},"point_estimate":182818.8635026694,"standard_error":18584.077146567535}}