{"mean":{"confidence_interval":{"confidence_level":0.95,"lower_bound":7464370.020833331,"upper_bound":7498454.553333333},"point_estimate":7480826.793333331,"standard_error":8662.363600999328},"median":{"confidence_interval":{"confidence_level":0.95,"lower_bound":7446092.5,"upper_bound":7475848.166666667},"point_estimate":7466215.5,"standard_error":8835.27274442755},"median_abs_dev":{"confidence_interval":{"confidence_level":0.95,"lower_bound":29357.950478792653,"upper_bound":71861.8678241959},"point_estimate":48168.68474483444,"standard_error":10892.964907977399},"slope":null,"std_dev":{"confidence_interval":{"confidence_level":0.95,"lower_bound":48151.8202855441,"upper_bound":71980.01279849482},"point_estimate":61907.86620608063,"standard_error":6078.664925191623}}