{"mean":{"confidence_interval":{"confidence_level":0.95,"lower_bound":-0.010283322150897556,"upper_bound":0.00034470741157270764},"point_estimate":-0.005043359771912392,"standard_error":0.0027377267506318546},"median":{"confidence_interval":{"confidence_level":0.95,"lower_bound":-0.010152032137114861,"upper_bound":0.005833780552082279},"point_estimate":0.0012667170164517572,"standard_error":0.003929896233861856}}