{"mean":{"confidence_interval":{"confidence_level":0.95,"lower_bound":-0.003861153421291647,"upper_bound":0.00718202497334181},"point_estimate":0.0016701069229421162,"standard_error":0.002815986814725211},"median":{"confidence_interval":{"confidence_level":0.95,"lower_bound":0.000044075882619898366,"upper_bound":0.008351440315947478},"point_estimate":0.005395611307223103,"standard_error":0.002057250894103412}}