{"mean":{"confidence_interval":{"confidence_level":0.95,"lower_bound":-0.04267810110033898,"upper_bound":-0.030920109878764812},"point_estimate":-0.0370682727393179,"standard_error":0.0030106292092846234},"median":{"confidence_interval":{"confidence_level":0.95,"lower_bound":-0.04351813164531282,"upper_bound":-0.0307389404677213},"point_estimate":-0.03906657551868786,"standard_error":0.003166090615025364}}