{"mean":{"confidence_interval":{"confidence_level":0.95,"lower_bound":0.012856008454580781,"upper_bound":0.022157847355509824},"point_estimate":0.01779326900929812,"standard_error":0.0023730227262659357},"median":{"confidence_interval":{"confidence_level":0.95,"lower_bound":0.018680030999507928,"upper_bound":0.026322814188202148},"point_estimate":0.022749958352646926,"standard_error":0.0019742512151969434}}