{"mean":{"confidence_interval":{"confidence_level":0.95,"lower_bound":-0.011683850650230587,"upper_bound":-0.005621234732214098},"point_estimate":-0.008634042965744326,"standard_error":0.001549555708740126},"median":{"confidence_interval":{"confidence_level":0.95,"lower_bound":-0.0128211172432382,"upper_bound":-0.0057514259039121995},"point_estimate":-0.009414515928846456,"standard_error":0.001873411206895252}}