{"mean":{"confidence_interval":{"confidence_level":0.95,"lower_bound":-0.013109542819855775,"upper_bound":-0.002824781497884159},"point_estimate":-0.007997332116948419,"standard_error":0.002765592785956105},"median":{"confidence_interval":{"confidence_level":0.95,"lower_bound":-0.010376172179238807,"upper_bound":0.003012599284736739},"point_estimate":-0.0017153035586563448,"standard_error":0.003346610680721486}}