{"mean":{"confidence_interval":{"confidence_level":0.95,"lower_bound":-0.01610613020168391,"upper_bound":-0.003023871840093482},"point_estimate":-0.009174445917902507,"standard_error":0.0033826195591184},"median":{"confidence_interval":{"confidence_level":0.95,"lower_bound":-0.013082142155259824,"upper_bound":0.005639478352281513},"point_estimate":-0.0020237406050246376,"standard_error":0.0046441979075680035}}