{"mean":{"confidence_interval":{"confidence_level":0.95,"lower_bound":-0.020484591429725175,"upper_bound":0.0009380356204371498},"point_estimate":-0.010140376457309475,"standard_error":0.005443637547361759},"median":{"confidence_interval":{"confidence_level":0.95,"lower_bound":-0.04285939424310059,"upper_bound":0.018366332758467774},"point_estimate":0.0024099479950057123,"standard_error":0.017796777500519265}}