{"mean":{"confidence_interval":{"confidence_level":0.95,"lower_bound":-0.03810942444503879,"upper_bound":-0.023415450420743333},"point_estimate":-0.030789040095834497,"standard_error":0.0037863639558612756},"median":{"confidence_interval":{"confidence_level":0.95,"lower_bound":-0.03945120878242059,"upper_bound":-0.0224121615273144},"point_estimate":-0.027535489883289577,"standard_error":0.0048369505683979975}}