{"mean":{"confidence_interval":{"confidence_level":0.95,"lower_bound":-0.027100883934735236,"upper_bound":-0.013876591097220791},"point_estimate":-0.020411303024066907,"standard_error":0.0033716124717453836},"median":{"confidence_interval":{"confidence_level":0.95,"lower_bound":-0.036502870211433947,"upper_bound":-0.014173434063352697},"point_estimate":-0.029605505120086195,"standard_error":0.005713031743908803}}