{"mean":{"confidence_interval":{"confidence_level":0.95,"lower_bound":2200514.4729444454,"upper_bound":2215285.5605555563},"point_estimate":2208184.682222223,"standard_error":3777.635892280536},"median":{"confidence_interval":{"confidence_level":0.95,"lower_bound":2212228.0,"upper_bound":2219671.0},"point_estimate":2216636.555555556,"standard_error":1920.3315002898237},"median_abs_dev":{"confidence_interval":{"confidence_level":0.95,"lower_bound":7464.396667480929,"upper_bound":19274.87042446935},"point_estimate":11499.457229177118,"standard_error":3063.573363638497},"slope":null,"std_dev":{"confidence_interval":{"confidence_level":0.95,"lower_bound":19309.239495324196,"upper_bound":32997.332110645664},"point_estimate":27089.665641781692,"standard_error":3507.039570263253}}