{"mean":{"confidence_interval":{"confidence_level":0.95,"lower_bound":-0.00395665170900783,"upper_bound":0.003339011559879795},"point_estimate":-0.0006204879990741041,"standard_error":0.0018792681266319917},"median":{"confidence_interval":{"confidence_level":0.95,"lower_bound":-0.004462039377727267,"upper_bound":0.0009271157308627931},"point_estimate":-0.002408120044923079,"standard_error":0.0012491175193644097}}