{"mean":{"confidence_interval":{"confidence_level":0.95,"lower_bound":-0.06792716141638777,"upper_bound":-0.057095590459776926},"point_estimate":-0.06255931659275937,"standard_error":0.0027426306426011934},"median":{"confidence_interval":{"confidence_level":0.95,"lower_bound":-0.07191949875014736,"upper_bound":-0.05809961340634129},"point_estimate":-0.0637064535948837,"standard_error":0.0034731827518127444}}