{"mean":{"confidence_interval":{"confidence_level":0.95,"lower_bound":-0.06309796125672457,"upper_bound":-0.05308728725138748},"point_estimate":-0.05814413819055331,"standard_error":0.002564567742024102},"median":{"confidence_interval":{"confidence_level":0.95,"lower_bound":-0.06403034530090923,"upper_bound":-0.05028511715925221},"point_estimate":-0.05557961805792677,"standard_error":0.003465864453372998}}