{"mean":{"confidence_interval":{"confidence_level":0.95,"lower_bound":-0.12729903721028613,"upper_bound":-0.1199944468244362},"point_estimate":-0.12443762368108358,"standard_error":0.001911391839727516},"median":{"confidence_interval":{"confidence_level":0.95,"lower_bound":-0.12859094970666762,"upper_bound":-0.12491998290924877},"point_estimate":-0.12645129243032693,"standard_error":0.0008984722136623805}}