{"mean":{"confidence_interval":{"confidence_level":0.95,"lower_bound":0.007325026156615372,"upper_bound":0.019987620831982682},"point_estimate":0.013608040985709113,"standard_error":0.003255550785716948},"median":{"confidence_interval":{"confidence_level":0.95,"lower_bound":0.006078911291951039,"upper_bound":0.022691515948339402},"point_estimate":0.011866518002094928,"standard_error":0.004268556372248922}}