{"mean":{"confidence_interval":{"confidence_level":0.95,"lower_bound":0.03710725514783877,"upper_bound":0.04432552203204187},"point_estimate":0.0405544010172465,"standard_error":0.0018442763584326206},"median":{"confidence_interval":{"confidence_level":0.95,"lower_bound":0.036156849224594056,"upper_bound":0.042536374996165804},"point_estimate":0.039169507683449956,"standard_error":0.0015841821465022883}}