{"mean":{"confidence_interval":{"confidence_level":0.95,"lower_bound":35487.96381924771,"upper_bound":35527.13931177299},"point_estimate":35503.72821216417,"standard_error":10.376596864685126},"median":{"confidence_interval":{"confidence_level":0.95,"lower_bound":35487.73541666667,"upper_bound":35500.6275},"point_estimate":35494.32420212766,"standard_error":3.3638869023365197},"median_abs_dev":{"confidence_interval":{"confidence_level":0.95,"lower_bound":12.887727199769925,"upper_bound":30.399199212248945},"point_estimate":20.17324364185319,"standard_error":4.613741844702219},"slope":{"confidence_interval":{"confidence_level":0.95,"lower_bound":35488.2489427176,"upper_bound":35499.50405137092},"point_estimate":35494.05895165987,"standard_error":2.852619540709299},"std_dev":{"confidence_interval":{"confidence_level":0.95,"lower_bound":22.072600681123337,"upper_bound":120.55539957283976},"point_estimate":74.28793822165925,"standard_error":31.67206434973892}}