{"mean":{"confidence_interval":{"confidence_level":0.95,"lower_bound":36807.674882057094,"upper_bound":37027.64193029469},"point_estimate":36895.92327841146,"standard_error":57.51731698375824},"median":{"confidence_interval":{"confidence_level":0.95,"lower_bound":36811.240071428576,"upper_bound":36923.19878787879},"point_estimate":36891.519230769234,"standard_error":32.73806858079521},"median_abs_dev":{"confidence_interval":{"confidence_level":0.95,"lower_bound":99.28566073732382,"upper_bound":234.1163028436051},"point_estimate":156.29248959705433,"standard_error":35.22192091399158},"slope":{"confidence_interval":{"confidence_level":0.95,"lower_bound":36922.37352727124,"upper_bound":37056.334800072334},"point_estimate":36981.185050669774,"standard_error":34.34637300602094},"std_dev":{"confidence_interval":{"confidence_level":0.95,"lower_bound":139.81002458143868,"upper_bound":668.8820541170904},"point_estimate":411.7055046386012,"standard_error":173.54956870666135}}