{"mean":{"confidence_interval":{"confidence_level":0.95,"lower_bound":-0.029907173795676614,"upper_bound":-0.01792389863426023},"point_estimate":-0.02394624801910039,"standard_error":0.0030588078377846253},"median":{"confidence_interval":{"confidence_level":0.95,"lower_bound":-0.03621745716629302,"upper_bound":-0.014499837925442294},"point_estimate":-0.025788958024975384,"standard_error":0.00634355449745324}}