{"mean":{"confidence_interval":{"confidence_level":0.95,"lower_bound":0.000270757525178913,"upper_bound":0.010146753965066922},"point_estimate":0.005592601195211655,"standard_error":0.002516642552462819},"median":{"confidence_interval":{"confidence_level":0.95,"lower_bound":0.005136030896316084,"upper_bound":0.01164871736345674},"point_estimate":0.00794641887879144,"standard_error":0.0016455696977360182}}