{"mean":{"confidence_interval":{"confidence_level":0.95,"lower_bound":-0.06190284541497702,"upper_bound":-0.049181772395481715},"point_estimate":-0.055255797715221044,"standard_error":0.003250136237435576},"median":{"confidence_interval":{"confidence_level":0.95,"lower_bound":-0.0718390038014739,"upper_bound":-0.0441704774124011},"point_estimate":-0.059422831364109086,"standard_error":0.007169523259703205}}