{"mean":{"confidence_interval":{"confidence_level":0.95,"lower_bound":-0.018128045280131455,"upper_bound":-0.007540906741358988},"point_estimate":-0.01296922284480373,"standard_error":0.002688113368972801},"median":{"confidence_interval":{"confidence_level":0.95,"lower_bound":-0.02287008471642433,"upper_bound":0.0010671171992634107},"point_estimate":-0.010174459359979737,"standard_error":0.006640454189986242}}