{"mean":{"confidence_interval":{"confidence_level":0.95,"lower_bound":0.023969979391890425,"upper_bound":0.038114799544919406},"point_estimate":0.029876833014421456,"standard_error":0.0036173551655969472},"median":{"confidence_interval":{"confidence_level":0.95,"lower_bound":0.024609573781681604,"upper_bound":0.03207439869733175},"point_estimate":0.028951511872095104,"standard_error":0.0018861781914393612}}