{"mean":{"confidence_interval":{"confidence_level":0.95,"lower_bound":0.01685701805662734,"upper_bound":0.029874036641076795},"point_estimate":0.02373124511152369,"standard_error":0.003323823793514642},"median":{"confidence_interval":{"confidence_level":0.95,"lower_bound":0.022391475172677477,"upper_bound":0.028053061503063637},"point_estimate":0.025197226186305155,"standard_error":0.001338584532382766}}