{"mean":{"confidence_interval":{"confidence_level":0.95,"lower_bound":-0.05888636474757758,"upper_bound":-0.03322256854758772},"point_estimate":-0.04630481920008489,"standard_error":0.006593003510232093},"median":{"confidence_interval":{"confidence_level":0.95,"lower_bound":-0.07649144403946473,"upper_bound":-0.025037894716887332},"point_estimate":-0.04139628409171969,"standard_error":0.01746200897971754}}