{"mean":{"confidence_interval":{"confidence_level":0.95,"lower_bound":0.10620830683472682,"upper_bound":0.12867736814342323},"point_estimate":0.11799410347527917,"standard_error":0.005698078945191499},"median":{"confidence_interval":{"confidence_level":0.95,"lower_bound":0.11308386549353266,"upper_bound":0.13125105582784635},"point_estimate":0.12310969163761332,"standard_error":0.004660220545897582}}