{"mean":{"confidence_interval":{"confidence_level":0.95,"lower_bound":-0.08225231386678591,"upper_bound":-0.059488925823263705},"point_estimate":-0.07043561748106097,"standard_error":0.005796891151537942},"median":{"confidence_interval":{"confidence_level":0.95,"lower_bound":-0.08738172866190308,"upper_bound":-0.03751194864832663},"point_estimate":-0.07054206357461401,"standard_error":0.01681700689267135}}