{"mean":{"confidence_interval":{"confidence_level":0.95,"lower_bound":-0.11089309754530852,"upper_bound":-0.09305407712667269},"point_estimate":-0.10193927611192777,"standard_error":0.0045774246627509506},"median":{"confidence_interval":{"confidence_level":0.95,"lower_bound":-0.11076397990202091,"upper_bound":-0.0956206068950648},"point_estimate":-0.09990124694642322,"standard_error":0.00352439744935189}}