{"mean":{"confidence_interval":{"confidence_level":0.95,"lower_bound":-0.17877614224915953,"upper_bound":-0.1678640248953402},"point_estimate":-0.17366196105743592,"standard_error":0.0027907538222042023},"median":{"confidence_interval":{"confidence_level":0.95,"lower_bound":-0.1842209826733996,"upper_bound":-0.17574516831756704},"point_estimate":-0.1811875438704943,"standard_error":0.0022045626624384077}}