{"mean":{"confidence_interval":{"confidence_level":0.95,"lower_bound":0.04272769324535264,"upper_bound":0.06226307633987406},"point_estimate":0.05274613252327187,"standard_error":0.004975148928786759},"median":{"confidence_interval":{"confidence_level":0.95,"lower_bound":0.043917679595302905,"upper_bound":0.06087516234639101},"point_estimate":0.05149178499658502,"standard_error":0.004038517152789264}}