{"mean":{"confidence_interval":{"confidence_level":0.95,"lower_bound":137.86186099555854,"upper_bound":138.5794686967077},"point_estimate":138.22726415683044,"standard_error":0.18293190122413544},"median":{"confidence_interval":{"confidence_level":0.95,"lower_bound":137.89976882873225,"upper_bound":138.5549718574109},"point_estimate":138.183354775306,"standard_error":0.15370470785275805},"median_abs_dev":{"confidence_interval":{"confidence_level":0.95,"lower_bound":0.6399420905615504,"upper_bound":1.6645803476667345},"point_estimate":1.1520209434312008,"standard_error":0.2685030936125264},"slope":{"confidence_interval":{"confidence_level":0.95,"lower_bound":137.9984706773031,"upper_bound":138.9894604144302},"point_estimate":138.5562731803475,"standard_error":0.25550718842382547},"std_dev":{"confidence_interval":{"confidence_level":0.95,"lower_bound":1.0127532427822425,"upper_bound":1.556334956726504},"point_estimate":1.308388766976745,"standard_error":0.13895322235314497}}