{"mean":{"confidence_interval":{"confidence_level":0.95,"lower_bound":-0.023782241248654697,"upper_bound":-0.015872702104336122},"point_estimate":-0.020175657715215567,"standard_error":0.00209061796781738},"median":{"confidence_interval":{"confidence_level":0.95,"lower_bound":-0.02915431666175139,"upper_bound":-0.013869111010005875},"point_estimate":-0.022410769624185645,"standard_error":0.004635646127923813}}