{"mean":{"confidence_interval":{"confidence_level":0.95,"lower_bound":49195.154955148035,"upper_bound":49668.063159806705},"point_estimate":49435.82427914903,"standard_error":120.50273013128496},"median":{"confidence_interval":{"confidence_level":0.95,"lower_bound":49383.071759259255,"upper_bound":49840.47988153595},"point_estimate":49655.173713235294,"standard_error":131.43648728667657},"median_abs_dev":{"confidence_interval":{"confidence_level":0.95,"lower_bound":502.0964356172574,"upper_bound":1139.3684481861433},"point_estimate":854.4938338110132,"standard_error":169.2547667090231},"slope":{"confidence_interval":{"confidence_level":0.95,"lower_bound":48624.405876173296,"upper_bound":49339.729266225215},"point_estimate":48957.41863715783,"standard_error":182.2875013569444},"std_dev":{"confidence_interval":{"confidence_level":0.95,"lower_bound":698.5955057124173,"upper_bound":981.472028029314},"point_estimate":860.8732923242727,"standard_error":72.02534047869268}}