{"mean":{"confidence_interval":{"confidence_level":0.95,"lower_bound":-0.010709718255304757,"upper_bound":0.0007210595733557935},"point_estimate":-0.005279589412613195,"standard_error":0.0029213449185684155},"median":{"confidence_interval":{"confidence_level":0.95,"lower_bound":-0.014659773969784906,"upper_bound":-0.004811426247844031},"point_estimate":-0.010464470882452948,"standard_error":0.0027247614553930124}}