{"mean":{"confidence_interval":{"confidence_level":0.95,"lower_bound":0.023183707865658033,"upper_bound":0.029859256494902675},"point_estimate":0.02680955560824927,"standard_error":0.0016959653464188368},"median":{"confidence_interval":{"confidence_level":0.95,"lower_bound":0.023160908324775686,"upper_bound":0.03059138478285206},"point_estimate":0.026277746600398277,"standard_error":0.0019864161000923758}}