{"mean":{"confidence_interval":{"confidence_level":0.95,"lower_bound":0.0033458728087457598,"upper_bound":0.0107708080550728},"point_estimate":0.00668433799841206,"standard_error":0.0019036722622917987},"median":{"confidence_interval":{"confidence_level":0.95,"lower_bound":0.006873758281053188,"upper_bound":0.013161002597933846},"point_estimate":0.010554710725124039,"standard_error":0.001757164736117163}}