{"mean":{"confidence_interval":{"confidence_level":0.95,"lower_bound":-0.0017791049484614128,"upper_bound":0.006496700021622601},"point_estimate":0.0020584344642502472,"standard_error":0.0020170572553434686},"median":{"confidence_interval":{"confidence_level":0.95,"lower_bound":-0.0035864219697482325,"upper_bound":0.0030470926239771767},"point_estimate":-0.0008573087401658741,"standard_error":0.0016625288878050566}}