{"mean":{"confidence_interval":{"confidence_level":0.95,"lower_bound":-0.04257365244385371,"upper_bound":-0.03258293341359075},"point_estimate":-0.03777380079580528,"standard_error":0.002550459815645533},"median":{"confidence_interval":{"confidence_level":0.95,"lower_bound":-0.04911635192666552,"upper_bound":-0.03985192998454601},"point_estimate":-0.04560707008770759,"standard_error":0.002552550170163996}}