{"mean":{"confidence_interval":{"confidence_level":0.95,"lower_bound":0.03975889691970271,"upper_bound":0.050421629498160654},"point_estimate":0.04579185011442899,"standard_error":0.002688217819486044},"median":{"confidence_interval":{"confidence_level":0.95,"lower_bound":0.04437839666079285,"upper_bound":0.05598278829200454},"point_estimate":0.05122564564174925,"standard_error":0.002891461673728452}}