{"mean":{"confidence_interval":{"confidence_level":0.95,"lower_bound":-0.004125726605135129,"upper_bound":0.0020625856367938932},"point_estimate":-0.0009447820484339564,"standard_error":0.0016011501210795036},"median":{"confidence_interval":{"confidence_level":0.95,"lower_bound":-0.00219817113370524,"upper_bound":0.003461886882149212},"point_estimate":-0.00026523453366000815,"standard_error":0.0014069948213897639}}