{"mean":{"confidence_interval":{"confidence_level":0.95,"lower_bound":-0.40897385898302696,"upper_bound":-0.34614801744362755},"point_estimate":-0.38023591918858,"standard_error":0.015900157745255203},"median":{"confidence_interval":{"confidence_level":0.95,"lower_bound":-0.392012370773839,"upper_bound":-0.37080751246436283},"point_estimate":-0.3790642765626324,"standard_error":0.004791835995896677}}