{"mean":{"confidence_interval":{"confidence_level":0.95,"lower_bound":0.033392280725396795,"upper_bound":0.1538109669194536},"point_estimate":0.09240874749835393,"standard_error":0.03045326990244847},"median":{"confidence_interval":{"confidence_level":0.95,"lower_bound":0.04330951349901735,"upper_bound":0.1049135415301452},"point_estimate":0.08989894243099439,"standard_error":0.016095852745857484}}