{"mean":{"confidence_interval":{"confidence_level":0.95,"lower_bound":-0.3854264704264055,"upper_bound":-0.31572855935907024},"point_estimate":-0.34822733913546855,"standard_error":0.017710487937097362},"median":{"confidence_interval":{"confidence_level":0.95,"lower_bound":-0.3612746719585883,"upper_bound":-0.32316324182383815},"point_estimate":-0.3530050865427794,"standard_error":0.011002454393746877}}