{"mean":{"confidence_interval":{"confidence_level":0.95,"lower_bound":-0.04923454507179437,"upper_bound":0.05108192916135543},"point_estimate":-0.0005685032370330578,"standard_error":0.025341820652507865},"median":{"confidence_interval":{"confidence_level":0.95,"lower_bound":-0.020545441921784646,"upper_bound":0.0036804771583838214},"point_estimate":-0.008674359231847562,"standard_error":0.0060311155144665346}}