{"mean":{"confidence_interval":{"confidence_level":0.95,"lower_bound":53927.92621235398,"upper_bound":54452.403818824845},"point_estimate":54185.93875239057,"standard_error":133.9950292453869},"median":{"confidence_interval":{"confidence_level":0.95,"lower_bound":53331.454545454544,"upper_bound":54722.87126823794},"point_estimate":53817.72177830004,"standard_error":416.3351995652381},"median_abs_dev":{"confidence_interval":{"confidence_level":0.95,"lower_bound":165.18752373400366,"upper_bound":1658.9065799575048},"point_estimate":883.5352015585903,"standard_error":448.0035323909361},"slope":{"confidence_interval":{"confidence_level":0.95,"lower_bound":54358.3724154581,"upper_bound":54969.64886524398},"point_estimate":54676.516601824886,"standard_error":156.02330861513116},"std_dev":{"confidence_interval":{"confidence_level":0.95,"lower_bound":839.890073498173,"upper_bound":1037.5793013426605},"point_estimate":956.7425548292885,"standard_error":50.18455690965177}}