{"mean":{"confidence_interval":{"confidence_level":0.95,"lower_bound":53333.34502811541,"upper_bound":53614.757878252174},"point_estimate":53466.1044686147,"standard_error":72.00085452875246},"median":{"confidence_interval":{"confidence_level":0.95,"lower_bound":53144.10723905724,"upper_bound":53360.033559431526},"point_estimate":53168.570085470084,"standard_error":51.31389934126201},"median_abs_dev":{"confidence_interval":{"confidence_level":0.95,"lower_bound":37.29751890305396,"upper_bound":360.57307957034703},"point_estimate":76.70933811470314,"standard_error":74.5265760394137},"slope":{"confidence_interval":{"confidence_level":0.95,"lower_bound":53357.10815204015,"upper_bound":53704.7640392448},"point_estimate":53534.44192739274,"standard_error":88.79488897980137},"std_dev":{"confidence_interval":{"confidence_level":0.95,"lower_bound":362.6449529137657,"upper_bound":633.3739525187244},"point_estimate":514.2366711170573,"standard_error":69.46974816398388}}