{"mean":{"confidence_interval":{"confidence_level":0.95,"lower_bound":-0.04785063615832452,"upper_bound":-0.039329972910964996},"point_estimate":-0.04337663645669998,"standard_error":0.002159528708245204},"median":{"confidence_interval":{"confidence_level":0.95,"lower_bound":-0.051275012129252895,"upper_bound":-0.04399942414083591},"point_estimate":-0.04945021349655099,"standard_error":0.0019717820591092644}}