{"mean":{"confidence_interval":{"confidence_level":0.95,"lower_bound":0.020750723478564225,"upper_bound":0.028023072662916034},"point_estimate":0.024437275664991986,"standard_error":0.0019059109639445158},"median":{"confidence_interval":{"confidence_level":0.95,"lower_bound":0.02021427285153443,"upper_bound":0.026102829578825038},"point_estimate":0.02447197710215865,"standard_error":0.0017451715791897875}}