{"mean":{"confidence_interval":{"confidence_level":0.95,"lower_bound":-0.024017463782312398,"upper_bound":-0.011954136153536413},"point_estimate":-0.018354793191576957,"standard_error":0.003062783365282332},"median":{"confidence_interval":{"confidence_level":0.95,"lower_bound":-0.030718565120176344,"upper_bound":-0.0134921909530753},"point_estimate":-0.018559048708811976,"standard_error":0.00468657362711905}}