{"mean":{"confidence_interval":{"confidence_level":0.95,"lower_bound":-0.008251973244980837,"upper_bound":0.003188463816886644},"point_estimate":-0.0027914970248337223,"standard_error":0.002925194221865967},"median":{"confidence_interval":{"confidence_level":0.95,"lower_bound":-0.018491541209146645,"upper_bound":-0.00012704643091576706},"point_estimate":-0.01511935647759477,"standard_error":0.005507775347748648}}