{"mean":{"confidence_interval":{"confidence_level":0.95,"lower_bound":0.010950762010799437,"upper_bound":0.02264690462084416},"point_estimate":0.017070834414116165,"standard_error":0.0029956636642019625},"median":{"confidence_interval":{"confidence_level":0.95,"lower_bound":0.01831442306627662,"upper_bound":0.03327959264250269},"point_estimate":0.030712801663575373,"standard_error":0.0050525789860434035}}