{"mean":{"confidence_interval":{"confidence_level":0.95,"lower_bound":-0.042041424656792496,"upper_bound":-0.02999866969301571},"point_estimate":-0.035902154467592595,"standard_error":0.0030423284259548616},"median":{"confidence_interval":{"confidence_level":0.95,"lower_bound":-0.044849327290647945,"upper_bound":-0.026358732958714826},"point_estimate":-0.039462952414035746,"standard_error":0.004948398889230534}}