{"mean":{"confidence_interval":{"confidence_level":0.95,"lower_bound":-0.0410539258593211,"upper_bound":-0.027598462864358762},"point_estimate":-0.035628134489487207,"standard_error":0.0034129921081271527},"median":{"confidence_interval":{"confidence_level":0.95,"lower_bound":-0.04609884360025385,"upper_bound":-0.03906255121064783},"point_estimate":-0.04384159103564167,"standard_error":0.0019342052780684472}}