{"mean":{"confidence_interval":{"confidence_level":0.95,"lower_bound":-0.034425633867879404,"upper_bound":-0.02673521485931059},"point_estimate":-0.03083356651136071,"standard_error":0.001977918562075546},"median":{"confidence_interval":{"confidence_level":0.95,"lower_bound":-0.03810716868685469,"upper_bound":-0.03421298152610397},"point_estimate":-0.036606091287225806,"standard_error":0.0010257148343229808}}