{"mean":{"confidence_interval":{"confidence_level":0.95,"lower_bound":-0.002963959852333739,"upper_bound":0.004244486191603114},"point_estimate":0.0008477398141948367,"standard_error":0.0018482400832116254},"median":{"confidence_interval":{"confidence_level":0.95,"lower_bound":0.001159763672629044,"upper_bound":0.007564785594174728},"point_estimate":0.0053015772155724505,"standard_error":0.0013989881075346913}}