{"mean":{"confidence_interval":{"confidence_level":0.95,"lower_bound":0.011220706820679957,"upper_bound":0.01859938448289511},"point_estimate":0.015283148616568543,"standard_error":0.0018704153876701927},"median":{"confidence_interval":{"confidence_level":0.95,"lower_bound":0.013473633238423766,"upper_bound":0.018807620077522236},"point_estimate":0.0162133815007921,"standard_error":0.0013885651361802815}}