{"mean":{"confidence_interval":{"confidence_level":0.95,"lower_bound":-0.020742317093564236,"upper_bound":-0.011138503424804082},"point_estimate":-0.016472080367259556,"standard_error":0.0025045225927679796},"median":{"confidence_interval":{"confidence_level":0.95,"lower_bound":-0.0269523492890138,"upper_bound":-0.01974164997929062},"point_estimate":-0.024215222961350813,"standard_error":0.002082041955610401}}