{"mean":{"confidence_interval":{"confidence_level":0.95,"lower_bound":99.04395636757506,"upper_bound":100.87215889549759},"point_estimate":99.89888631425882,"standard_error":0.4679401811184316},"median":{"confidence_interval":{"confidence_level":0.95,"lower_bound":97.91337209302326,"upper_bound":100.27445153061225},"point_estimate":99.28150641025641,"standard_error":0.6221930540494233},"median_abs_dev":{"confidence_interval":{"confidence_level":0.95,"lower_bound":1.4130349657224435,"upper_bound":3.627096508624283},"point_estimate":2.676009793837486,"standard_error":0.5852008552993944},"slope":{"confidence_interval":{"confidence_level":0.95,"lower_bound":98.78038927283836,"upper_bound":100.12751896189911},"point_estimate":99.45325043680839,"standard_error":0.3440432593507843},"std_dev":{"confidence_interval":{"confidence_level":0.95,"lower_bound":2.1165675341770784,"upper_bound":4.4794593211109515},"point_estimate":3.339580252290714,"standard_error":0.6262982228941749}}