{"mean":{"confidence_interval":{"confidence_level":0.95,"lower_bound":-0.017603208706585993,"upper_bound":-0.010888535880764086},"point_estimate":-0.014018839988351739,"standard_error":0.001720301881362848},"median":{"confidence_interval":{"confidence_level":0.95,"lower_bound":-0.009290383351968634,"upper_bound":-0.008511852336773207},"point_estimate":-0.008920900100883089,"standard_error":0.00019509115318217822}}