{"mean":{"confidence_interval":{"confidence_level":0.95,"lower_bound":-0.03729059491310183,"upper_bound":-0.032852328726349064},"point_estimate":-0.035221683940346415,"standard_error":0.001128072623720522},"median":{"confidence_interval":{"confidence_level":0.95,"lower_bound":-0.03741377306951987,"upper_bound":-0.03408384399432307},"point_estimate":-0.03536856609656924,"standard_error":0.0007906957326732656}}