{"mean":{"confidence_interval":{"confidence_level":0.95,"lower_bound":0.03361828030822486,"upper_bound":0.03830591607182017},"point_estimate":0.03624629282648617,"standard_error":0.0012208704101411662},"median":{"confidence_interval":{"confidence_level":0.95,"lower_bound":0.035106713866982275,"upper_bound":0.03807453350453316},"point_estimate":0.03638195593516702,"standard_error":0.0007621466525008172}}