{"mean":{"confidence_interval":{"confidence_level":0.95,"lower_bound":0.005177703338320905,"upper_bound":0.00604903445050331},"point_estimate":0.005613338417778335,"standard_error":0.00021998843895591863},"median":{"confidence_interval":{"confidence_level":0.95,"lower_bound":0.005335873843521188,"upper_bound":0.005877802038833501},"point_estimate":0.0056168921157817575,"standard_error":0.00013699834277665842}}