{"mean":{"confidence_interval":{"confidence_level":0.95,"lower_bound":-0.0095809198661042,"upper_bound":0.011036060999693342},"point_estimate":0.0027611971013892234,"standard_error":0.005369446955270337},"median":{"confidence_interval":{"confidence_level":0.95,"lower_bound":0.006476389573668806,"upper_bound":0.009844727409770382},"point_estimate":0.0091195727605613,"standard_error":0.0008793890022908764}}