{"mean":{"confidence_interval":{"confidence_level":0.95,"lower_bound":0.021742034492785674,"upper_bound":0.029762018855439498},"point_estimate":0.02579182360904797,"standard_error":0.0020446074100817714},"median":{"confidence_interval":{"confidence_level":0.95,"lower_bound":0.027646210943003124,"upper_bound":0.032339386181257535},"point_estimate":0.02976827378900082,"standard_error":0.001287624136993354}}