{"mean":{"confidence_interval":{"confidence_level":0.95,"lower_bound":-0.02420476533855105,"upper_bound":-0.009325173927928643},"point_estimate":-0.01693520666013859,"standard_error":0.0037877188822867907},"median":{"confidence_interval":{"confidence_level":0.95,"lower_bound":-0.03221041803600144,"upper_bound":-0.0042477163641401194},"point_estimate":-0.02035250081775475,"standard_error":0.00754618311806107}}