{"mean":{"confidence_interval":{"confidence_level":0.95,"lower_bound":0.002851330498067073,"upper_bound":0.012287405081160215},"point_estimate":0.0076351105620466875,"standard_error":0.002428680131391986},"median":{"confidence_interval":{"confidence_level":0.95,"lower_bound":0.005859445600072455,"upper_bound":0.016182877364988572},"point_estimate":0.011793287592508417,"standard_error":0.0026055613431353016}}