{"mean":{"confidence_interval":{"confidence_level":0.95,"lower_bound":-0.015311936116885591,"upper_bound":-0.005627499352516274},"point_estimate":-0.010531235009190176,"standard_error":0.002461984073878631},"median":{"confidence_interval":{"confidence_level":0.95,"lower_bound":-0.01772667734999522,"upper_bound":-0.008316255607674017},"point_estimate":-0.014000875369854615,"standard_error":0.002316960336698746}}