{"mean":{"confidence_interval":{"confidence_level":0.95,"lower_bound":-0.019162846669383282,"upper_bound":-0.009276775878570951},"point_estimate":-0.014065694187141431,"standard_error":0.002481644117414803},"median":{"confidence_interval":{"confidence_level":0.95,"lower_bound":-0.019315813074983076,"upper_bound":-0.009897275740356648},"point_estimate":-0.014620902182473028,"standard_error":0.002666065638944335}}