{"mean":{"confidence_interval":{"confidence_level":0.95,"lower_bound":0.004257408156391751,"upper_bound":0.0158569743066174},"point_estimate":0.010366446598028656,"standard_error":0.0029386546119737306},"median":{"confidence_interval":{"confidence_level":0.95,"lower_bound":0.004041030817838243,"upper_bound":0.016492806089930756},"point_estimate":0.009940965646025646,"standard_error":0.002930718648970475}}