{"mean":{"confidence_interval":{"confidence_level":0.95,"lower_bound":-0.09815741159901273,"upper_bound":-0.08931548037481676},"point_estimate":-0.0941150980055745,"standard_error":0.0022604746805769617},"median":{"confidence_interval":{"confidence_level":0.95,"lower_bound":-0.1020904239435132,"upper_bound":-0.09355167447875445},"point_estimate":-0.09650454690050336,"standard_error":0.0020336239675085707}}