{"mean":{"confidence_interval":{"confidence_level":0.95,"lower_bound":585.758497098123,"upper_bound":588.2408314316913},"point_estimate":587.0161553947196,"standard_error":0.6329468567534698},"median":{"confidence_interval":{"confidence_level":0.95,"lower_bound":585.5224626209323,"upper_bound":588.5855964945345},"point_estimate":587.1493633130665,"standard_error":0.625695714574405},"median_abs_dev":{"confidence_interval":{"confidence_level":0.95,"lower_bound":3.024728687259597,"upper_bound":6.191670556749965},"point_estimate":4.083441523810491,"standard_error":0.8572850161002009},"slope":{"confidence_interval":{"confidence_level":0.95,"lower_bound":584.9665902261443,"upper_bound":589.0034001934459},"point_estimate":587.074720434949,"standard_error":1.0373226817972137},"std_dev":{"confidence_interval":{"confidence_level":0.95,"lower_bound":3.632246163026821,"upper_bound":5.280150195794166},"point_estimate":4.527655711409043,"standard_error":0.4219051006113337}}