{"mean":{"confidence_interval":{"confidence_level":0.95,"lower_bound":74937.97353588759,"upper_bound":75395.61849929416},"point_estimate":75095.73885162378,"standard_error":143.6091195999182},"median":{"confidence_interval":{"confidence_level":0.95,"lower_bound":74922.4766283525,"upper_bound":74950.43817829457},"point_estimate":74931.24864864865,"standard_error":7.708183578364604},"median_abs_dev":{"confidence_interval":{"confidence_level":0.95,"lower_bound":23.032840283849204,"upper_bound":48.32458303912572},"point_estimate":35.1697423756091,"standard_error":6.552413467285593},"slope":{"confidence_interval":{"confidence_level":0.95,"lower_bound":74925.42631649325,"upper_bound":74953.16673122972},"point_estimate":74937.1500058241,"standard_error":7.180005191640417},"std_dev":{"confidence_interval":{"confidence_level":0.95,"lower_bound":42.40507140692716,"upper_bound":1737.3703105282275},"point_estimate":1024.3757184433744,"standard_error":607.8654572020065}}