{"mean":{"confidence_interval":{"confidence_level":0.95,"lower_bound":87358.90962831935,"upper_bound":87903.23180443539},"point_estimate":87627.00524334003,"standard_error":138.33378802291196},"median":{"confidence_interval":{"confidence_level":0.95,"lower_bound":87502.34234234234,"upper_bound":87676.86913580247},"point_estimate":87586.56574074074,"standard_error":38.140937312434225},"median_abs_dev":{"confidence_interval":{"confidence_level":0.95,"lower_bound":170.5265746885314,"upper_bound":422.019671362967},"point_estimate":294.24118366506445,"standard_error":69.32301168858996},"slope":{"confidence_interval":{"confidence_level":0.95,"lower_bound":86949.92240927678,"upper_bound":87713.08526154251},"point_estimate":87360.22050346211,"standard_error":194.47477855528575},"std_dev":{"confidence_interval":{"confidence_level":0.95,"lower_bound":519.8513217876039,"upper_bound":1373.1988422427278},"point_estimate":988.1558639392188,"standard_error":217.4087503736567}}