{"mean":{"confidence_interval":{"confidence_level":0.95,"lower_bound":-0.10443811505459366,"upper_bound":-0.0898203463520336},"point_estimate":-0.09757869150611553,"standard_error":0.003740195723491134},"median":{"confidence_interval":{"confidence_level":0.95,"lower_bound":-0.11444897934484266,"upper_bound":-0.09839200698926676},"point_estimate":-0.10935866722292831,"standard_error":0.0043498029432869284}}