{"mean":{"confidence_interval":{"confidence_level":0.95,"lower_bound":-0.036338485444215696,"upper_bound":-0.029658158437016073},"point_estimate":-0.032796079460274186,"standard_error":0.0016911615031164626},"median":{"confidence_interval":{"confidence_level":0.95,"lower_bound":-0.03596717933353166,"upper_bound":-0.031357862291372496},"point_estimate":-0.03413202866307574,"standard_error":0.0010758501453715116}}