{"mean":{"confidence_interval":{"confidence_level":0.95,"lower_bound":0.02494484509272077,"upper_bound":0.028341564647220784},"point_estimate":0.026644401148430807,"standard_error":0.0008766783717865035},"median":{"confidence_interval":{"confidence_level":0.95,"lower_bound":0.02561621813027881,"upper_bound":0.027486342628914695},"point_estimate":0.02652225548543563,"standard_error":0.0004309654845155114}}