{"mean":{"confidence_interval":{"confidence_level":0.95,"lower_bound":-0.021318984765528362,"upper_bound":-0.015397623723658712},"point_estimate":-0.018498668902575677,"standard_error":0.0015248776506881208},"median":{"confidence_interval":{"confidence_level":0.95,"lower_bound":-0.021927764751342282,"upper_bound":-0.02013105446752439},"point_estimate":-0.020906805336732837,"standard_error":0.0004485569899618831}}