{"mean":{"confidence_interval":{"confidence_level":0.95,"lower_bound":-0.00880410898332562,"upper_bound":-0.0025607922344047214},"point_estimate":-0.005482399161138907,"standard_error":0.0016028274742058712},"median":{"confidence_interval":{"confidence_level":0.95,"lower_bound":-0.00453199985752295,"upper_bound":-0.0034257311530496715},"point_estimate":-0.004212357594465477,"standard_error":0.00027579971698502844}}