{"mean":{"confidence_interval":{"confidence_level":0.95,"lower_bound":0.044889417701602284,"upper_bound":0.0590872460445202},"point_estimate":0.05202540448823689,"standard_error":0.0034709772537042487},"median":{"confidence_interval":{"confidence_level":0.95,"lower_bound":0.0536730357249493,"upper_bound":0.06439656758517412},"point_estimate":0.061478313450579414,"standard_error":0.002328967455082821}}