{"mean":{"confidence_interval":{"confidence_level":0.95,"lower_bound":-0.05141618222476764,"upper_bound":-0.039137830240181075},"point_estimate":-0.04542574726553894,"standard_error":0.003136295844218154},"median":{"confidence_interval":{"confidence_level":0.95,"lower_bound":-0.05496188231256893,"upper_bound":-0.04535061547287569},"point_estimate":-0.0522402298846002,"standard_error":0.0022527138499529357}}