{"mean":{"confidence_interval":{"confidence_level":0.95,"lower_bound":-0.008176890922516833,"upper_bound":0.004746082037447327},"point_estimate":-0.0019289895019890535,"standard_error":0.0033073861105109487},"median":{"confidence_interval":{"confidence_level":0.95,"lower_bound":-0.01193556815285124,"upper_bound":-0.0015745553609475271},"point_estimate":-0.008900049058392479,"standard_error":0.0024845138137144103}}