{"mean":{"confidence_interval":{"confidence_level":0.95,"lower_bound":2202619.365944445,"upper_bound":2207513.3647777783},"point_estimate":2205094.0222222223,"standard_error":1244.7508519441656},"median":{"confidence_interval":{"confidence_level":0.95,"lower_bound":2202630.6666666665,"upper_bound":2207632.111111111},"point_estimate":2205313.722222222,"standard_error":1163.6876059548974},"median_abs_dev":{"confidence_interval":{"confidence_level":0.95,"lower_bound":4855.1030804713955,"upper_bound":11361.987264950993},"point_estimate":7065.742007890954,"standard_error":1680.8366604426026},"slope":null,"std_dev":{"confidence_interval":{"confidence_level":0.95,"lower_bound":6849.656924545259,"upper_bound":10688.984116418207},"point_estimate":8876.3392485886,"standard_error":982.1379062307991}}