{"mean":{"confidence_interval":{"confidence_level":0.95,"lower_bound":700907.6879588116,"upper_bound":705310.5441145075},"point_estimate":703170.4893991883,"standard_error":1130.031119451058},"median":{"confidence_interval":{"confidence_level":0.95,"lower_bound":702359.9166666666,"upper_bound":706522.1923076923},"point_estimate":704631.5,"standard_error":949.7154124140326},"median_abs_dev":{"confidence_interval":{"confidence_level":0.95,"lower_bound":4058.728121580922,"upper_bound":9494.063762146712},"point_estimate":7668.557743855856,"standard_error":1434.5864395008234},"slope":{"confidence_interval":{"confidence_level":0.95,"lower_bound":702651.8684729921,"upper_bound":705871.358099974},"point_estimate":704273.8746651135,"standard_error":824.5867885729721},"std_dev":{"confidence_interval":{"confidence_level":0.95,"lower_bound":6228.756124401837,"upper_bound":9569.780509470129},"point_estimate":8117.979480706937,"standard_error":855.4561544277673}}