{"mean":{"confidence_interval":{"confidence_level":0.95,"lower_bound":-0.014235183858736409,"upper_bound":-4.27897669695339e-6},"point_estimate":-0.007218908202083485,"standard_error":0.003605250883164725},"median":{"confidence_interval":{"confidence_level":0.95,"lower_bound":-0.013299554888039244,"upper_bound":0.00039564799221714075},"point_estimate":-0.006066116912816999,"standard_error":0.0035562398169148935}}