{"mean":{"confidence_interval":{"confidence_level":0.95,"lower_bound":-0.0900636078761533,"upper_bound":-0.08106879002129741},"point_estimate":-0.08591323911530135,"standard_error":0.0023108715526926967},"median":{"confidence_interval":{"confidence_level":0.95,"lower_bound":-0.0947685232290475,"upper_bound":-0.08886628934565233},"point_estimate":-0.09108445929793263,"standard_error":0.0018865972430643307}}