{"mean":{"confidence_interval":{"confidence_level":0.95,"lower_bound":-0.017763804654171492,"upper_bound":-0.004938629576752712},"point_estimate":-0.011467724836658366,"standard_error":0.003273547678169163},"median":{"confidence_interval":{"confidence_level":0.95,"lower_bound":-0.020127581570980935,"upper_bound":-0.005124786618556865},"point_estimate":-0.010991750594346428,"standard_error":0.003968703906393693}}