{"mean":{"confidence_interval":{"confidence_level":0.95,"lower_bound":0.009578565876360134,"upper_bound":0.02352143410673513},"point_estimate":0.01646459648339338,"standard_error":0.003534702314091019},"median":{"confidence_interval":{"confidence_level":0.95,"lower_bound":0.01411848520735437,"upper_bound":0.02559609699830423},"point_estimate":0.018281070068349337,"standard_error":0.002936687897866384}}