{"mean":{"confidence_interval":{"confidence_level":0.95,"lower_bound":-0.03845011256437821,"upper_bound":-0.01942670961845149},"point_estimate":-0.02915450775452566,"standard_error":0.004934326207752172},"median":{"confidence_interval":{"confidence_level":0.95,"lower_bound":-0.047091217466008084,"upper_bound":-0.031608781054088486},"point_estimate":-0.037032024051360746,"standard_error":0.004254766520337861}}