{"mean":{"confidence_interval":{"confidence_level":0.95,"lower_bound":-0.039076394898717545,"upper_bound":-0.02681736504354022},"point_estimate":-0.03279190221044659,"standard_error":0.0030614715392332844},"median":{"confidence_interval":{"confidence_level":0.95,"lower_bound":-0.03996182026633182,"upper_bound":-0.026279157429433764},"point_estimate":-0.03393673624548088,"standard_error":0.0034789500354382506}}