{"mean":{"confidence_interval":{"confidence_level":0.95,"lower_bound":7448513.004333331,"upper_bound":7495571.866333332},"point_estimate":7471737.573333334,"standard_error":12048.017118090655},"median":{"confidence_interval":{"confidence_level":0.95,"lower_bound":7399563.833333334,"upper_bound":7502360.0},"point_estimate":7436038.166666667,"standard_error":34055.44353172741},"median_abs_dev":{"confidence_interval":{"confidence_level":0.95,"lower_bound":15929.795417188217,"upper_bound":135796.16239413628},"point_estimate":69994.28605735302,"standard_error":40996.02728286026},"slope":null,"std_dev":{"confidence_interval":{"confidence_level":0.95,"lower_bound":72241.41491761808,"upper_bound":95067.10428029296},"point_estimate":85358.693135501,"standard_error":5838.50709898132}}