{"mean":{"confidence_interval":{"confidence_level":0.95,"lower_bound":7411587.015333333,"upper_bound":7418176.973333333},"point_estimate":7414751.900000002,"standard_error":1678.5767510138137},"median":{"confidence_interval":{"confidence_level":0.95,"lower_bound":7407387.666666667,"upper_bound":7416306.666666667},"point_estimate":7411490.333333333,"standard_error":2383.5129478772124},"median_abs_dev":{"confidence_interval":{"confidence_level":0.95,"lower_bound":5648.174634725337,"upper_bound":14457.820743322833},"point_estimate":10145.431619882584,"standard_error":2510.8495747935485},"slope":null,"std_dev":{"confidence_interval":{"confidence_level":0.95,"lower_bound":9280.784631966373,"upper_bound":14098.242447921939},"point_estimate":11949.493382984027,"standard_error":1228.3824398549668}}