{"mean":{"confidence_interval":{"confidence_level":0.95,"lower_bound":-0.3167487734933234,"upper_bound":-0.29344080437762166},"point_estimate":-0.3062315728973015,"standard_error":0.005985956897335414},"median":{"confidence_interval":{"confidence_level":0.95,"lower_bound":-0.3238372280877727,"upper_bound":-0.3200382847004122},"point_estimate":-0.32241887483248177,"standard_error":0.0009363912239398392}}