{"mean":{"confidence_interval":{"confidence_level":0.95,"lower_bound":-0.05749055269207272,"upper_bound":-0.03576165915313503},"point_estimate":-0.04739563892360987,"standard_error":0.005655675891169591},"median":{"confidence_interval":{"confidence_level":0.95,"lower_bound":-0.06896742571428283,"upper_bound":-0.050360315053660454},"point_estimate":-0.06214925699601548,"standard_error":0.005016300552939277}}