{"mean":{"confidence_interval":{"confidence_level":0.95,"lower_bound":-0.1814007950821918,"upper_bound":-0.16920189104300426},"point_estimate":-0.1754898713127916,"standard_error":0.003122163000611992},"median":{"confidence_interval":{"confidence_level":0.95,"lower_bound":-0.189382642174584,"upper_bound":-0.1744772332004455},"point_estimate":-0.1830888303146394,"standard_error":0.0038665677025272386}}