{"mean":{"confidence_interval":{"confidence_level":0.95,"lower_bound":-0.08760948688711805,"upper_bound":-0.07112209308911321},"point_estimate":-0.07928691942944965,"standard_error":0.004229280473167255},"median":{"confidence_interval":{"confidence_level":0.95,"lower_bound":-0.08820413471395172,"upper_bound":-0.0715685523252052},"point_estimate":-0.07971865762567387,"standard_error":0.004128844967374624}}