{"mean":{"confidence_interval":{"confidence_level":0.95,"lower_bound":0.11313515751851498,"upper_bound":0.13304426108329645},"point_estimate":0.12316788572403126,"standard_error":0.005061576718878645},"median":{"confidence_interval":{"confidence_level":0.95,"lower_bound":0.11663608396577518,"upper_bound":0.1424990200952274},"point_estimate":0.12489229869537133,"standard_error":0.006163057078827312}}