{"mean":{"confidence_interval":{"confidence_level":0.95,"lower_bound":0.042235613113425205,"upper_bound":0.06531747731906332},"point_estimate":0.0534891902384671,"standard_error":0.005922980065884314},"median":{"confidence_interval":{"confidence_level":0.95,"lower_bound":0.04036151593374182,"upper_bound":0.06552924130577042},"point_estimate":0.05309968183269431,"standard_error":0.00646977807319449}}