{"mean":{"confidence_interval":{"confidence_level":0.95,"lower_bound":-0.11542233966150556,"upper_bound":-0.09240644381389868},"point_estimate":-0.10395693761381564,"standard_error":0.005915371138771675},"median":{"confidence_interval":{"confidence_level":0.95,"lower_bound":-0.10056678197264501,"upper_bound":-0.07825471047139942},"point_estimate":-0.08801094965671707,"standard_error":0.005617236040649105}}