{"mean":{"confidence_interval":{"confidence_level":0.95,"lower_bound":-0.040229427933252807,"upper_bound":-0.03750120386076089},"point_estimate":-0.03890571967436329,"standard_error":0.0006981781864698488},"median":{"confidence_interval":{"confidence_level":0.95,"lower_bound":-0.04109213321050298,"upper_bound":-0.03825287314518566},"point_estimate":-0.039622583556040536,"standard_error":0.0007911085559849472}}