{"mean":{"confidence_interval":{"confidence_level":0.95,"lower_bound":-0.01593710641949494,"upper_bound":-0.009354397137411038},"point_estimate":-0.013517061090182692,"standard_error":0.001537413594202343},"median":{"confidence_interval":{"confidence_level":0.95,"lower_bound":-0.016383416522695038,"upper_bound":-0.012955015844814288},"point_estimate":-0.014487606362099004,"standard_error":0.0008965900812383064}}