{"mean":{"confidence_interval":{"confidence_level":0.95,"lower_bound":0.0002669699623720767,"upper_bound":0.0052608993978199405},"point_estimate":0.0030182120090236353,"standard_error":0.0012359152007589364},"median":{"confidence_interval":{"confidence_level":0.95,"lower_bound":-0.002963863593537064,"upper_bound":0.008773317833745686},"point_estimate":0.002925626960434302,"standard_error":0.0031983381616805927}}