{"mean":{"confidence_interval":{"confidence_level":0.95,"lower_bound":0.007991520056458423,"upper_bound":0.017491140376247598},"point_estimate":0.013591658409553453,"standard_error":0.00248038361747905},"median":{"confidence_interval":{"confidence_level":0.95,"lower_bound":0.01223643168789934,"upper_bound":0.01603723540290236},"point_estimate":0.01418342845784526,"standard_error":0.000977677877436384}}