{"mean":{"confidence_interval":{"confidence_level":0.95,"lower_bound":-0.07494866425231295,"upper_bound":-0.07038326941312881},"point_estimate":-0.07277677306362429,"standard_error":0.001166207672338561},"median":{"confidence_interval":{"confidence_level":0.95,"lower_bound":-0.07385192585383382,"upper_bound":-0.06972631707186783},"point_estimate":-0.07174777580496838,"standard_error":0.001145538660872387}}