{"mean":{"confidence_interval":{"confidence_level":0.95,"lower_bound":-0.11766685469775628,"upper_bound":-0.0071157130341450055},"point_estimate":-0.060724374325308306,"standard_error":0.026705510991938523},"median":{"confidence_interval":{"confidence_level":0.95,"lower_bound":-0.06135058241222191,"upper_bound":-0.04872512927846251},"point_estimate":-0.05561190493916268,"standard_error":0.003886652723866865}}