{"mean":{"confidence_interval":{"confidence_level":0.95,"lower_bound":-0.009954901591753385,"upper_bound":0.10375035420205404},"point_estimate":0.041800071021006024,"standard_error":0.026866230292333208},"median":{"confidence_interval":{"confidence_level":0.95,"lower_bound":0.022315972082962654,"upper_bound":0.041250581449635115},"point_estimate":0.031586985349861374,"standard_error":0.005130872282943115}}