{"mean":{"confidence_interval":{"confidence_level":0.95,"lower_bound":-0.029743251474346085,"upper_bound":0.024968527661279622},"point_estimate":0.004686778583514739,"standard_error":0.016375321620305066},"median":{"confidence_interval":{"confidence_level":0.95,"lower_bound":0.017620325994729402,"upper_bound":0.022164071812799557},"point_estimate":0.019103515661963888,"standard_error":0.0011630859205384544}}