{"mean":{"confidence_interval":{"confidence_level":0.95,"lower_bound":-0.122209778384486,"upper_bound":-0.05387374994388504},"point_estimate":-0.07890240642830493,"standard_error":0.021184008829445638},"median":{"confidence_interval":{"confidence_level":0.95,"lower_bound":-0.06339160484264739,"upper_bound":-0.05093479728088579},"point_estimate":-0.05787994170927879,"standard_error":0.0038700438838546246}}