{"mean":{"confidence_interval":{"confidence_level":0.95,"lower_bound":0.019890724066404342,"upper_bound":0.028304191725003022},"point_estimate":0.02463550564819461,"standard_error":0.0021534206016467906},"median":{"confidence_interval":{"confidence_level":0.95,"lower_bound":0.024068962669890448,"upper_bound":0.028772835198930993},"point_estimate":0.027400525713789703,"standard_error":0.0012417023442580475}}