{"mean":{"confidence_interval":{"confidence_level":0.95,"lower_bound":-0.4203048126707649,"upper_bound":-0.3486074864759039},"point_estimate":-0.38712663738406705,"standard_error":0.018266832006107403},"median":{"confidence_interval":{"confidence_level":0.95,"lower_bound":-0.41515565592714476,"upper_bound":-0.3640674391263906},"point_estimate":-0.38182897193225884,"standard_error":0.01607081054061269}}