{"mean":{"confidence_interval":{"confidence_level":0.95,"lower_bound":0.0706676326663509,"upper_bound":0.19615037158689597},"point_estimate":0.1289117063469125,"standard_error":0.031852685306979656},"median":{"confidence_interval":{"confidence_level":0.95,"lower_bound":0.12437296753273586,"upper_bound":0.1455406866965443},"point_estimate":0.13940177777586982,"standard_error":0.004723644121396131}}