{"mean":{"confidence_interval":{"confidence_level":0.95,"lower_bound":-0.3883802259040969,"upper_bound":-0.31004877602702596},"point_estimate":-0.3507633535421758,"standard_error":0.020039596576440714},"median":{"confidence_interval":{"confidence_level":0.95,"lower_bound":-0.3834366267287813,"upper_bound":-0.3315607064269249},"point_estimate":-0.3505791197659677,"standard_error":0.01677267110326031}}