{"mean":{"confidence_interval":{"confidence_level":0.95,"lower_bound":-0.07457101633244868,"upper_bound":0.04474617166283719},"point_estimate":-0.017804324060633148,"standard_error":0.03058073977959739},"median":{"confidence_interval":{"confidence_level":0.95,"lower_bound":-0.069378499624446,"upper_bound":0.014466390489788372},"point_estimate":-0.04544801959269951,"standard_error":0.025568428777324695}}