{"mean":{"confidence_interval":{"confidence_level":0.95,"lower_bound":434.29586854303597,"upper_bound":436.60703876719566},"point_estimate":435.34603349434786,"standard_error":0.5924041095816376},"median":{"confidence_interval":{"confidence_level":0.95,"lower_bound":433.599323943662,"upper_bound":433.9090432248664},"point_estimate":433.75292712798534,"standard_error":0.07575687141970365},"median_abs_dev":{"confidence_interval":{"confidence_level":0.95,"lower_bound":0.31046405016339357,"upper_bound":0.8964685692317126},"point_estimate":0.6348275796665277,"standard_error":0.14932362279145625},"slope":{"confidence_interval":{"confidence_level":0.95,"lower_bound":434.64327323433497,"upper_bound":438.6072353629095},"point_estimate":436.4758063113685,"standard_error":1.0145288937767394},"std_dev":{"confidence_interval":{"confidence_level":0.95,"lower_bound":2.3904305673135924,"upper_bound":5.54040439086578},"point_estimate":4.218598597468241,"standard_error":0.8110951116568181}}