{"mean":{"confidence_interval":{"confidence_level":0.95,"lower_bound":-0.2533600452359437,"upper_bound":-0.2324474953309188},"point_estimate":-0.24378034372879698,"standard_error":0.005358043060964157},"median":{"confidence_interval":{"confidence_level":0.95,"lower_bound":-0.2614311745946317,"upper_bound":-0.25625510321513845},"point_estimate":-0.2597723801649584,"standard_error":0.0012500831383304165}}