{"mean":{"confidence_interval":{"confidence_level":0.95,"lower_bound":2255946.622111111,"upper_bound":2270978.7120555555},"point_estimate":2263624.791111111,"standard_error":3849.4423637263085},"median":{"confidence_interval":{"confidence_level":0.95,"lower_bound":2260103.722222222,"upper_bound":2277981.6666666665},"point_estimate":2269898.222222222,"standard_error":5028.809228017825},"median_abs_dev":{"confidence_interval":{"confidence_level":0.95,"lower_bound":17148.41022888827,"upper_bound":38187.792893697544},"point_estimate":25065.74118832766,"standard_error":5474.174544965425},"slope":null,"std_dev":{"confidence_interval":{"confidence_level":0.95,"lower_bound":22248.40800062591,"upper_bound":31462.79824864059},"point_estimate":27513.33224779392,"standard_error":2355.8256513713927}}