{"mean":{"confidence_interval":{"confidence_level":0.95,"lower_bound":-0.026484342101998848,"upper_bound":-0.016505069428566613},"point_estimate":-0.022004026167620316,"standard_error":0.0025809681026540115},"median":{"confidence_interval":{"confidence_level":0.95,"lower_bound":-0.032692456023669436,"upper_bound":-0.028029365822130226},"point_estimate":-0.030711198019741204,"standard_error":0.0012179597854166963}}