{"mean":{"confidence_interval":{"confidence_level":0.95,"lower_bound":-0.024043467021171563,"upper_bound":-0.017800077357427502},"point_estimate":-0.021007486082298965,"standard_error":0.0015873100477716378},"median":{"confidence_interval":{"confidence_level":0.95,"lower_bound":-0.028381563887547534,"upper_bound":-0.019566492537049007},"point_estimate":-0.024218599967746668,"standard_error":0.00255976107612471}}