{"mean":{"confidence_interval":{"confidence_level":0.95,"lower_bound":-0.006149692056008583,"upper_bound":0.003974553108029744},"point_estimate":-0.0009179456825882948,"standard_error":0.0025813383514280966},"median":{"confidence_interval":{"confidence_level":0.95,"lower_bound":-0.001420360042141966,"upper_bound":0.0028894731945510177},"point_estimate":0.0008813569223713458,"standard_error":0.0011938506364858946}}