{"mean":{"confidence_interval":{"confidence_level":0.95,"lower_bound":-0.006562236978802463,"upper_bound":0.004139255791823763},"point_estimate":-0.001010803413363126,"standard_error":0.002729092249754514},"median":{"confidence_interval":{"confidence_level":0.95,"lower_bound":0.0030760814990438146,"upper_bound":0.01275808579187454},"point_estimate":0.008361202222608721,"standard_error":0.002814240867016786}}