{"mean":{"confidence_interval":{"confidence_level":0.95,"lower_bound":-0.02045552513513782,"upper_bound":-0.014771640027612264},"point_estimate":-0.017708673968482525,"standard_error":0.0014443597030127692},"median":{"confidence_interval":{"confidence_level":0.95,"lower_bound":-0.020222914703572403,"upper_bound":-0.014493420471791807},"point_estimate":-0.016490732011125164,"standard_error":0.0014957362268929976}}