{"mean":{"confidence_interval":{"confidence_level":0.95,"lower_bound":-0.023096449593586747,"upper_bound":-0.011794444965837036},"point_estimate":-0.01769195202835283,"standard_error":0.0028850611266488238},"median":{"confidence_interval":{"confidence_level":0.95,"lower_bound":-0.030930874711235123,"upper_bound":-0.017360328959911464},"point_estimate":-0.029257138555867868,"standard_error":0.003438143446785301}}