{"mean":{"confidence_interval":{"confidence_level":0.95,"lower_bound":-0.03818703281796709,"upper_bound":-0.026498678145376788},"point_estimate":-0.03222806546186452,"standard_error":0.0029565576299889623},"median":{"confidence_interval":{"confidence_level":0.95,"lower_bound":-0.03317790401474874,"upper_bound":-0.026577837756881162},"point_estimate":-0.029903263406316993,"standard_error":0.0017709257699948385}}