{"mean":{"confidence_interval":{"confidence_level":0.95,"lower_bound":-0.03286651605768356,"upper_bound":-0.026771861237544606},"point_estimate":-0.030251469996088187,"standard_error":0.00154235649154451},"median":{"confidence_interval":{"confidence_level":0.95,"lower_bound":-0.03427990618502985,"upper_bound":-0.02954928141660136},"point_estimate":-0.03200516184883362,"standard_error":0.0010530285885446018}}