{"mean":{"confidence_interval":{"confidence_level":0.95,"lower_bound":0.028099531651400333,"upper_bound":0.031543316931558},"point_estimate":0.029807398285981224,"standard_error":0.0008779032826736217},"median":{"confidence_interval":{"confidence_level":0.95,"lower_bound":0.02626253296605796,"upper_bound":0.03141218728587125},"point_estimate":0.027560133360460703,"standard_error":0.0014953611808284795}}