{"mean":{"confidence_interval":{"confidence_level":0.95,"lower_bound":-0.0011551221341214214,"upper_bound":0.007957833497153977},"point_estimate":0.0035179463894379204,"standard_error":0.002321963577827814},"median":{"confidence_interval":{"confidence_level":0.95,"lower_bound":-0.0004664422053843875,"upper_bound":0.00527111629217103},"point_estimate":0.001751373926809352,"standard_error":0.0015185124154599866}}