{"mean":{"confidence_interval":{"confidence_level":0.95,"lower_bound":0.020996872131152644,"upper_bound":0.03809329948388449},"point_estimate":0.02945872464762056,"standard_error":0.004379000578237178},"median":{"confidence_interval":{"confidence_level":0.95,"lower_bound":0.011993717499583889,"upper_bound":0.04182725762034756},"point_estimate":0.030178484997057886,"standard_error":0.007639457714189525}}