{"mean":{"confidence_interval":{"confidence_level":0.95,"lower_bound":-0.06943008686187575,"upper_bound":-0.04849650793187453},"point_estimate":-0.0585247300168773,"standard_error":0.005301662875114838},"median":{"confidence_interval":{"confidence_level":0.95,"lower_bound":-0.0828314993883641,"upper_bound":-0.05245919141256172},"point_estimate":-0.0653365121979429,"standard_error":0.0076349274646576515}}