{"mean":{"confidence_interval":{"confidence_level":0.95,"lower_bound":-0.005702198347426135,"upper_bound":0.00962710656979589},"point_estimate":0.0024376472430645,"standard_error":0.003908086707461268},"median":{"confidence_interval":{"confidence_level":0.95,"lower_bound":-0.004432172031495263,"upper_bound":0.017918968619029085},"point_estimate":0.004423384066618574,"standard_error":0.005634228177385365}}