{"mean":{"confidence_interval":{"confidence_level":0.95,"lower_bound":0.014926142021496183,"upper_bound":0.042662003934616506},"point_estimate":0.028204980469857865,"standard_error":0.007077669765032287},"median":{"confidence_interval":{"confidence_level":0.95,"lower_bound":0.002036089814016373,"upper_bound":0.03526189629463672},"point_estimate":0.014535642924218495,"standard_error":0.008568323428505675}}