{"mean":{"confidence_interval":{"confidence_level":0.95,"lower_bound":-0.16126518941460508,"upper_bound":-0.14908026352114648},"point_estimate":-0.1553397142248465,"standard_error":0.0031140170707846674},"median":{"confidence_interval":{"confidence_level":0.95,"lower_bound":-0.16590456066820625,"upper_bound":-0.14769849508740374},"point_estimate":-0.1587072525400971,"standard_error":0.004928779414909236}}