{"mean":{"confidence_interval":{"confidence_level":0.95,"lower_bound":-0.07129811492963005,"upper_bound":-0.051155146561077766},"point_estimate":-0.061697527624139825,"standard_error":0.005130252895313785},"median":{"confidence_interval":{"confidence_level":0.95,"lower_bound":-0.08264832794024068,"upper_bound":-0.053110514543718845},"point_estimate":-0.06509789678536926,"standard_error":0.007386430217247254}}