{"mean":{"confidence_interval":{"confidence_level":0.95,"lower_bound":-0.44726622939035854,"upper_bound":-0.40558989199563805},"point_estimate":-0.4284575024724907,"standard_error":0.010681419861542278},"median":{"confidence_interval":{"confidence_level":0.95,"lower_bound":-0.4655582191928931,"upper_bound":-0.4522660687325151},"point_estimate":-0.4619673756831634,"standard_error":0.003885146649974426}}