{"mean":{"confidence_interval":{"confidence_level":0.95,"lower_bound":-0.20928645145848024,"upper_bound":-0.14769559115123765},"point_estimate":-0.18109603170758137,"standard_error":0.015684684683585134},"median":{"confidence_interval":{"confidence_level":0.95,"lower_bound":-0.24554333196458566,"upper_bound":-0.19287369881574135},"point_estimate":-0.2205719353270026,"standard_error":0.01236892015310429}}