{"mean":{"confidence_interval":{"confidence_level":0.95,"lower_bound":0.003303252712044042,"upper_bound":0.008963102077971897},"point_estimate":0.005519107228337816,"standard_error":0.001443046637473485},"median":{"confidence_interval":{"confidence_level":0.95,"lower_bound":0.004300554312904437,"upper_bound":0.007069715298141155},"point_estimate":0.006386729020299686,"standard_error":0.0006764550332435652}}