{"mean":{"confidence_interval":{"confidence_level":0.95,"lower_bound":0.043231818460648844,"upper_bound":0.05648517377452944},"point_estimate":0.04984179973312686,"standard_error":0.003360006956066137},"median":{"confidence_interval":{"confidence_level":0.95,"lower_bound":0.04807503023581626,"upper_bound":0.06404566435193071},"point_estimate":0.05539169831738078,"standard_error":0.0037467484530427065}}