{"mean":{"confidence_interval":{"confidence_level":0.95,"lower_bound":-0.05962656651724285,"upper_bound":-0.051517156437175554},"point_estimate":-0.05539110674628822,"standard_error":0.0020555393916656403},"median":{"confidence_interval":{"confidence_level":0.95,"lower_bound":-0.06178226572840195,"upper_bound":-0.052485024728242013},"point_estimate":-0.05516217881675456,"standard_error":0.002576206226071005}}