{"mean":{"confidence_interval":{"confidence_level":0.95,"lower_bound":-0.025374299365496875,"upper_bound":-0.015041072075716401},"point_estimate":-0.02030285778420482,"standard_error":0.002661592223348244},"median":{"confidence_interval":{"confidence_level":0.95,"lower_bound":-0.03125262523885397,"upper_bound":-0.020725077236689038},"point_estimate":-0.02732799365047245,"standard_error":0.0023655373133816045}}