{"mean":{"confidence_interval":{"confidence_level":0.95,"lower_bound":0.017993826748266217,"upper_bound":0.028384147579290725},"point_estimate":0.02338899058832178,"standard_error":0.0026486451081382555},"median":{"confidence_interval":{"confidence_level":0.95,"lower_bound":0.023813302547182502,"upper_bound":0.03582604048425475},"point_estimate":0.03171646981768461,"standard_error":0.002695684099440092}}