{"mean":{"confidence_interval":{"confidence_level":0.95,"lower_bound":-0.01399831062739798,"upper_bound":-0.009658851106402275},"point_estimate":-0.011288492107326742,"standard_error":0.0012133410468187738},"median":{"confidence_interval":{"confidence_level":0.95,"lower_bound":-0.010568732548417947,"upper_bound":-0.009633985308424409},"point_estimate":-0.01016407033165967,"standard_error":0.0002280619643325611}}