{"mean":{"confidence_interval":{"confidence_level":0.95,"lower_bound":857.3249201104277,"upper_bound":869.6861676149346},"point_estimate":863.801634003375,"standard_error":3.171731907692884},"median":{"confidence_interval":{"confidence_level":0.95,"lower_bound":872.2995942571786,"upper_bound":876.5497182575834},"point_estimate":875.0399487427185,"standard_error":1.1764044002652012},"median_abs_dev":{"confidence_interval":{"confidence_level":0.95,"lower_bound":2.9193515458692167,"upper_bound":11.761080596442515},"point_estimate":5.515822969778095,"standard_error":2.4412505179073194},"slope":{"confidence_interval":{"confidence_level":0.95,"lower_bound":874.6663588167424,"upper_bound":877.0452304806695},"point_estimate":875.9814279326148,"standard_error":0.6076274349540242},"std_dev":{"confidence_interval":{"confidence_level":0.95,"lower_bound":17.068604790429042,"upper_bound":26.510149747497124},"point_estimate":22.655103553565866,"standard_error":2.4299705922923254}}