{"mean":{"confidence_interval":{"confidence_level":0.95,"lower_bound":7420629.867000001,"upper_bound":7447885.831333332},"point_estimate":7434410.279999998,"standard_error":6946.2414415924895},"median":{"confidence_interval":{"confidence_level":0.95,"lower_bound":7422961.333333333,"upper_bound":7464451.666666666},"point_estimate":7441996.833333334,"standard_error":11091.638860993586},"median_abs_dev":{"confidence_interval":{"confidence_level":0.95,"lower_bound":31547.256439923778,"upper_bound":76314.11554515339},"point_estimate":50591.50020182133,"standard_error":11531.663445145829},"slope":null,"std_dev":{"confidence_interval":{"confidence_level":0.95,"lower_bound":41844.294429123955,"upper_bound":55403.23112429448},"point_estimate":49547.87719547225,"standard_error":3434.9850754433487}}