{"mean":{"confidence_interval":{"confidence_level":0.95,"lower_bound":7633861.855666663,"upper_bound":7688170.195333333},"point_estimate":7662095.546666666,"standard_error":13884.902716336179},"median":{"confidence_interval":{"confidence_level":0.95,"lower_bound":7671577.666666667,"upper_bound":7719597.666666667},"point_estimate":7701271.833333333,"standard_error":11519.288409494418},"median_abs_dev":{"confidence_interval":{"confidence_level":0.95,"lower_bound":28921.818986535072,"upper_bound":89215.2063161137},"point_estimate":45026.067000627976,"standard_error":16814.462260853354},"slope":null,"std_dev":{"confidence_interval":{"confidence_level":0.95,"lower_bound":74739.19533328956,"upper_bound":116970.02461476128},"point_estimate":98710.40301703646,"standard_error":10736.267574653426}}