{"mean":{"confidence_interval":{"confidence_level":0.95,"lower_bound":7414463.477166668,"upper_bound":7438149.118166666},"point_estimate":7425441.420000001,"standard_error":6077.909108413722},"median":{"confidence_interval":{"confidence_level":0.95,"lower_bound":7404415.833333334,"upper_bound":7414514.666666667},"point_estimate":7410962.166666667,"standard_error":2399.2771280348525},"median_abs_dev":{"confidence_interval":{"confidence_level":0.95,"lower_bound":9257.601335644491,"upper_bound":22784.596395492554},"point_estimate":15323.906227946512,"standard_error":3615.0163534523167},"slope":null,"std_dev":{"confidence_interval":{"confidence_level":0.95,"lower_bound":26751.26557102279,"upper_bound":56241.9207508711},"point_estimate":43358.67433632186,"standard_error":7551.881955238699}}