{"mean":{"confidence_interval":{"confidence_level":0.95,"lower_bound":-0.12999592514090386,"upper_bound":-0.11629987355782023},"point_estimate":-0.12376772189339158,"standard_error":0.0035050466305006625},"median":{"confidence_interval":{"confidence_level":0.95,"lower_bound":-0.13574609986107444,"upper_bound":-0.12248176200027416},"point_estimate":-0.131087312118071,"standard_error":0.003330166288516116}}