{"mean":{"confidence_interval":{"confidence_level":0.95,"lower_bound":-0.03604730661784972,"upper_bound":-0.015259898514485667},"point_estimate":-0.026093618877291114,"standard_error":0.005327599179712218},"median":{"confidence_interval":{"confidence_level":0.95,"lower_bound":-0.04574116530450212,"upper_bound":-0.029380780715713817},"point_estimate":-0.039196858880348184,"standard_error":0.004446985599451765}}