{"mean":{"confidence_interval":{"confidence_level":0.95,"lower_bound":-0.03632662052732836,"upper_bound":-0.01617971361805872},"point_estimate":-0.026014924467332445,"standard_error":0.005126579324789291},"median":{"confidence_interval":{"confidence_level":0.95,"lower_bound":-0.029022975957645136,"upper_bound":-0.011205107095158318},"point_estimate":-0.01881133981986327,"standard_error":0.004834675203575227}}