{"mean":{"confidence_interval":{"confidence_level":0.95,"lower_bound":-0.041584868206475535,"upper_bound":-0.019591652193671538},"point_estimate":-0.030474902069253185,"standard_error":0.00561693521427343},"median":{"confidence_interval":{"confidence_level":0.95,"lower_bound":-0.03271723604712884,"upper_bound":-0.01620797177080191},"point_estimate":-0.025646375006441513,"standard_error":0.0042236792073122795}}