{"mean":{"confidence_interval":{"confidence_level":0.95,"lower_bound":0.028771148182041427,"upper_bound":0.05270518858774006},"point_estimate":0.04061731576385608,"standard_error":0.005993479883445327},"median":{"confidence_interval":{"confidence_level":0.95,"lower_bound":0.028699314773270812,"upper_bound":0.04822168269357421},"point_estimate":0.040246833649451474,"standard_error":0.0051031161290840486}}