{"mean":{"confidence_interval":{"confidence_level":0.95,"lower_bound":0.012897947559554142,"upper_bound":0.0344554293570761},"point_estimate":0.023460171843018962,"standard_error":0.005503426570749735},"median":{"confidence_interval":{"confidence_level":0.95,"lower_bound":0.022899604529966533,"upper_bound":0.04458115436744037},"point_estimate":0.034323748719348846,"standard_error":0.005609556732748349}}