{"mean":{"confidence_interval":{"confidence_level":0.95,"lower_bound":0.02637632081044572,"upper_bound":0.03993791709384281},"point_estimate":0.03287810803011104,"standard_error":0.00342233193468507},"median":{"confidence_interval":{"confidence_level":0.95,"lower_bound":0.029070941737837863,"upper_bound":0.039826168193744405},"point_estimate":0.03477427944768374,"standard_error":0.0027341770016687398}}