{"mean":{"confidence_interval":{"confidence_level":0.95,"lower_bound":-0.0028837045755082196,"upper_bound":0.006391918015417977},"point_estimate":0.001548069707130617,"standard_error":0.0023650359140602135},"median":{"confidence_interval":{"confidence_level":0.95,"lower_bound":-0.0072825923051154096,"upper_bound":-0.00038031193268694974},"point_estimate":-0.004368806394328795,"standard_error":0.0017212279647588074}}