{"mean":{"confidence_interval":{"confidence_level":0.95,"lower_bound":-0.04775079988168707,"upper_bound":-0.033818800002001104},"point_estimate":-0.040975147476414175,"standard_error":0.00354686289912546},"median":{"confidence_interval":{"confidence_level":0.95,"lower_bound":-0.04880976712212337,"upper_bound":-0.030386316320844764},"point_estimate":-0.03944871326205346,"standard_error":0.0049980304070965055}}