{"mean":{"confidence_interval":{"confidence_level":0.95,"lower_bound":0.016388252548301452,"upper_bound":0.028858887812612092},"point_estimate":0.022488999585630776,"standard_error":0.0032205142909077947},"median":{"confidence_interval":{"confidence_level":0.95,"lower_bound":0.018111101841206567,"upper_bound":0.0273549795625887},"point_estimate":0.02245380049337986,"standard_error":0.0023134038122630883}}