{"mean":{"confidence_interval":{"confidence_level":0.95,"lower_bound":-0.06780679646614196,"upper_bound":-0.05326318703208423},"point_estimate":-0.060356630114406395,"standard_error":0.003718515751945388},"median":{"confidence_interval":{"confidence_level":0.95,"lower_bound":-0.06768641966671696,"upper_bound":-0.0502056124198369},"point_estimate":-0.05894800439340231,"standard_error":0.004626584043369476}}