{"mean":{"confidence_interval":{"confidence_level":0.95,"lower_bound":-0.045965619870170796,"upper_bound":-0.01630712788734235},"point_estimate":-0.028966522986613175,"standard_error":0.007707141111654029},"median":{"confidence_interval":{"confidence_level":0.95,"lower_bound":-0.036674026436861684,"upper_bound":-0.016565896646976053},"point_estimate":-0.026667583234390002,"standard_error":0.005114012408244142}}