{"mean":{"confidence_interval":{"confidence_level":0.95,"lower_bound":1017.7990492242444,"upper_bound":1023.4340621524588},"point_estimate":1020.4570972091373,"standard_error":1.441109948998943},"median":{"confidence_interval":{"confidence_level":0.95,"lower_bound":1014.914913448735,"upper_bound":1018.2868397691966},"point_estimate":1015.4402474613246,"standard_error":0.8834484028303834},"median_abs_dev":{"confidence_interval":{"confidence_level":0.95,"lower_bound":1.871355134715639,"upper_bound":6.729668625228528},"point_estimate":3.0826491225927213,"standard_error":1.1800097416908868},"slope":{"confidence_interval":{"confidence_level":0.95,"lower_bound":1017.300126618275,"upper_bound":1022.2177100210747},"point_estimate":1019.4943744043081,"standard_error":1.255463499582871},"std_dev":{"confidence_interval":{"confidence_level":0.95,"lower_bound":7.194421659534796,"upper_bound":12.48943480465038},"point_estimate":10.27623646298799,"standard_error":1.3524450035304865}}