{"mean":{"confidence_interval":{"confidence_level":0.95,"lower_bound":1013.107833899599,"upper_bound":1017.5081710559891},"point_estimate":1015.2099555997941,"standard_error":1.1258482588119725},"median":{"confidence_interval":{"confidence_level":0.95,"lower_bound":1010.003845784775,"upper_bound":1013.4499061450306},"point_estimate":1010.3491681060949,"standard_error":0.9805934590962133},"median_abs_dev":{"confidence_interval":{"confidence_level":0.95,"lower_bound":0.725454748190105,"upper_bound":6.2282930740729645},"point_estimate":1.2836501092981216,"standard_error":1.453581408365856},"slope":{"confidence_interval":{"confidence_level":0.95,"lower_bound":1010.0151380591827,"upper_bound":1011.1630311589763},"point_estimate":1010.4723366288301,"standard_error":0.29420164231884416},"std_dev":{"confidence_interval":{"confidence_level":0.95,"lower_bound":5.966859442208231,"upper_bound":9.807520130056727},"point_estimate":8.023629674610103,"standard_error":0.9888277288492562}}