{"mean":{"confidence_interval":{"confidence_level":0.95,"lower_bound":-0.03154526742468282,"upper_bound":-0.009310580057145659},"point_estimate":-0.020365105385272253,"standard_error":0.005696088965440612},"median":{"confidence_interval":{"confidence_level":0.95,"lower_bound":-0.027406659466884857,"upper_bound":-0.0054783802122362335},"point_estimate":-0.015208427085085852,"standard_error":0.005571287965342138}}