{"mean":{"confidence_interval":{"confidence_level":0.95,"lower_bound":-0.060503805128923706,"upper_bound":-0.03324744557178679},"point_estimate":-0.04709099089560853,"standard_error":0.006961933620138601},"median":{"confidence_interval":{"confidence_level":0.95,"lower_bound":-0.07083514630216725,"upper_bound":-0.020488922218074967},"point_estimate":-0.05672586974232341,"standard_error":0.012179156846072268}}