{"mean":{"confidence_interval":{"confidence_level":0.95,"lower_bound":-0.023142130857746523,"upper_bound":0.009000653076786137},"point_estimate":-0.005440892831491073,"standard_error":0.008140595625758355},"median":{"confidence_interval":{"confidence_level":0.95,"lower_bound":-0.04268816567166123,"upper_bound":0.01427503965228527},"point_estimate":-0.00015913079321561163,"standard_error":0.013938704542782772}}