{"mean":{"confidence_interval":{"confidence_level":0.95,"lower_bound":-0.05531179789879925,"upper_bound":-0.028801376286228364},"point_estimate":-0.0424125059648468,"standard_error":0.0067512114880534406},"median":{"confidence_interval":{"confidence_level":0.95,"lower_bound":-0.06095125444297356,"upper_bound":-0.013325025572226368},"point_estimate":-0.051984695085731225,"standard_error":0.011555313540953892}}