{"mean":{"confidence_interval":{"confidence_level":0.95,"lower_bound":-0.3456491772272371,"upper_bound":-0.28894293314013775},"point_estimate":-0.3188679340526397,"standard_error":0.014482114225189444},"median":{"confidence_interval":{"confidence_level":0.95,"lower_bound":-0.3810919962210111,"upper_bound":-0.2711051114728449},"point_estimate":-0.3284823051731385,"standard_error":0.026273343418733813}}