{"mean":{"confidence_interval":{"confidence_level":0.95,"lower_bound":14791.737239453008,"upper_bound":14885.710145249375},"point_estimate":14840.70906024293,"standard_error":24.020794155450222},"median":{"confidence_interval":{"confidence_level":0.95,"lower_bound":14833.00761904762,"upper_bound":14927.50503030303},"point_estimate":14871.856979166667,"standard_error":23.863308501310755},"median_abs_dev":{"confidence_interval":{"confidence_level":0.95,"lower_bound":79.97678765105204,"upper_bound":169.8747753174515},"point_estimate":131.67952742064398,"standard_error":22.59385721808009},"slope":{"confidence_interval":{"confidence_level":0.95,"lower_bound":14840.002822581282,"upper_bound":14919.854386926829},"point_estimate":14881.725460687245,"standard_error":20.346237395622197},"std_dev":{"confidence_interval":{"confidence_level":0.95,"lower_bound":124.44154438029,"upper_bound":207.56842422103833},"point_estimate":171.40524318839672,"standard_error":21.241176371971758}}