{"mean":{"confidence_interval":{"confidence_level":0.95,"lower_bound":1535.0637736747278,"upper_bound":1544.94757959127},"point_estimate":1539.7592871539825,"standard_error":2.531051091683012},"median":{"confidence_interval":{"confidence_level":0.95,"lower_bound":1528.6850826523905,"upper_bound":1534.814581157907},"point_estimate":1530.5511834319527,"standard_error":1.7126223970947845},"median_abs_dev":{"confidence_interval":{"confidence_level":0.95,"lower_bound":3.1724899152487254,"upper_bound":12.40732952365018},"point_estimate":6.058391112856341,"standard_error":2.4347263627501814},"slope":{"confidence_interval":{"confidence_level":0.95,"lower_bound":1531.62965368305,"upper_bound":1540.9486557998364},"point_estimate":1535.5559460505744,"standard_error":2.376301805433897},"std_dev":{"confidence_interval":{"confidence_level":0.95,"lower_bound":13.029363287726516,"upper_bound":21.6945460774401},"point_estimate":18.056827798446125,"standard_error":2.2143843184251457}}