{"mean":{"confidence_interval":{"confidence_level":0.95,"lower_bound":9899.881946233234,"upper_bound":10387.992625404386},"point_estimate":10076.91504444249,"standard_error":142.7566074260315},"median":{"confidence_interval":{"confidence_level":0.95,"lower_bound":9897.878378378378,"upper_bound":10029.43126747437},"point_estimate":9981.589197964197,"standard_error":29.826138596733905},"median_abs_dev":{"confidence_interval":{"confidence_level":0.95,"lower_bound":99.23994027612194,"upper_bound":219.50061857666327},"point_estimate":148.51578588767327,"standard_error":30.634589871238973},"slope":{"confidence_interval":{"confidence_level":0.95,"lower_bound":9803.137419195873,"upper_bound":9950.49001022247},"point_estimate":9872.821994364778,"standard_error":37.60977544621377},"std_dev":{"confidence_interval":{"confidence_level":0.95,"lower_bound":141.73497327068497,"upper_bound":1724.6420793041789},"point_estimate":1020.8974537943129,"standard_error":559.5571463973585}}