{"mean":{"confidence_interval":{"confidence_level":0.95,"lower_bound":9699.557111592518,"upper_bound":9769.049682156627},"point_estimate":9733.451568563327,"standard_error":17.63313657693245},"median":{"confidence_interval":{"confidence_level":0.95,"lower_bound":9720.581668625147,"upper_bound":9750.445210516638},"point_estimate":9738.449623884968,"standard_error":7.937365573522332},"median_abs_dev":{"confidence_interval":{"confidence_level":0.95,"lower_bound":33.29179344991444,"upper_bound":79.86085673124461},"point_estimate":56.317856350191875,"standard_error":11.95001478331137},"slope":{"confidence_interval":{"confidence_level":0.95,"lower_bound":9735.834849144316,"upper_bound":9805.744336970094},"point_estimate":9766.45439090809,"standard_error":18.22019658199731},"std_dev":{"confidence_interval":{"confidence_level":0.95,"lower_bound":79.39937592796154,"upper_bound":163.77202827527842},"point_estimate":126.1478625321153,"standard_error":21.516459329346343}}