{"mean":{"confidence_interval":{"confidence_level":0.95,"lower_bound":-0.38056042913558114,"upper_bound":-0.30306972475762023},"point_estimate":-0.3445606547622928,"standard_error":0.019836233880234363},"median":{"confidence_interval":{"confidence_level":0.95,"lower_bound":-0.41101699356305654,"upper_bound":-0.2736696137180108},"point_estimate":-0.34885540204956034,"standard_error":0.03456444410046153}}