{"mean":{"confidence_interval":{"confidence_level":0.95,"lower_bound":-0.39631789793841654,"upper_bound":-0.3234810564501458},"point_estimate":-0.35991871993491087,"standard_error":0.018588773766838214},"median":{"confidence_interval":{"confidence_level":0.95,"lower_bound":-0.4231820201792924,"upper_bound":-0.2842214470326646},"point_estimate":-0.3721145220881922,"standard_error":0.03601403733448646}}