{"mean":{"confidence_interval":{"confidence_level":0.95,"lower_bound":-0.11099548798116021,"upper_bound":0.01503900832288552},"point_estimate":-0.04985123455793661,"standard_error":0.032125757902623515},"median":{"confidence_interval":{"confidence_level":0.95,"lower_bound":-0.1756087085471819,"upper_bound":0.06609964470647811},"point_estimate":-0.05467611748319956,"standard_error":0.06134121848507814}}