{"mean":{"confidence_interval":{"confidence_level":0.95,"lower_bound":0.09147647798223377,"upper_bound":0.22511137979924545},"point_estimate":0.157087336453124,"standard_error":0.03423544688629402},"median":{"confidence_interval":{"confidence_level":0.95,"lower_bound":0.06654571563819281,"upper_bound":0.2934519803112845},"point_estimate":0.1578532870514302,"standard_error":0.056784699686256046}}