{"mean":{"confidence_interval":{"confidence_level":0.95,"lower_bound":-0.009207401877516917,"upper_bound":0.006047720013755513},"point_estimate":-0.00160136939920541,"standard_error":0.003900611010977517},"median":{"confidence_interval":{"confidence_level":0.95,"lower_bound":-0.024063251440180733,"upper_bound":0.008005503355049903},"point_estimate":-0.014483506282736536,"standard_error":0.00859758723756139}}