{"mean":{"confidence_interval":{"confidence_level":0.95,"lower_bound":0.039298926658227706,"upper_bound":0.04819180841184895},"point_estimate":0.04336202853969007,"standard_error":0.0022566849451502178},"median":{"confidence_interval":{"confidence_level":0.95,"lower_bound":0.0408897575209175,"upper_bound":0.04647018526250091},"point_estimate":0.043137648191373223,"standard_error":0.0014721409519363694}}