{"mean":{"confidence_interval":{"confidence_level":0.95,"lower_bound":-0.01381413031937917,"upper_bound":0.0010019251094040363},"point_estimate":-0.006559714262465599,"standard_error":0.0037600631003501944},"median":{"confidence_interval":{"confidence_level":0.95,"lower_bound":-0.020530794557496623,"upper_bound":0.0045794894804187525},"point_estimate":-0.010393946957275246,"standard_error":0.006236769455634309}}