{"mean":{"confidence_interval":{"confidence_level":0.95,"lower_bound":-0.03278028920240383,"upper_bound":-0.02376034590429199},"point_estimate":-0.02793918272548679,"standard_error":0.002291740972615071},"median":{"confidence_interval":{"confidence_level":0.95,"lower_bound":-0.029752802935882228,"upper_bound":-0.022690363348468023},"point_estimate":-0.025833426859491193,"standard_error":0.0018549631775371357}}