{"mean":{"confidence_interval":{"confidence_level":0.95,"lower_bound":-0.015839933410519536,"upper_bound":-0.0022763732994652334},"point_estimate":-0.009297636793483277,"standard_error":0.0035232205216226844},"median":{"confidence_interval":{"confidence_level":0.95,"lower_bound":-0.017529041018557567,"upper_bound":0.0022762801099432727},"point_estimate":-0.004084488823306365,"standard_error":0.005047062562648087}}