{"mean":{"confidence_interval":{"confidence_level":0.95,"lower_bound":-0.02494696995743828,"upper_bound":-0.012943889773784856},"point_estimate":-0.01890782515846967,"standard_error":0.003062767857784347},"median":{"confidence_interval":{"confidence_level":0.95,"lower_bound":-0.02986045602905807,"upper_bound":-0.005588563233620558},"point_estimate":-0.012828010050308536,"standard_error":0.0070742043813467655}}