{"mean":{"confidence_interval":{"confidence_level":0.95,"lower_bound":1056.1466559760038,"upper_bound":1059.7575819844335},"point_estimate":1057.9877015279687,"standard_error":0.9213539433410494},"median":{"confidence_interval":{"confidence_level":0.95,"lower_bound":1057.1785528246514,"upper_bound":1060.6344827586206},"point_estimate":1058.7633524904213,"standard_error":0.8027515461100226},"median_abs_dev":{"confidence_interval":{"confidence_level":0.95,"lower_bound":3.1964230581949633,"upper_bound":7.2664640576070445},"point_estimate":5.86749224658018,"standard_error":1.117379380303557},"slope":{"confidence_interval":{"confidence_level":0.95,"lower_bound":1052.2471247196186,"upper_bound":1057.5751172482894},"point_estimate":1054.9948837467114,"standard_error":1.365207330330426},"std_dev":{"confidence_interval":{"confidence_level":0.95,"lower_bound":4.49372550181989,"upper_bound":8.580553602187177},"point_estimate":6.588106018568799,"standard_error":1.0629848073284123}}