{"mean":{"confidence_interval":{"confidence_level":0.95,"lower_bound":-0.03414021914125298,"upper_bound":-0.024848886652284262},"point_estimate":-0.029214117616294333,"standard_error":0.00236047562309423},"median":{"confidence_interval":{"confidence_level":0.95,"lower_bound":-0.027266586971910423,"upper_bound":-0.018752247742251704},"point_estimate":-0.021384644715838452,"standard_error":0.002304328469667651}}