{"mean":{"confidence_interval":{"confidence_level":0.95,"lower_bound":-0.014073665386141077,"upper_bound":-0.008876572509830616},"point_estimate":-0.011679320191675502,"standard_error":0.0013176187413819415},"median":{"confidence_interval":{"confidence_level":0.95,"lower_bound":-0.015279967303316266,"upper_bound":-0.012524037240255415},"point_estimate":-0.013405921574566326,"standard_error":0.0007080603416258321}}