{"mean":{"confidence_interval":{"confidence_level":0.95,"lower_bound":-0.03438777847751028,"upper_bound":-0.025065068284492398},"point_estimate":-0.029901223992589432,"standard_error":0.0023718619069812755},"median":{"confidence_interval":{"confidence_level":0.95,"lower_bound":-0.039638734105191364,"upper_bound":-0.026191969321875064},"point_estimate":-0.03380419302896831,"standard_error":0.003279783417564596}}