{"mean":{"confidence_interval":{"confidence_level":0.95,"lower_bound":-0.04725493694368139,"upper_bound":-0.041126986706520166},"point_estimate":-0.043944612173780206,"standard_error":0.0015662602050623047},"median":{"confidence_interval":{"confidence_level":0.95,"lower_bound":-0.04272061882493006,"upper_bound":-0.03857422254566234},"point_estimate":-0.040890093090948376,"standard_error":0.0010033617949656562}}