{"mean":{"confidence_interval":{"confidence_level":0.95,"lower_bound":-0.01719412803559217,"upper_bound":-0.007100357657268842},"point_estimate":-0.012124318160541825,"standard_error":0.002553779067861754},"median":{"confidence_interval":{"confidence_level":0.95,"lower_bound":-0.014166417813447232,"upper_bound":-0.0015563971556303577},"point_estimate":-0.00802853887794086,"standard_error":0.0031032996811433625}}