{"mean":{"confidence_interval":{"confidence_level":0.95,"lower_bound":-0.026521969135317017,"upper_bound":-0.018284544840778842},"point_estimate":-0.02256551140769214,"standard_error":0.0020882793591112526},"median":{"confidence_interval":{"confidence_level":0.95,"lower_bound":-0.03060825006075818,"upper_bound":-0.02078027981337549},"point_estimate":-0.027102448001905866,"standard_error":0.0024755270158753726}}