{"mean":{"confidence_interval":{"confidence_level":0.95,"lower_bound":-0.026124238304711594,"upper_bound":-0.016090983623941523},"point_estimate":-0.021179358802012493,"standard_error":0.0025497313273684405},"median":{"confidence_interval":{"confidence_level":0.95,"lower_bound":-0.032949768930446904,"upper_bound":-0.005551412561528024},"point_estimate":-0.02782572198520361,"standard_error":0.006904508841003173}}