{"mean":{"confidence_interval":{"confidence_level":0.95,"lower_bound":-0.012624221266384739,"upper_bound":-0.0024506941357353984},"point_estimate":-0.0073604728892288085,"standard_error":0.0025914989533159082},"median":{"confidence_interval":{"confidence_level":0.95,"lower_bound":-0.0168161649987858,"upper_bound":0.010726001654405515},"point_estimate":-0.012055443646820208,"standard_error":0.007171984748135785}}