{"mean":{"confidence_interval":{"confidence_level":0.95,"lower_bound":-0.019147797233296737,"upper_bound":-0.004640654382502829},"point_estimate":-0.011972005744226522,"standard_error":0.003705531312238526},"median":{"confidence_interval":{"confidence_level":0.95,"lower_bound":-0.030428572180264846,"upper_bound":-0.0017388622578816681},"point_estimate":-0.007996730478239455,"standard_error":0.007141354101243942}}