{"mean":{"confidence_interval":{"confidence_level":0.95,"lower_bound":0.016449864707220502,"upper_bound":0.02321943571279128},"point_estimate":0.01987091821146314,"standard_error":0.0017137667881634607},"median":{"confidence_interval":{"confidence_level":0.95,"lower_bound":0.020296335220213235,"upper_bound":0.024118723084191718},"point_estimate":0.02141438842386112,"standard_error":0.000980806019712463}}