{"mean":{"confidence_interval":{"confidence_level":0.95,"lower_bound":-0.0336355433750396,"upper_bound":-0.030150563777681105},"point_estimate":-0.032047891619037094,"standard_error":0.0008937247050227828},"median":{"confidence_interval":{"confidence_level":0.95,"lower_bound":-0.03432535817586202,"upper_bound":-0.031912047616324934},"point_estimate":-0.03279099598065216,"standard_error":0.0006869753251312028}}