{"mean":{"confidence_interval":{"confidence_level":0.95,"lower_bound":-0.29467727257481363,"upper_bound":-0.2375841898406776},"point_estimate":-0.26764404069228864,"standard_error":0.014628726033207789},"median":{"confidence_interval":{"confidence_level":0.95,"lower_bound":-0.32310797833562377,"upper_bound":-0.24368198551331877},"point_estimate":-0.30222825584469604,"standard_error":0.023047798989519117}}