{"mean":{"confidence_interval":{"confidence_level":0.95,"lower_bound":144.8656870243397,"upper_bound":145.57601236731404},"point_estimate":145.22108799988345,"standard_error":0.18208974537281497},"median":{"confidence_interval":{"confidence_level":0.95,"lower_bound":144.6597703008735,"upper_bound":145.7674431144182},"point_estimate":145.50633367225893,"standard_error":0.3016668989721212},"median_abs_dev":{"confidence_interval":{"confidence_level":0.95,"lower_bound":0.6943909825471399,"upper_bound":1.6637469786266925},"point_estimate":1.2151643080750465,"standard_error":0.2533733149058263},"slope":{"confidence_interval":{"confidence_level":0.95,"lower_bound":144.0966126252632,"upper_bound":144.69063068185932},"point_estimate":144.3610454836566,"standard_error":0.15019779518153617},"std_dev":{"confidence_interval":{"confidence_level":0.95,"lower_bound":1.0286927137820472,"upper_bound":1.5459580607094037},"point_estimate":1.3033846343113389,"standard_error":0.13262864688453324}}