{"mean":{"confidence_interval":{"confidence_level":0.95,"lower_bound":-0.01656493374653403,"upper_bound":-0.008559065494775796},"point_estimate":-0.01250398898470051,"standard_error":0.002046128228863948},"median":{"confidence_interval":{"confidence_level":0.95,"lower_bound":-0.01548190493412327,"upper_bound":-0.0014230844213846128},"point_estimate":-0.00683138195689259,"standard_error":0.004241471609488234}}