{"mean":{"confidence_interval":{"confidence_level":0.95,"lower_bound":-0.03899804412743391,"upper_bound":-0.029786773179790033},"point_estimate":-0.03441013382876901,"standard_error":0.0023553055134701013},"median":{"confidence_interval":{"confidence_level":0.95,"lower_bound":-0.042517860255487205,"upper_bound":-0.033574105116653596},"point_estimate":-0.037844888637625695,"standard_error":0.0026352657015322888}}