{"mean":{"confidence_interval":{"confidence_level":0.95,"lower_bound":0.081150135503632,"upper_bound":0.08685324297235593},"point_estimate":0.08437014571281054,"standard_error":0.0014664994625619911},"median":{"confidence_interval":{"confidence_level":0.95,"lower_bound":0.08481111969888122,"upper_bound":0.08724270796316791},"point_estimate":0.0857717325040499,"standard_error":0.000614268510124938}}