{"mean":{"confidence_interval":{"confidence_level":0.95,"lower_bound":0.010152402768623166,"upper_bound":0.022358559583490374},"point_estimate":0.016084316114140185,"standard_error":0.003107216021548868},"median":{"confidence_interval":{"confidence_level":0.95,"lower_bound":0.013939801755342762,"upper_bound":0.03395781815616128},"point_estimate":0.025007693532153485,"standard_error":0.005205678477486857}}