{"mean":{"confidence_interval":{"confidence_level":0.95,"lower_bound":-0.02964553708669587,"upper_bound":-0.02161815772638241},"point_estimate":-0.026121586672921637,"standard_error":0.0020135790685398176},"median":{"confidence_interval":{"confidence_level":0.95,"lower_bound":-0.037568598298801326,"upper_bound":-0.023326361017861896},"point_estimate":-0.032157420116905366,"standard_error":0.004250043861171385}}