{"mean":{"confidence_interval":{"confidence_level":0.95,"lower_bound":-0.048183144734205686,"upper_bound":-0.038311304455870304},"point_estimate":-0.04315250660001568,"standard_error":0.002390965544772725},"median":{"confidence_interval":{"confidence_level":0.95,"lower_bound":-0.04204957810187682,"upper_bound":-0.0369749235982354},"point_estimate":-0.039152137315002666,"standard_error":0.0013328903460727043}}