{"mean":{"confidence_interval":{"confidence_level":0.95,"lower_bound":-0.00336105598252856,"upper_bound":-0.0024578507201753978},"point_estimate":-0.0028751885825225587,"standard_error":0.0002311708559244227},"median":{"confidence_interval":{"confidence_level":0.95,"lower_bound":-0.003666735936994292,"upper_bound":-0.0023143775228385843},"point_estimate":-0.0028317210760039346,"standard_error":0.0003956218462633495}}