{"mean":{"confidence_interval":{"confidence_level":0.95,"lower_bound":-0.006768044930208991,"upper_bound":-0.0021885870504028864},"point_estimate":-0.004254197184071051,"standard_error":0.0011831116528962411},"median":{"confidence_interval":{"confidence_level":0.95,"lower_bound":-0.002227877070036355,"upper_bound":-0.0008541730726717711},"point_estimate":-0.0017028304912292125,"standard_error":0.0003976573597092989}}