{"mean":{"confidence_interval":{"confidence_level":0.95,"lower_bound":-0.08915102185511858,"upper_bound":-0.0774619781154455},"point_estimate":-0.08552798057754474,"standard_error":0.002956591510474535},"median":{"confidence_interval":{"confidence_level":0.95,"lower_bound":-0.0903065911579417,"upper_bound":-0.08683020498691718},"point_estimate":-0.08852492357543862,"standard_error":0.0010640747799968665}}