{"mean":{"confidence_interval":{"confidence_level":0.95,"lower_bound":0.03769199158199665,"upper_bound":0.043949059776663635},"point_estimate":0.04091079213445803,"standard_error":0.001576106692441909},"median":{"confidence_interval":{"confidence_level":0.95,"lower_bound":0.04120772654876492,"upper_bound":0.04482354785591669},"point_estimate":0.041842879004844624,"standard_error":0.0010502018194953537}}