{"mean":{"confidence_interval":{"confidence_level":0.95,"lower_bound":0.09986181772129407,"upper_bound":0.10263888156641893},"point_estimate":0.10119215578407692,"standard_error":0.0007289874833665142},"median":{"confidence_interval":{"confidence_level":0.95,"lower_bound":0.09924843519272186,"upper_bound":0.10350213885036785},"point_estimate":0.10130946152149534,"standard_error":0.001315469145334428}}