{"mean":{"confidence_interval":{"confidence_level":0.95,"lower_bound":-0.009847736896996966,"upper_bound":-0.0011261842429713953},"point_estimate":-0.0054632625097713605,"standard_error":0.0022226149264922817},"median":{"confidence_interval":{"confidence_level":0.95,"lower_bound":-0.015150499332065692,"upper_bound":0.0033545673140016087},"point_estimate":0.001567642623335086,"standard_error":0.005333467438383456}}