{"mean":{"confidence_interval":{"confidence_level":0.95,"lower_bound":-0.05278850221467757,"upper_bound":-0.0504061832473951},"point_estimate":-0.05154535987207021,"standard_error":0.0006092077589598182},"median":{"confidence_interval":{"confidence_level":0.95,"lower_bound":-0.05248242768135769,"upper_bound":-0.049701371943125516},"point_estimate":-0.050751225713852266,"standard_error":0.0006095773630364621}}