{"mean":{"confidence_interval":{"confidence_level":0.95,"lower_bound":-0.026204050234119484,"upper_bound":-0.01243648735869951},"point_estimate":-0.019001061674946196,"standard_error":0.0035128568981636996},"median":{"confidence_interval":{"confidence_level":0.95,"lower_bound":-0.045723152659448485,"upper_bound":-0.0015436561347909447},"point_estimate":-0.03089111130103861,"standard_error":0.010040315604568582}}