{"mean":{"confidence_interval":{"confidence_level":0.95,"lower_bound":0.003656317457571001,"upper_bound":0.017052544440220085},"point_estimate":0.01053098561717647,"standard_error":0.0034217733635290713},"median":{"confidence_interval":{"confidence_level":0.95,"lower_bound":0.0022513985382404973,"upper_bound":0.01918758985877278},"point_estimate":0.004539977376913917,"standard_error":0.004709709307406461}}