{"mean":{"confidence_interval":{"confidence_level":0.95,"lower_bound":0.03927479706411686,"upper_bound":0.05212646507581098},"point_estimate":0.045925635258046604,"standard_error":0.0032778710558617583},"median":{"confidence_interval":{"confidence_level":0.95,"lower_bound":0.047402749994650106,"upper_bound":0.06747551426701093},"point_estimate":0.050699760287473916,"standard_error":0.005174337618694819}}