{"mean":{"confidence_interval":{"confidence_level":0.95,"lower_bound":-0.022230915246519562,"upper_bound":-0.015413448558371234},"point_estimate":-0.018955272711021154,"standard_error":0.0017332664398022988},"median":{"confidence_interval":{"confidence_level":0.95,"lower_bound":-0.0254382370017473,"upper_bound":-0.018158311857177423},"point_estimate":-0.020914148089054785,"standard_error":0.0018221447737869108}}