{"mean":{"confidence_interval":{"confidence_level":0.95,"lower_bound":0.019490771966614667,"upper_bound":0.023208141238192828},"point_estimate":0.021291586242646376,"standard_error":0.0009444563543459495},"median":{"confidence_interval":{"confidence_level":0.95,"lower_bound":0.018660177590689164,"upper_bound":0.022998500912088993},"point_estimate":0.020255599575001337,"standard_error":0.001131981891717181}}