{"mean":{"confidence_interval":{"confidence_level":0.95,"lower_bound":1955.1969190150305,"upper_bound":1965.0562344635107},"point_estimate":1960.4638670437873,"standard_error":2.5241378724112913},"median":{"confidence_interval":{"confidence_level":0.95,"lower_bound":1961.2954837672773,"upper_bound":1966.5591545453744},"point_estimate":1964.739983974359,"standard_error":1.353588264406842},"median_abs_dev":{"confidence_interval":{"confidence_level":0.95,"lower_bound":6.014027413033986,"upper_bound":13.29523551806067},"point_estimate":8.703910730640041,"standard_error":1.8903655103795016},"slope":{"confidence_interval":{"confidence_level":0.95,"lower_bound":1966.196183142871,"upper_bound":1972.0678303612144},"point_estimate":1969.216959240765,"standard_error":1.515624431363036},"std_dev":{"confidence_interval":{"confidence_level":0.95,"lower_bound":11.089347418963776,"upper_bound":23.200133708956255},"point_estimate":17.975848701855778,"standard_error":3.095613614031316}}