{"mean":{"confidence_interval":{"confidence_level":0.95,"lower_bound":0.018465552118180902,"upper_bound":0.03210876336318006},"point_estimate":0.025304175419787356,"standard_error":0.003524370559797599},"median":{"confidence_interval":{"confidence_level":0.95,"lower_bound":0.02031463068018824,"upper_bound":0.044578913690797695},"point_estimate":0.029793689160718673,"standard_error":0.006460481642422736}}