{"mean":{"confidence_interval":{"confidence_level":0.95,"lower_bound":-0.034796452155216116,"upper_bound":-0.021495091224563927},"point_estimate":-0.02835793132286457,"standard_error":0.0033737448001604714},"median":{"confidence_interval":{"confidence_level":0.95,"lower_bound":-0.0421331382784389,"upper_bound":-0.03584834856191288},"point_estimate":-0.04005752643719129,"standard_error":0.0016508502209124608}}