{"mean":{"confidence_interval":{"confidence_level":0.95,"lower_bound":-0.003945080972242443,"upper_bound":0.007489357815041438},"point_estimate":0.0017312394594712899,"standard_error":0.0029161109253595056},"median":{"confidence_interval":{"confidence_level":0.95,"lower_bound":-0.009746309422163368,"upper_bound":-0.002802591078594485},"point_estimate":-0.007695100135953092,"standard_error":0.001817242369613282}}