{"mean":{"confidence_interval":{"confidence_level":0.95,"lower_bound":-0.01472252807028461,"upper_bound":-0.0065775306301580905},"point_estimate":-0.010056351675044262,"standard_error":0.0021156744621568624},"median":{"confidence_interval":{"confidence_level":0.95,"lower_bound":-0.00635385522911347,"upper_bound":-0.003993479963054547},"point_estimate":-0.004855885247680436,"standard_error":0.0007086584228050316}}