{"mean":{"confidence_interval":{"confidence_level":0.95,"lower_bound":-0.0681967130180825,"upper_bound":-0.05692640369322206},"point_estimate":-0.06267568273796575,"standard_error":0.0028562519196492072},"median":{"confidence_interval":{"confidence_level":0.95,"lower_bound":-0.07071460462351109,"upper_bound":-0.05837175807603956},"point_estimate":-0.06442974335615748,"standard_error":0.003220368500794536}}