{"mean":{"confidence_interval":{"confidence_level":0.95,"lower_bound":0.0021147484118732864,"upper_bound":0.008051817792749527},"point_estimate":0.005030377136767017,"standard_error":0.001517785695605505},"median":{"confidence_interval":{"confidence_level":0.95,"lower_bound":0.0010020500791687592,"upper_bound":0.007089484779867927},"point_estimate":0.004550463249698433,"standard_error":0.001818826405636297}}