{"mean":{"confidence_interval":{"confidence_level":0.95,"lower_bound":-0.019146374596855663,"upper_bound":-0.00856516763440594},"point_estimate":-0.013825752319212015,"standard_error":0.002694994384293198},"median":{"confidence_interval":{"confidence_level":0.95,"lower_bound":-0.01775223914295998,"upper_bound":-0.0045182450009918496},"point_estimate":-0.01499696033815956,"standard_error":0.0032247459736244833}}