{"mean":{"confidence_interval":{"confidence_level":0.95,"lower_bound":-0.01257613944644953,"upper_bound":-0.0019170971821554157},"point_estimate":-0.007520865808562038,"standard_error":0.0027238538928130718},"median":{"confidence_interval":{"confidence_level":0.95,"lower_bound":-0.011141997142989768,"upper_bound":0.0015413046261989471},"point_estimate":-0.004676359318955714,"standard_error":0.0034207636237511166}}