{"mean":{"confidence_interval":{"confidence_level":0.95,"lower_bound":-0.008535744741200993,"upper_bound":0.0028853269279679526},"point_estimate":-0.0027596341698478133,"standard_error":0.002904384651208691},"median":{"confidence_interval":{"confidence_level":0.95,"lower_bound":-0.010426218816641297,"upper_bound":0.007764945237547893},"point_estimate":0.0015716080978385172,"standard_error":0.004734391084752564}}