{"mean":{"confidence_interval":{"confidence_level":0.95,"lower_bound":0.05028839457883487,"upper_bound":0.05972590162315384},"point_estimate":0.05481435506903698,"standard_error":0.0024085172289625882},"median":{"confidence_interval":{"confidence_level":0.95,"lower_bound":0.04782869404324419,"upper_bound":0.05588707261371864},"point_estimate":0.05117955100421279,"standard_error":0.0021908106098696865}}