{"mean":{"confidence_interval":{"confidence_level":0.95,"lower_bound":98.70946542077836,"upper_bound":102.77080215637243},"point_estimate":100.31442061827556,"standard_error":1.0734045103423875},"median":{"confidence_interval":{"confidence_level":0.95,"lower_bound":97.0117508813161,"upper_bound":100.04610492845786},"point_estimate":98.70458327785914,"standard_error":0.8271276262090556},"median_abs_dev":{"confidence_interval":{"confidence_level":0.95,"lower_bound":0.9562110288522969,"upper_bound":4.370580019575023},"point_estimate":2.8593198253630545,"standard_error":0.8866768746259115},"slope":{"confidence_interval":{"confidence_level":0.95,"lower_bound":98.47142925075778,"upper_bound":100.04276250181414},"point_estimate":99.25844386028427,"standard_error":0.40022060473478194},"std_dev":{"confidence_interval":{"confidence_level":0.95,"lower_bound":2.4477644590336514,"upper_bound":12.370525065988577},"point_estimate":7.6364532763085275,"standard_error":3.2854968298266565}}