{"mean":{"confidence_interval":{"confidence_level":0.95,"lower_bound":33086.75355250148,"upper_bound":33392.69070029678},"point_estimate":33238.65736732471,"standard_error":78.02255611287217},"median":{"confidence_interval":{"confidence_level":0.95,"lower_bound":32821.857142857145,"upper_bound":33548.522037853254},"point_estimate":33194.732967032964,"standard_error":213.42326015979802},"median_abs_dev":{"confidence_interval":{"confidence_level":0.95,"lower_bound":334.35293179454237,"upper_bound":852.8704484948873},"point_estimate":701.2543694639395,"standard_error":129.224450255524},"slope":{"confidence_interval":{"confidence_level":0.95,"lower_bound":32961.070004604066,"upper_bound":33268.15578977605},"point_estimate":33093.54353273983,"standard_error":78.74513019145567},"std_dev":{"confidence_interval":{"confidence_level":0.95,"lower_bound":481.83969254003534,"upper_bound":627.8707844270356},"point_estimate":558.8401910350753,"standard_error":37.359273027648506}}