{"mean":{"confidence_interval":{"confidence_level":0.95,"lower_bound":35009.64869348889,"upper_bound":35367.673351037796},"point_estimate":35182.70584454502,"standard_error":91.53921325628937},"median":{"confidence_interval":{"confidence_level":0.95,"lower_bound":34873.27067669173,"upper_bound":35444.8528468324},"point_estimate":35291.87617340843,"standard_error":142.38164557470634},"median_abs_dev":{"confidence_interval":{"confidence_level":0.95,"lower_bound":225.42839876282017,"upper_bound":711.247914615754},"point_estimate":489.77762859800265,"standard_error":129.5836561491857},"slope":{"confidence_interval":{"confidence_level":0.95,"lower_bound":35342.54551421307,"upper_bound":35471.452289264795},"point_estimate":35412.66605874033,"standard_error":32.59149916106923},"std_dev":{"confidence_interval":{"confidence_level":0.95,"lower_bound":433.68863190419,"upper_bound":851.2366614055848},"point_estimate":655.27143929472,"standard_error":107.42149885282471}}