{"mean":{"confidence_interval":{"confidence_level":0.95,"lower_bound":180.32949518389324,"upper_bound":182.82465158056473},"point_estimate":181.6599833570919,"standard_error":0.6397208412398537},"median":{"confidence_interval":{"confidence_level":0.95,"lower_bound":182.35559143979714,"upper_bound":183.85535203607208},"point_estimate":183.47998776251382,"standard_error":0.4211738758424367},"median_abs_dev":{"confidence_interval":{"confidence_level":0.95,"lower_bound":1.0056983655051637,"upper_bound":3.681991289211989},"point_estimate":1.8441056692254323,"standard_error":0.7620918010420196},"slope":{"confidence_interval":{"confidence_level":0.95,"lower_bound":183.58921196833145,"upper_bound":184.69657647602978},"point_estimate":184.16165427950827,"standard_error":0.28240006689634406},"std_dev":{"confidence_interval":{"confidence_level":0.95,"lower_bound":2.9665529698652824,"upper_bound":6.056822850879108},"point_estimate":4.563988337434059,"standard_error":0.8132333195259122}}