{"mean":{"confidence_interval":{"confidence_level":0.95,"lower_bound":0.019204464395088595,"upper_bound":0.05504503577083897},"point_estimate":0.03678516100818019,"standard_error":0.009134459149548066},"median":{"confidence_interval":{"confidence_level":0.95,"lower_bound":0.017533314326117155,"upper_bound":0.048817844425186996},"point_estimate":0.031974097618481245,"standard_error":0.008108605615915013}}