{"mean":{"confidence_interval":{"confidence_level":0.95,"lower_bound":-0.04109044042997978,"upper_bound":-0.007843441320107029},"point_estimate":-0.0251354159116306,"standard_error":0.008448146178047657},"median":{"confidence_interval":{"confidence_level":0.95,"lower_bound":-0.035826531606761636,"upper_bound":-0.013419446284412828},"point_estimate":-0.022263483553593755,"standard_error":0.005676341634249714}}