{"mean":{"confidence_interval":{"confidence_level":0.95,"lower_bound":-0.047228527507035205,"upper_bound":-0.013341396066844419},"point_estimate":-0.030050175707219018,"standard_error":0.008624464387070738},"median":{"confidence_interval":{"confidence_level":0.95,"lower_bound":-0.04345527195357868,"upper_bound":-0.022560550858054307},"point_estimate":-0.03323234309058187,"standard_error":0.005078535752061553}}