{"mean":{"confidence_interval":{"confidence_level":0.95,"lower_bound":0.037399935570300295,"upper_bound":0.06633523231247285},"point_estimate":0.0513685705270055,"standard_error":0.0073360127454308345},"median":{"confidence_interval":{"confidence_level":0.95,"lower_bound":0.04085093225805503,"upper_bound":0.05944251768884734},"point_estimate":0.049314764852800286,"standard_error":0.0045372834135896335}}