{"mean":{"confidence_interval":{"confidence_level":0.95,"lower_bound":-0.20403836250870377,"upper_bound":-0.18493722417820335},"point_estimate":-0.1939743604956704,"standard_error":0.004839168354858702},"median":{"confidence_interval":{"confidence_level":0.95,"lower_bound":-0.2048326427275552,"upper_bound":-0.18545656602902438},"point_estimate":-0.19566586602616254,"standard_error":0.004928620419269755}}