{"mean":{"confidence_interval":{"confidence_level":0.95,"lower_bound":0.00965789897821815,"upper_bound":0.037725517046566015},"point_estimate":0.023005763738421336,"standard_error":0.007152282858381085},"median":{"confidence_interval":{"confidence_level":0.95,"lower_bound":0.01595011922478662,"upper_bound":0.03399878697827652},"point_estimate":0.025091097740517432,"standard_error":0.004346559963255046}}