{"mean":{"confidence_interval":{"confidence_level":0.95,"lower_bound":1819.0085143772267,"upper_bound":1823.1509990273166},"point_estimate":1821.196390350022,"standard_error":1.0542661911754743},"median":{"confidence_interval":{"confidence_level":0.95,"lower_bound":1820.005103855456,"upper_bound":1824.302866846469},"point_estimate":1821.8863218996519,"standard_error":1.1533779505241302},"median_abs_dev":{"confidence_interval":{"confidence_level":0.95,"lower_bound":3.915913451605315,"upper_bound":7.439445672869065},"point_estimate":6.019474195731513,"standard_error":0.8662245034038241},"slope":{"confidence_interval":{"confidence_level":0.95,"lower_bound":1817.509640420302,"upper_bound":1824.5735282017192},"point_estimate":1821.5173915088278,"standard_error":1.826468752236942},"std_dev":{"confidence_interval":{"confidence_level":0.95,"lower_bound":4.882123905829003,"upper_bound":10.1576271444538},"point_estimate":7.53889067767151,"standard_error":1.4027589389800863}}