{"mean":{"confidence_interval":{"confidence_level":0.95,"lower_bound":19168.416645804446,"upper_bound":19180.152940417873},"point_estimate":19173.692248108233,"standard_error":3.0100547844992214},"median":{"confidence_interval":{"confidence_level":0.95,"lower_bound":19165.65750915751,"upper_bound":19171.902564102566},"point_estimate":19167.937179487177,"standard_error":1.3463776251434691},"median_abs_dev":{"confidence_interval":{"confidence_level":0.95,"lower_bound":6.446815928018549,"upper_bound":12.45662164679448},"point_estimate":9.301604142556387,"standard_error":1.5475021684432129},"slope":{"confidence_interval":{"confidence_level":0.95,"lower_bound":19165.117901160662,"upper_bound":19173.077149957786},"point_estimate":19168.766726699818,"standard_error":2.044090884034054},"std_dev":{"confidence_interval":{"confidence_level":0.95,"lower_bound":9.771879509939659,"upper_bound":29.829324037215294},"point_estimate":21.451437470846283,"standard_error":5.0721818947032675}}