{"mean":{"confidence_interval":{"confidence_level":0.95,"lower_bound":13265.783171565694,"upper_bound":13523.87355471159},"point_estimate":13365.864800963665,"standard_error":68.94746927534368},"median":{"confidence_interval":{"confidence_level":0.95,"lower_bound":13202.230669761273,"upper_bound":13243.387520525452},"point_estimate":13210.94260130036,"standard_error":11.177941896816954},"median_abs_dev":{"confidence_interval":{"confidence_level":0.95,"lower_bound":13.837574347018329,"upper_bound":72.38671280060083},"point_estimate":28.98448091175462,"standard_error":15.61221802114056},"slope":{"confidence_interval":{"confidence_level":0.95,"lower_bound":13223.765335423777,"upper_bound":13319.742407786829},"point_estimate":13266.743403691282,"standard_error":24.642424868136384},"std_dev":{"confidence_interval":{"confidence_level":0.95,"lower_bound":136.40210526281908,"upper_bound":800.5698271278391},"point_estimate":491.4226832298058,"standard_error":220.88084589349438}}