{"mean":{"confidence_interval":{"confidence_level":0.95,"lower_bound":-0.03482260716348898,"upper_bound":-0.02255380785868155},"point_estimate":-0.028919312764176586,"standard_error":0.003136305773291436},"median":{"confidence_interval":{"confidence_level":0.95,"lower_bound":-0.04197078614895178,"upper_bound":-0.029216953960117698},"point_estimate":-0.0356034061871594,"standard_error":0.0035503172253002696}}