{"mean":{"confidence_interval":{"confidence_level":0.95,"lower_bound":0.005553755853346283,"upper_bound":0.019669361014016243},"point_estimate":0.012658946215535538,"standard_error":0.0036093026391683346},"median":{"confidence_interval":{"confidence_level":0.95,"lower_bound":0.02085472221445661,"upper_bound":0.030554271503871133},"point_estimate":0.025075355010003575,"standard_error":0.0022956468636210433}}