{"mean":{"confidence_interval":{"confidence_level":0.95,"lower_bound":-0.0071383142850798866,"upper_bound":0.011567771425086703},"point_estimate":0.0025830442750285343,"standard_error":0.0047840080271845204},"median":{"confidence_interval":{"confidence_level":0.95,"lower_bound":-0.016866301210060386,"upper_bound":0.02818184928919787},"point_estimate":0.013488035526920683,"standard_error":0.012458969520005483}}