{"mean":{"confidence_interval":{"confidence_level":0.95,"lower_bound":-0.030760973362503642,"upper_bound":-0.012875315365407364},"point_estimate":-0.022171193216666607,"standard_error":0.0045612429648133335},"median":{"confidence_interval":{"confidence_level":0.95,"lower_bound":-0.04804100847170978,"upper_bound":-0.008585923627037362},"point_estimate":-0.036317078423943716,"standard_error":0.01114740579134966}}