{"mean":{"confidence_interval":{"confidence_level":0.95,"lower_bound":0.008019068598242862,"upper_bound":0.01940483515618222},"point_estimate":0.013399173187035984,"standard_error":0.002940065895205512},"median":{"confidence_interval":{"confidence_level":0.95,"lower_bound":0.015739230741159016,"upper_bound":0.02420046229563222},"point_estimate":0.01953824807290694,"standard_error":0.0020113685598867072}}