{"mean":{"confidence_interval":{"confidence_level":0.95,"lower_bound":0.004556847904674477,"upper_bound":0.018841073379800753},"point_estimate":0.01153669411688063,"standard_error":0.0036449706350870745},"median":{"confidence_interval":{"confidence_level":0.95,"lower_bound":-0.0045106856227001835,"upper_bound":0.03626459445072027},"point_estimate":0.007148810884115786,"standard_error":0.01144004868275976}}