{"mean":{"confidence_interval":{"confidence_level":0.95,"lower_bound":-0.03681023521436055,"upper_bound":-0.01911598532917395},"point_estimate":-0.027966953122131155,"standard_error":0.004508709575419836},"median":{"confidence_interval":{"confidence_level":0.95,"lower_bound":-0.0388605355943883,"upper_bound":-0.025859224592903796},"point_estimate":-0.03156737427870393,"standard_error":0.0034549455765059845}}