{"mean":{"confidence_interval":{"confidence_level":0.95,"lower_bound":-0.049945003037093066,"upper_bound":-0.0337973601797066},"point_estimate":-0.04168025841905132,"standard_error":0.004104455776965551},"median":{"confidence_interval":{"confidence_level":0.95,"lower_bound":-0.04451525521171918,"upper_bound":-0.025104794353254634},"point_estimate":-0.03696088623836602,"standard_error":0.005017899653995191}}