{"mean":{"confidence_interval":{"confidence_level":0.95,"lower_bound":0.007007914657676695,"upper_bound":0.022774266170801027},"point_estimate":0.015207928636450374,"standard_error":0.004008343931689176},"median":{"confidence_interval":{"confidence_level":0.95,"lower_bound":0.012105927376124148,"upper_bound":0.028903685101057564},"point_estimate":0.020219212725109292,"standard_error":0.004204793083346119}}