{"mean":{"confidence_interval":{"confidence_level":0.95,"lower_bound":0.04031337471778307,"upper_bound":0.05646809535181438},"point_estimate":0.04824408805342717,"standard_error":0.004126881271567467},"median":{"confidence_interval":{"confidence_level":0.95,"lower_bound":0.03444335661453904,"upper_bound":0.05477432218855327},"point_estimate":0.04832990205247656,"standard_error":0.005685756688456563}}