{"mean":{"confidence_interval":{"confidence_level":0.95,"lower_bound":-0.14068136925094044,"upper_bound":-0.12733398407826035},"point_estimate":-0.13431668796944551,"standard_error":0.0034169003380523154},"median":{"confidence_interval":{"confidence_level":0.95,"lower_bound":-0.14975701927026286,"upper_bound":-0.13194005724484215},"point_estimate":-0.14027732114628266,"standard_error":0.004609709371547391}}