{"mean":{"confidence_interval":{"confidence_level":0.95,"lower_bound":-0.03865671022986445,"upper_bound":-0.02010949107900557},"point_estimate":-0.029453089172059577,"standard_error":0.004740163982363774},"median":{"confidence_interval":{"confidence_level":0.95,"lower_bound":-0.03703103848938416,"upper_bound":-0.015571516030387755},"point_estimate":-0.029549749539116044,"standard_error":0.00546614998523609}}