{"mean":{"confidence_interval":{"confidence_level":0.95,"lower_bound":-0.07174266094659812,"upper_bound":-0.06920997212906022},"point_estimate":-0.07047648843140386,"standard_error":0.0006420999558229873},"median":{"confidence_interval":{"confidence_level":0.95,"lower_bound":-0.07077164092956331,"upper_bound":-0.06883737890682215},"point_estimate":-0.06965590687314116,"standard_error":0.000466360934633845}}