{"mean":{"confidence_interval":{"confidence_level":0.95,"lower_bound":-0.06240770141166552,"upper_bound":-0.057148647613742554},"point_estimate":-0.06001244612996093,"standard_error":0.0013488702243309766},"median":{"confidence_interval":{"confidence_level":0.95,"lower_bound":-0.06444289966233396,"upper_bound":-0.0612924680888689},"point_estimate":-0.06315074313210711,"standard_error":0.0008258139888823829}}