{"mean":{"confidence_interval":{"confidence_level":0.95,"lower_bound":0.056608895826374184,"upper_bound":0.06284415362887397},"point_estimate":0.059712067205862196,"standard_error":0.0015956462318550825},"median":{"confidence_interval":{"confidence_level":0.95,"lower_bound":0.0580039756095474,"upper_bound":0.0667112293389367},"point_estimate":0.06499322910032879,"standard_error":0.0020680353136443143}}