{"mean":{"confidence_interval":{"confidence_level":0.95,"lower_bound":0.01549362931257577,"upper_bound":0.02106226307741843},"point_estimate":0.018316209372096104,"standard_error":0.0014254591567531177},"median":{"confidence_interval":{"confidence_level":0.95,"lower_bound":0.019344522828713018,"upper_bound":0.02319463613813122},"point_estimate":0.021202559089362305,"standard_error":0.000997587910699658}}