{"mean":{"confidence_interval":{"confidence_level":0.95,"lower_bound":-0.0371123620295406,"upper_bound":-0.030412140209818923},"point_estimate":-0.03385676088312317,"standard_error":0.0017020220360307176},"median":{"confidence_interval":{"confidence_level":0.95,"lower_bound":-0.04164047867476761,"upper_bound":-0.03469963349372607},"point_estimate":-0.03980635908463526,"standard_error":0.001821254863146064}}