{"mean":{"confidence_interval":{"confidence_level":0.95,"lower_bound":-0.025995193628748272,"upper_bound":-0.006080923525858824},"point_estimate":-0.017345073874659334,"standard_error":0.005093435883081269},"median":{"confidence_interval":{"confidence_level":0.95,"lower_bound":-0.03285255240895013,"upper_bound":-0.010887720217923613},"point_estimate":-0.021475285960351975,"standard_error":0.005304463760639694}}