{"mean":{"confidence_interval":{"confidence_level":0.95,"lower_bound":-0.05733599598724013,"upper_bound":-0.04570799345890514},"point_estimate":-0.05153152687133411,"standard_error":0.0029653043547859044},"median":{"confidence_interval":{"confidence_level":0.95,"lower_bound":-0.05525521705080394,"upper_bound":-0.04655866419384658},"point_estimate":-0.05059985695119806,"standard_error":0.002166379173443701}}