{"mean":{"confidence_interval":{"confidence_level":0.95,"lower_bound":0.02707404725987894,"upper_bound":0.03841137045530582},"point_estimate":0.03249816059205912,"standard_error":0.0029185311317580695},"median":{"confidence_interval":{"confidence_level":0.95,"lower_bound":0.035570360137180845,"upper_bound":0.041031902246598674},"point_estimate":0.03880310795555442,"standard_error":0.0016106139976350322}}