{"mean":{"confidence_interval":{"confidence_level":0.95,"lower_bound":-0.01964002129883674,"upper_bound":-0.012471998499137271},"point_estimate":-0.016136432609212825,"standard_error":0.0018279674661050805},"median":{"confidence_interval":{"confidence_level":0.95,"lower_bound":-0.022573329152604033,"upper_bound":-0.016891234500976293},"point_estimate":-0.02056160605902202,"standard_error":0.0015156254413511868}}