{"mean":{"confidence_interval":{"confidence_level":0.95,"lower_bound":1072.1562826061593,"upper_bound":1077.4052825163906},"point_estimate":1074.8367960244198,"standard_error":1.3372037060835316},"median":{"confidence_interval":{"confidence_level":0.95,"lower_bound":1073.1208264555821,"upper_bound":1078.5468331295365},"point_estimate":1075.8282914183114,"standard_error":1.213143691579329},"median_abs_dev":{"confidence_interval":{"confidence_level":0.95,"lower_bound":4.812616480906358,"upper_bound":10.09395406916241},"point_estimate":6.8545011077497575,"standard_error":1.3608015427324152},"slope":{"confidence_interval":{"confidence_level":0.95,"lower_bound":1070.0027463262927,"upper_bound":1076.035458206194},"point_estimate":1073.1893482867813,"standard_error":1.5303148855843576},"std_dev":{"confidence_interval":{"confidence_level":0.95,"lower_bound":7.127958884226624,"upper_bound":11.470539528820101},"point_estimate":9.489337975660762,"standard_error":1.1103965209178672}}