{"mean":{"confidence_interval":{"confidence_level":0.95,"lower_bound":164.24411108917758,"upper_bound":175.45452184120825},"point_estimate":169.85138425583594,"standard_error":2.868514009492226},"median":{"confidence_interval":{"confidence_level":0.95,"lower_bound":164.2818094068094,"upper_bound":175.52297297297298},"point_estimate":169.56446698688077,"standard_error":3.364840954914941},"median_abs_dev":{"confidence_interval":{"confidence_level":0.95,"lower_bound":11.211377267862527,"upper_bound":24.365602503118364},"point_estimate":17.36705245628093,"standard_error":3.299802196341195},"slope":{"confidence_interval":{"confidence_level":0.95,"lower_bound":179.3214939097464,"upper_bound":190.74326138005043},"point_estimate":185.46313526106186,"standard_error":2.914994520874761},"std_dev":{"confidence_interval":{"confidence_level":0.95,"lower_bound":16.057014519260065,"upper_bound":24.033182941630606},"point_estimate":20.434176336504088,"standard_error":2.030332075061039}}