{"mean":{"confidence_interval":{"confidence_level":0.95,"lower_bound":323.92007871552426,"upper_bound":334.56570842916733},"point_estimate":329.6422715789831,"standard_error":2.7331413022892774},"median":{"confidence_interval":{"confidence_level":0.95,"lower_bound":336.4873276812793,"upper_bound":337.4449181519865},"point_estimate":336.97439774607113,"standard_error":0.28819670312029294},"median_abs_dev":{"confidence_interval":{"confidence_level":0.95,"lower_bound":1.3553038188906243,"upper_bound":4.470615605624814},"point_estimate":3.009810540547799,"standard_error":0.7732383204807425},"slope":{"confidence_interval":{"confidence_level":0.95,"lower_bound":335.6202451344576,"upper_bound":338.17433651630364},"point_estimate":337.0203809518304,"standard_error":0.6536676022932971},"std_dev":{"confidence_interval":{"confidence_level":0.95,"lower_bound":11.46615506210494,"upper_bound":25.27107829148324},"point_estimate":19.589375744597348,"standard_error":3.553806058532342}}