{"mean":{"confidence_interval":{"confidence_level":0.95,"lower_bound":-0.01423581652780078,"upper_bound":-0.006340724238232271},"point_estimate":-0.01025185692079067,"standard_error":0.0020316069372351094},"median":{"confidence_interval":{"confidence_level":0.95,"lower_bound":-0.014492396169942134,"upper_bound":-0.0053357244129167425},"point_estimate":-0.011990925614476788,"standard_error":0.0024277253438774685}}