{"mean":{"confidence_interval":{"confidence_level":0.95,"lower_bound":353.7525718170086,"upper_bound":367.51463865575},"point_estimate":360.94999740287494,"standard_error":3.5186311332313234},"median":{"confidence_interval":{"confidence_level":0.95,"lower_bound":371.1455999423652,"upper_bound":373.5217391304348},"point_estimate":372.9177465153238,"standard_error":0.8692656822750334},"median_abs_dev":{"confidence_interval":{"confidence_level":0.95,"lower_bound":2.9435060054753452,"upper_bound":12.350315865219061},"point_estimate":6.980533924960352,"standard_error":2.2943977164692453},"slope":{"confidence_interval":{"confidence_level":0.95,"lower_bound":373.57930838431304,"upper_bound":376.032211159648},"point_estimate":374.9056376332493,"standard_error":0.6246218568923648},"std_dev":{"confidence_interval":{"confidence_level":0.95,"lower_bound":17.970937028374877,"upper_bound":29.997325725125506},"point_estimate":25.056207711850107,"standard_error":3.0734307997329413}}