{"mean":{"confidence_interval":{"confidence_level":0.95,"lower_bound":2238388.3955,"upper_bound":2250747.9772777776},"point_estimate":2244633.7155555557,"standard_error":3149.244055419456},"median":{"confidence_interval":{"confidence_level":0.95,"lower_bound":2236409.222222222,"upper_bound":2257964.0},"point_estimate":2247536.1666666665,"standard_error":6259.271778767313},"median_abs_dev":{"confidence_interval":{"confidence_level":0.95,"lower_bound":16115.696980556006,"upper_bound":32998.0628808341},"point_estimate":25302.874817450764,"standard_error":4537.036290144867},"slope":null,"std_dev":{"confidence_interval":{"confidence_level":0.95,"lower_bound":18996.402039853103,"upper_bound":25543.423499639903},"point_estimate":22566.758274896754,"standard_error":1668.4169574618313}}