{"mean":{"confidence_interval":{"confidence_level":0.95,"lower_bound":2281768.221666667,"upper_bound":2286289.9069444444},"point_estimate":2283844.8,"standard_error":1157.4846469193897},"median":{"confidence_interval":{"confidence_level":0.95,"lower_bound":2281402.722222222,"upper_bound":2284439.0},"point_estimate":2282794.333333333,"standard_error":777.0331385012527},"median_abs_dev":{"confidence_interval":{"confidence_level":0.95,"lower_bound":3187.2604767484554,"upper_bound":6955.535409847626},"point_estimate":5211.915474137169,"standard_error":992.6753801201323},"slope":null,"std_dev":{"confidence_interval":{"confidence_level":0.95,"lower_bound":4675.887878586613,"upper_bound":11475.545703701617},"point_estimate":8266.866773661226,"standard_error":1782.6169612820152}}