{"mean":{"confidence_interval":{"confidence_level":0.95,"lower_bound":2234159.240777778,"upper_bound":2252914.928777778},"point_estimate":2243649.933333333,"standard_error":4795.509689689127},"median":{"confidence_interval":{"confidence_level":0.95,"lower_bound":2241018.5555555555,"upper_bound":2259552.0555555555},"point_estimate":2253273.833333333,"standard_error":4424.842915262397},"median_abs_dev":{"confidence_interval":{"confidence_level":0.95,"lower_bound":16575.96190571808,"upper_bound":46394.01257634117},"point_estimate":25182.619486252544,"standard_error":7804.313135355034},"slope":null,"std_dev":{"confidence_interval":{"confidence_level":0.95,"lower_bound":28053.517839030006,"upper_bound":38679.05437682384},"point_estimate":34116.53197877839,"standard_error":2696.0083846676466}}