{"mean":{"confidence_interval":{"confidence_level":0.95,"lower_bound":3258.658160857953,"upper_bound":3300.4650505570644},"point_estimate":3274.589544658809,"standard_error":11.310946560123346},"median":{"confidence_interval":{"confidence_level":0.95,"lower_bound":3250.3312202380953,"upper_bound":3254.059572072072},"point_estimate":3251.847518274854,"standard_error":1.0832442413335808},"median_abs_dev":{"confidence_interval":{"confidence_level":0.95,"lower_bound":3.2144945810886143,"upper_bound":9.332318422762638},"point_estimate":5.247133726143019,"standard_error":1.798502870522811},"slope":{"confidence_interval":{"confidence_level":0.95,"lower_bound":3257.25995906956,"upper_bound":3273.650755364274},"point_estimate":3264.455040574646,"standard_error":4.208259771636906},"std_dev":{"confidence_interval":{"confidence_level":0.95,"lower_bound":19.208348455797974,"upper_bound":133.43407033144078},"point_estimate":80.98037485724825,"standard_error":38.34211557759139}}