{"mean":{"confidence_interval":{"confidence_level":0.95,"lower_bound":0.01670327561957996,"upper_bound":0.023834202195392784},"point_estimate":0.02007536927610709,"standard_error":0.00182697369283413},"median":{"confidence_interval":{"confidence_level":0.95,"lower_bound":0.014133861080470878,"upper_bound":0.019724590371343442},"point_estimate":0.017214212086601677,"standard_error":0.001393787625202484}}