{"mean":{"confidence_interval":{"confidence_level":0.95,"lower_bound":-0.05964276299942513,"upper_bound":-0.05559668169945782},"point_estimate":-0.057652173108269866,"standard_error":0.0010297122544272997},"median":{"confidence_interval":{"confidence_level":0.95,"lower_bound":-0.060314277382435666,"upper_bound":-0.054973314972251},"point_estimate":-0.05814647613228785,"standard_error":0.0013024857150899971}}