{"mean":{"confidence_interval":{"confidence_level":0.95,"lower_bound":-0.005431502146893007,"upper_bound":-0.00027608787411167416},"point_estimate":-0.0029333881883311097,"standard_error":0.001297758794352456},"median":{"confidence_interval":{"confidence_level":0.95,"lower_bound":-0.00361149884192713,"upper_bound":0.001031142256807449},"point_estimate":-0.001353863047056647,"standard_error":0.001096255746859987}}