{"mean":{"confidence_interval":{"confidence_level":0.95,"lower_bound":0.015066617416815278,"upper_bound":0.019222599479833066},"point_estimate":0.017211250245130483,"standard_error":0.0010248470908874627},"median":{"confidence_interval":{"confidence_level":0.95,"lower_bound":0.015523048930947022,"upper_bound":0.02243828251002311},"point_estimate":0.018773566799052954,"standard_error":0.001891681638709131}}