{"mean":{"confidence_interval":{"confidence_level":0.95,"lower_bound":-0.059807487022812356,"upper_bound":-0.05431910890003598},"point_estimate":-0.057203421568916335,"standard_error":0.0013899256986961133},"median":{"confidence_interval":{"confidence_level":0.95,"lower_bound":-0.062780190807872,"upper_bound":-0.05740493588073851},"point_estimate":-0.060596845325369686,"standard_error":0.0013184984017548225}}