{"mean":{"confidence_interval":{"confidence_level":0.95,"lower_bound":0.0185544512636972,"upper_bound":0.02329290710815311},"point_estimate":0.020899792135018247,"standard_error":0.001208369373366993},"median":{"confidence_interval":{"confidence_level":0.95,"lower_bound":0.016006114627538537,"upper_bound":0.0241555391201278},"point_estimate":0.02020769520851573,"standard_error":0.0021726951178343075}}