{"mean":{"confidence_interval":{"confidence_level":0.95,"lower_bound":-0.0663393660253434,"upper_bound":-0.030954333781997693},"point_estimate":-0.0489576776558317,"standard_error":0.008918127719550925},"median":{"confidence_interval":{"confidence_level":0.95,"lower_bound":-0.06459892633431852,"upper_bound":-0.04027395845157167},"point_estimate":-0.0573993556486696,"standard_error":0.005901218443620357}}