{"mean":{"confidence_interval":{"confidence_level":0.95,"lower_bound":-0.36409600270435016,"upper_bound":-0.3493889617806404},"point_estimate":-0.3573346507504599,"standard_error":0.003764721344919238},"median":{"confidence_interval":{"confidence_level":0.95,"lower_bound":-0.36997222542905284,"upper_bound":-0.36414525003592924},"point_estimate":-0.3672401194229036,"standard_error":0.0015806503356720538}}