{"mean":{"confidence_interval":{"confidence_level":0.95,"lower_bound":-0.004318143574641109,"upper_bound":0.03152982925042469},"point_estimate":0.011909112114479425,"standard_error":0.009195303936182151},"median":{"confidence_interval":{"confidence_level":0.95,"lower_bound":0.006955599044319581,"upper_bound":0.028289118333517438},"point_estimate":0.020515699048007985,"standard_error":0.004901727320559351}}