{"mean":{"confidence_interval":{"confidence_level":0.95,"lower_bound":-0.09105338351344222,"upper_bound":-0.05635839558573208},"point_estimate":-0.07459081254235256,"standard_error":0.008869500383967234},"median":{"confidence_interval":{"confidence_level":0.95,"lower_bound":-0.08323530624478703,"upper_bound":-0.06251673630318345},"point_estimate":-0.07157524860942066,"standard_error":0.00505476227063388}}