{"mean":{"confidence_interval":{"confidence_level":0.95,"lower_bound":0.038782904640001024,"upper_bound":0.08006050726116559},"point_estimate":0.05932772786744245,"standard_error":0.01054802618195971},"median":{"confidence_interval":{"confidence_level":0.95,"lower_bound":0.052021099073882526,"upper_bound":0.07673701208898542},"point_estimate":0.06500060916220796,"standard_error":0.006245022845889368}}