{"mean":{"confidence_interval":{"confidence_level":0.95,"lower_bound":0.019546596197967486,"upper_bound":0.05532775570840256},"point_estimate":0.03624209624189656,"standard_error":0.009084260465203083},"median":{"confidence_interval":{"confidence_level":0.95,"lower_bound":0.025544744946652598,"upper_bound":0.04023873368880171},"point_estimate":0.030801595047425856,"standard_error":0.0036953321155677545}}