{"mean":{"confidence_interval":{"confidence_level":0.95,"lower_bound":537.3831749525252,"upper_bound":539.4394320405286},"point_estimate":538.491515928516,"standard_error":0.5269961887910721},"median":{"confidence_interval":{"confidence_level":0.95,"lower_bound":538.1261132315522,"upper_bound":539.8106277982029},"point_estimate":539.0954125038095,"standard_error":0.46912420499748975},"median_abs_dev":{"confidence_interval":{"confidence_level":0.95,"lower_bound":1.546549070392003,"upper_bound":2.99099883308935},"point_estimate":2.2641193781371216,"standard_error":0.38318948429171196},"slope":{"confidence_interval":{"confidence_level":0.95,"lower_bound":535.8421224386618,"upper_bound":539.4371795890821},"point_estimate":537.7467434484804,"standard_error":0.923887748191664},"std_dev":{"confidence_interval":{"confidence_level":0.95,"lower_bound":2.0782564570879907,"upper_bound":5.152528887344208},"point_estimate":3.7703586419501005,"standard_error":0.7915087596061975}}