{"mean":{"confidence_interval":{"confidence_level":0.95,"lower_bound":16392.91497577971,"upper_bound":16548.365183294023},"point_estimate":16474.064481223664,"standard_error":39.66709286551366},"median":{"confidence_interval":{"confidence_level":0.95,"lower_bound":16468.72923076923,"upper_bound":16596.683226495727},"point_estimate":16528.709874260356,"standard_error":28.31095136663045},"median_abs_dev":{"confidence_interval":{"confidence_level":0.95,"lower_bound":133.57541485933112,"upper_bound":319.7645886528052},"point_estimate":198.22946254407248,"standard_error":49.14594160623341},"slope":{"confidence_interval":{"confidence_level":0.95,"lower_bound":16584.2401814612,"upper_bound":16671.52015453644},"point_estimate":16629.339913086333,"standard_error":22.27261275123847},"std_dev":{"confidence_interval":{"confidence_level":0.95,"lower_bound":209.97986977768034,"upper_bound":340.28240112792605},"point_estimate":283.0348086319917,"standard_error":33.25657233369597}}