{"mean":{"confidence_interval":{"confidence_level":0.95,"lower_bound":-0.008052538057204123,"upper_bound":0.003366899959819966},"point_estimate":-0.002239810965387501,"standard_error":0.0029123476430604586},"median":{"confidence_interval":{"confidence_level":0.95,"lower_bound":-0.005249970922899028,"upper_bound":0.003121362646226311},"point_estimate":-0.002043736624406267,"standard_error":0.0020658137476745413}}