{"mean":{"confidence_interval":{"confidence_level":0.95,"lower_bound":-0.0269848538637973,"upper_bound":-0.017172224094950547},"point_estimate":-0.022316802284718662,"standard_error":0.0024903332982161752},"median":{"confidence_interval":{"confidence_level":0.95,"lower_bound":-0.029916872361694602,"upper_bound":-0.022505891817098157},"point_estimate":-0.02678841451181946,"standard_error":0.0018415381366160375}}