{"mean":{"confidence_interval":{"confidence_level":0.95,"lower_bound":-0.01221594088681869,"upper_bound":-0.00005519854727575879},"point_estimate":-0.006112940891676133,"standard_error":0.0030740155944790483},"median":{"confidence_interval":{"confidence_level":0.95,"lower_bound":-0.01130765445858728,"upper_bound":0.005560954693118569},"point_estimate":-0.0033743420084464404,"standard_error":0.004625522830431238}}