{"mean":{"confidence_interval":{"confidence_level":0.95,"lower_bound":-0.06686987221191731,"upper_bound":-0.055366778131115485},"point_estimate":-0.06120316638786083,"standard_error":0.002946295600557248},"median":{"confidence_interval":{"confidence_level":0.95,"lower_bound":-0.078381163718931,"upper_bound":-0.06700346773895349},"point_estimate":-0.07458206586564564,"standard_error":0.003218618825249596}}