{"mean":{"confidence_interval":{"confidence_level":0.95,"lower_bound":-0.01604755522241519,"upper_bound":-0.006410057250679335},"point_estimate":-0.011124647134601706,"standard_error":0.0024387866140560682},"median":{"confidence_interval":{"confidence_level":0.95,"lower_bound":-0.012766769431492242,"upper_bound":-0.004472306404391002},"point_estimate":-0.006803086502343403,"standard_error":0.002110803535317175}}