{"mean":{"confidence_interval":{"confidence_level":0.95,"lower_bound":0.025452544065329798,"upper_bound":0.03552154979860522},"point_estimate":0.030841162540314215,"standard_error":0.002535209740424245},"median":{"confidence_interval":{"confidence_level":0.95,"lower_bound":0.02720524993732032,"upper_bound":0.03694215754949015},"point_estimate":0.03133217331192051,"standard_error":0.00249555417628249}}