{"mean":{"confidence_interval":{"confidence_level":0.95,"lower_bound":1679.243721407706,"upper_bound":1684.3144976609267},"point_estimate":1681.1160795083329,"standard_error":1.4546241835521443},"median":{"confidence_interval":{"confidence_level":0.95,"lower_bound":1679.0930765086207,"upper_bound":1679.766757412517},"point_estimate":1679.3735543876733,"standard_error":0.17781770495341798},"median_abs_dev":{"confidence_interval":{"confidence_level":0.95,"lower_bound":0.8629853641640318,"upper_bound":1.8621859372533256},"point_estimate":1.4115190053634732,"standard_error":0.2535761440153287},"slope":{"confidence_interval":{"confidence_level":0.95,"lower_bound":1679.154145647293,"upper_bound":1679.819568433172},"point_estimate":1679.4553313718795,"standard_error":0.16979774234472517},"std_dev":{"confidence_interval":{"confidence_level":0.95,"lower_bound":1.4085864993809296,"upper_bound":17.609610520186113},"point_estimate":10.476137279956507,"standard_error":5.542429459102982}}