{"mean":{"confidence_interval":{"confidence_level":0.95,"lower_bound":2656.154907203954,"upper_bound":2662.4898657004574},"point_estimate":2659.164356021759,"standard_error":1.617432152656301},"median":{"confidence_interval":{"confidence_level":0.95,"lower_bound":2653.0278905898954,"upper_bound":2660.1237533075514},"point_estimate":2655.965301209998,"standard_error":1.940580429509808},"median_abs_dev":{"confidence_interval":{"confidence_level":0.95,"lower_bound":5.993359589376404,"upper_bound":12.33978617308188},"point_estimate":10.021501121417849,"standard_error":1.6697647323798552},"slope":{"confidence_interval":{"confidence_level":0.95,"lower_bound":2651.9011234707473,"upper_bound":2655.5265366518584},"point_estimate":2653.587012109719,"standard_error":0.9199893027551957},"std_dev":{"confidence_interval":{"confidence_level":0.95,"lower_bound":8.0223851818824,"upper_bound":14.739618197252225},"point_estimate":11.595215052190017,"standard_error":1.729803110397674}}