{"mean":{"confidence_interval":{"confidence_level":0.95,"lower_bound":2237336.7665555547,"upper_bound":2250449.5899999994},"point_estimate":2243911.015555556,"standard_error":3339.8522935716883},"median":{"confidence_interval":{"confidence_level":0.95,"lower_bound":2233361.5,"upper_bound":2243291.9444444445},"point_estimate":2235761.0,"standard_error":2766.2099382140877},"median_abs_dev":{"confidence_interval":{"confidence_level":0.95,"lower_bound":7488.01736789491,"upper_bound":31095.312607114513},"point_estimate":16328.450076778883,"standard_error":5704.741033151307},"slope":null,"std_dev":{"confidence_interval":{"confidence_level":0.95,"lower_bound":19184.926851396587,"upper_bound":28095.87405846368},"point_estimate":23840.440739129237,"standard_error":2298.525495537863}}