{"mean":{"confidence_interval":{"confidence_level":0.95,"lower_bound":-0.007446267285644699,"upper_bound":0.045434222621069324},"point_estimate":0.018859988584717824,"standard_error":0.013494674470384663},"median":{"confidence_interval":{"confidence_level":0.95,"lower_bound":-0.0064475356456143995,"upper_bound":0.034424001149854444},"point_estimate":0.020533512518372543,"standard_error":0.010822449414600607}}