{"mean":{"confidence_interval":{"confidence_level":0.95,"lower_bound":-0.31919644163302374,"upper_bound":-0.2924246070824812},"point_estimate":-0.30688074969254187,"standard_error":0.0068419395819277785},"median":{"confidence_interval":{"confidence_level":0.95,"lower_bound":-0.3343539348841529,"upper_bound":-0.31877260344549363},"point_estimate":-0.33087216290188204,"standard_error":0.004301136320178422}}