{"mean":{"confidence_interval":{"confidence_level":0.95,"lower_bound":-0.046190219575305974,"upper_bound":0.008724978897408302},"point_estimate":-0.019312539010268415,"standard_error":0.013996530335694451},"median":{"confidence_interval":{"confidence_level":0.95,"lower_bound":-0.029537251531422393,"upper_bound":0.0061094969980421965},"point_estimate":-0.020444334380997353,"standard_error":0.010165161183405741}}