{"mean":{"confidence_interval":{"confidence_level":0.95,"lower_bound":-0.050814128983910356,"upper_bound":0.0033425722407898206},"point_estimate":-0.02571313065328773,"standard_error":0.013742679773660584},"median":{"confidence_interval":{"confidence_level":0.95,"lower_bound":-0.037623790886291864,"upper_bound":-0.021109997181725793},"point_estimate":-0.028062982793619518,"standard_error":0.004472145325588906}}