{"mean":{"confidence_interval":{"confidence_level":0.95,"lower_bound":-0.035931794320389,"upper_bound":0.02106789464772035},"point_estimate":-0.007804469008937942,"standard_error":0.014579326878476585},"median":{"confidence_interval":{"confidence_level":0.95,"lower_bound":-0.021403104435816056,"upper_bound":0.025347983540860895},"point_estimate":-0.0015808482510050181,"standard_error":0.011906066684078028}}