{"mean":{"confidence_interval":{"confidence_level":0.95,"lower_bound":0.02761128090918797,"upper_bound":0.0872523423656704},"point_estimate":0.05750179733829475,"standard_error":0.015243950819133737},"median":{"confidence_interval":{"confidence_level":0.95,"lower_bound":0.04156806797835677,"upper_bound":0.07615223004727256},"point_estimate":0.061754107454277785,"standard_error":0.008978822683081266}}