{"mean":{"confidence_interval":{"confidence_level":0.95,"lower_bound":0.00014170684477897788,"upper_bound":0.0044940196399249},"point_estimate":0.002203385617848941,"standard_error":0.0010788122485358733},"median":{"confidence_interval":{"confidence_level":0.95,"lower_bound":0.001188846449430736,"upper_bound":0.006096274294460062},"point_estimate":0.0035254340668708917,"standard_error":0.0013977144592480254}}