{"mean":{"confidence_interval":{"confidence_level":0.95,"lower_bound":-0.05329222554863666,"upper_bound":-0.04993147770705464},"point_estimate":-0.05165057183849686,"standard_error":0.000858573306121828},"median":{"confidence_interval":{"confidence_level":0.95,"lower_bound":-0.05337460783172705,"upper_bound":-0.05139737004542977},"point_estimate":-0.05241764528934023,"standard_error":0.00046488142687421956}}