{"mean":{"confidence_interval":{"confidence_level":0.95,"lower_bound":-0.0017025209394373464,"upper_bound":0.007596654651466528},"point_estimate":0.0031471160154690203,"standard_error":0.002372446533042781},"median":{"confidence_interval":{"confidence_level":0.95,"lower_bound":-0.003420048208050097,"upper_bound":0.011405717498038426},"point_estimate":0.00008747268417352849,"standard_error":0.004561039395103984}}