{"mean":{"confidence_interval":{"confidence_level":0.95,"lower_bound":-0.0008344425935269148,"upper_bound":0.005680274401968898},"point_estimate":0.0029083592084337972,"standard_error":0.001690406481213585},"median":{"confidence_interval":{"confidence_level":0.95,"lower_bound":0.0038966291252562346,"upper_bound":0.005932429559987407},"point_estimate":0.0052065155822242914,"standard_error":0.0005293325952132986}}