{"mean":{"confidence_interval":{"confidence_level":0.95,"lower_bound":0.04041011931592525,"upper_bound":0.045375079495776134},"point_estimate":0.042998514587311076,"standard_error":0.0012623723488992173},"median":{"confidence_interval":{"confidence_level":0.95,"lower_bound":0.03978379972751975,"upper_bound":0.0451209787765261},"point_estimate":0.04261089041839616,"standard_error":0.0015269730138615866}}