{"mean":{"confidence_interval":{"confidence_level":0.95,"lower_bound":-0.02945989590657594,"upper_bound":-0.021174016973856964},"point_estimate":-0.025705347252204636,"standard_error":0.0021394034158252386},"median":{"confidence_interval":{"confidence_level":0.95,"lower_bound":-0.03389430136681404,"upper_bound":-0.02975004116847968},"point_estimate":-0.032216719232117996,"standard_error":0.0010798518768648845}}