{"mean":{"confidence_interval":{"confidence_level":0.95,"lower_bound":0.015366292550152094,"upper_bound":0.021986769716085153},"point_estimate":0.018756641943858288,"standard_error":0.0016941734795628725},"median":{"confidence_interval":{"confidence_level":0.95,"lower_bound":0.0216514882087262,"upper_bound":0.026121455412163153},"point_estimate":0.024340806987567243,"standard_error":0.0011338435381487836}}