{"mean":{"confidence_interval":{"confidence_level":0.95,"lower_bound":-0.00319669823928459,"upper_bound":0.009643448921857048},"point_estimate":0.003366544321059095,"standard_error":0.0032773668396196016},"median":{"confidence_interval":{"confidence_level":0.95,"lower_bound":0.0006230285303817061,"upper_bound":0.01892425068266168},"point_estimate":0.011459113971772794,"standard_error":0.004145604884057535}}