{"mean":{"confidence_interval":{"confidence_level":0.95,"lower_bound":-0.025337538784255046,"upper_bound":-0.018940505305069345},"point_estimate":-0.02241222733208792,"standard_error":0.0016281894636045553},"median":{"confidence_interval":{"confidence_level":0.95,"lower_bound":-0.02915730678299777,"upper_bound":-0.019129670070194837},"point_estimate":-0.025345065119021237,"standard_error":0.0026660898573788207}}