{"mean":{"confidence_interval":{"confidence_level":0.95,"lower_bound":-0.03551163965278853,"upper_bound":-0.022171198133128234},"point_estimate":-0.0287967600297514,"standard_error":0.0034087052151986572},"median":{"confidence_interval":{"confidence_level":0.95,"lower_bound":-0.03610386364027229,"upper_bound":-0.018677073791176557},"point_estimate":-0.025951577336267406,"standard_error":0.003968468835926666}}