{"mean":{"confidence_interval":{"confidence_level":0.95,"lower_bound":0.007092224350044541,"upper_bound":0.015634658631543896},"point_estimate":0.011550088480594134,"standard_error":0.0021773290777086524},"median":{"confidence_interval":{"confidence_level":0.95,"lower_bound":0.0009758669246451301,"upper_bound":0.018135934292563105},"point_estimate":0.0072484796154965725,"standard_error":0.003907173795611319}}