{"mean":{"confidence_interval":{"confidence_level":0.95,"lower_bound":0.03229075833031404,"upper_bound":0.044486809815157756},"point_estimate":0.03811100714305704,"standard_error":0.00302576156809438},"median":{"confidence_interval":{"confidence_level":0.95,"lower_bound":0.02051864324194474,"upper_bound":0.04260920229359888},"point_estimate":0.029028420799884547,"standard_error":0.004121095396515471}}