{"mean":{"confidence_interval":{"confidence_level":0.95,"lower_bound":-0.020072971063560034,"upper_bound":-0.010574068196345321},"point_estimate":-0.0159606840506632,"standard_error":0.0026173431699085333},"median":{"confidence_interval":{"confidence_level":0.95,"lower_bound":-0.02106128053620271,"upper_bound":-0.016210893582145447},"point_estimate":-0.018560484329131377,"standard_error":0.0012532294436812098}}