{"mean":{"confidence_interval":{"confidence_level":0.95,"lower_bound":0.018237203401795687,"upper_bound":0.022271516990462148},"point_estimate":0.0204180530409257,"standard_error":0.0010238464255312887},"median":{"confidence_interval":{"confidence_level":0.95,"lower_bound":0.020463682441970388,"upper_bound":0.02201901290407071},"point_estimate":0.021275614778313745,"standard_error":0.0003982151860419773}}