{"mean":{"confidence_interval":{"confidence_level":0.95,"lower_bound":-0.049561920786502164,"upper_bound":-0.04517309267551368},"point_estimate":-0.047484798517034243,"standard_error":0.001120720490681604},"median":{"confidence_interval":{"confidence_level":0.95,"lower_bound":-0.05024321255343689,"upper_bound":-0.04602260211411868},"point_estimate":-0.04809912703183383,"standard_error":0.001034113996804748}}