{"mean":{"confidence_interval":{"confidence_level":0.95,"lower_bound":0.013029612365975735,"upper_bound":0.023979762219884796},"point_estimate":0.018783591137094824,"standard_error":0.002779803619598831},"median":{"confidence_interval":{"confidence_level":0.95,"lower_bound":0.015063484481569451,"upper_bound":0.0195037242478866},"point_estimate":0.017099132346878987,"standard_error":0.0011400010486761441}}