{"mean":{"confidence_interval":{"confidence_level":0.95,"lower_bound":0.0267976997415931,"upper_bound":0.04579530511477825},"point_estimate":0.03635215809407932,"standard_error":0.004845528741634114},"median":{"confidence_interval":{"confidence_level":0.95,"lower_bound":0.03377875129902663,"upper_bound":0.04817423422606959},"point_estimate":0.044361960284516666,"standard_error":0.00392143552456696}}