{"mean":{"confidence_interval":{"confidence_level":0.95,"lower_bound":-0.030405761247063623,"upper_bound":-0.015655768412457194},"point_estimate":-0.02329147533388476,"standard_error":0.0037602757289850316},"median":{"confidence_interval":{"confidence_level":0.95,"lower_bound":-0.026210999897464116,"upper_bound":-0.012395746108626704},"point_estimate":-0.022415894341044407,"standard_error":0.0036982080631914383}}