{"mean":{"confidence_interval":{"confidence_level":0.95,"lower_bound":-0.165798470716077,"upper_bound":-0.15458096583899783},"point_estimate":-0.16062784250086726,"standard_error":0.0028779084855471765},"median":{"confidence_interval":{"confidence_level":0.95,"lower_bound":-0.17087568055532054,"upper_bound":-0.1608908635388755},"point_estimate":-0.16711406951807106,"standard_error":0.0026249732884029257}}