{"mean":{"confidence_interval":{"confidence_level":0.95,"lower_bound":-0.05948994197302943,"upper_bound":-0.044230986548761606},"point_estimate":-0.05196283882948749,"standard_error":0.0038824312500004648},"median":{"confidence_interval":{"confidence_level":0.95,"lower_bound":-0.05399203088758198,"upper_bound":-0.040623299160123305},"point_estimate":-0.049654040921337184,"standard_error":0.003585843193605949}}