{"mean":{"confidence_interval":{"confidence_level":0.95,"lower_bound":0.012335867782885914,"upper_bound":0.028291464932157506},"point_estimate":0.021099183937036248,"standard_error":0.004077669446467174},"median":{"confidence_interval":{"confidence_level":0.95,"lower_bound":0.015635729399067433,"upper_bound":0.03057885889790346},"point_estimate":0.02445578534507331,"standard_error":0.003803949574628325}}