{"mean":{"confidence_interval":{"confidence_level":0.95,"lower_bound":0.0021783316222419025,"upper_bound":0.016574097990312717},"point_estimate":0.009026915727814444,"standard_error":0.0036649016279776247},"median":{"confidence_interval":{"confidence_level":0.95,"lower_bound":0.002020636196038872,"upper_bound":0.012324425809991046},"point_estimate":0.008163553779894528,"standard_error":0.002664774609799724}}