{"mean":{"confidence_interval":{"confidence_level":0.95,"lower_bound":11858.128432265545,"upper_bound":11903.99566174504},"point_estimate":11880.798083750471,"standard_error":11.715732231941693},"median":{"confidence_interval":{"confidence_level":0.95,"lower_bound":11841.55800110742,"upper_bound":11913.591573199526},"point_estimate":11879.08126721763,"standard_error":17.27631977149279},"median_abs_dev":{"confidence_interval":{"confidence_level":0.95,"lower_bound":69.22690899825137,"upper_bound":130.8227827288142},"point_estimate":104.47873712734494,"standard_error":15.547269483561653},"slope":{"confidence_interval":{"confidence_level":0.95,"lower_bound":11875.985846771602,"upper_bound":11923.091823526147},"point_estimate":11899.669888282946,"standard_error":12.025806473102973},"std_dev":{"confidence_interval":{"confidence_level":0.95,"lower_bound":71.31575754689236,"upper_bound":94.02064826096829},"point_estimate":84.11216471290102,"standard_error":5.779621894051143}}