{"mean":{"confidence_interval":{"confidence_level":0.95,"lower_bound":147.43799517939624,"upper_bound":150.9672362390585},"point_estimate":149.3630182381911,"standard_error":0.907246055362376},"median":{"confidence_interval":{"confidence_level":0.95,"lower_bound":151.79705327787056,"upper_bound":152.2347498526194},"point_estimate":152.1442344134406,"standard_error":0.12397834746302447},"median_abs_dev":{"confidence_interval":{"confidence_level":0.95,"lower_bound":0.291364330902,"upper_bound":1.4679596286366114},"point_estimate":0.9778282989293252,"standard_error":0.34014552114569624},"slope":{"confidence_interval":{"confidence_level":0.95,"lower_bound":152.08062756849648,"upper_bound":152.36075816763898},"point_estimate":152.2291811050638,"standard_error":0.07110901552651355},"std_dev":{"confidence_interval":{"confidence_level":0.95,"lower_bound":3.488489088723639,"upper_bound":8.61394321454969},"point_estimate":6.463052464994861,"standard_error":1.3027621886188032}}