{"mean":{"confidence_interval":{"confidence_level":0.95,"lower_bound":113122.97101472896,"upper_bound":113706.65000683238},"point_estimate":113403.65351965904,"standard_error":148.3050784769249},"median":{"confidence_interval":{"confidence_level":0.95,"lower_bound":113377.92991452992,"upper_bound":113686.28571428571},"point_estimate":113580.25282229965,"standard_error":85.76051968584011},"median_abs_dev":{"confidence_interval":{"confidence_level":0.95,"lower_bound":286.3982025888831,"upper_bound":769.8821736156867},"point_estimate":506.9911249860922,"standard_error":128.39758271334802},"slope":{"confidence_interval":{"confidence_level":0.95,"lower_bound":113053.5704825362,"upper_bound":113547.723704408},"point_estimate":113325.7628022298,"standard_error":126.37193337568715},"std_dev":{"confidence_interval":{"confidence_level":0.95,"lower_bound":625.1074812316715,"upper_bound":1473.5596397607442},"point_estimate":1060.3993996894094,"standard_error":223.6671949212157}}