{"mean":{"confidence_interval":{"confidence_level":0.95,"lower_bound":-0.06498446114680467,"upper_bound":-0.061871075682021104},"point_estimate":-0.06350856655322434,"standard_error":0.0007955476904044049},"median":{"confidence_interval":{"confidence_level":0.95,"lower_bound":-0.06672340956101142,"upper_bound":-0.06296610261664182},"point_estimate":-0.06401746888535653,"standard_error":0.0011872601877945235}}