{"mean":{"confidence_interval":{"confidence_level":0.95,"lower_bound":0.022999557659292735,"upper_bound":0.02772039508573987},"point_estimate":0.025392532178399874,"standard_error":0.0012012062358637545},"median":{"confidence_interval":{"confidence_level":0.95,"lower_bound":0.02373848740314299,"upper_bound":0.028677000435426425},"point_estimate":0.0251328793255301,"standard_error":0.0014316848118583747}}