{"mean":{"confidence_interval":{"confidence_level":0.95,"lower_bound":-0.007702940222392495,"upper_bound":0.002150341311496567},"point_estimate":-0.0026290004642908205,"standard_error":0.002509992397498737},"median":{"confidence_interval":{"confidence_level":0.95,"lower_bound":-0.002867835356515849,"upper_bound":0.00044587326917637515},"point_estimate":-0.0010094311008209678,"standard_error":0.0008645595512224746}}