{"mean":{"confidence_interval":{"confidence_level":0.95,"lower_bound":-0.007575635233578737,"upper_bound":-0.0009985839489992274},"point_estimate":-0.004163570095468194,"standard_error":0.0016804962222568718},"median":{"confidence_interval":{"confidence_level":0.95,"lower_bound":-0.003059931148305939,"upper_bound":0.0004069564818838245},"point_estimate":-0.001359926607820694,"standard_error":0.000904686237596823}}