{"mean":{"confidence_interval":{"confidence_level":0.95,"lower_bound":-0.001534212103722461,"upper_bound":0.012690033659964203},"point_estimate":0.006002751166762632,"standard_error":0.003607443875575248},"median":{"confidence_interval":{"confidence_level":0.95,"lower_bound":-0.008311264656885253,"upper_bound":0.018671075685977145},"point_estimate":0.010653499554756252,"standard_error":0.007858762290509642}}