{"mean":{"confidence_interval":{"confidence_level":0.95,"lower_bound":-0.03596835859019305,"upper_bound":-0.020808272383198045},"point_estimate":-0.02882611499856147,"standard_error":0.0038568360493961298},"median":{"confidence_interval":{"confidence_level":0.95,"lower_bound":-0.04902473764165116,"upper_bound":-0.03316897043604218},"point_estimate":-0.04139636611864905,"standard_error":0.003973392489988331}}