{"mean":{"confidence_interval":{"confidence_level":0.95,"lower_bound":1828.0701313812845,"upper_bound":1841.3320653428282},"point_estimate":1834.642102022831,"standard_error":3.39967923450668},"median":{"confidence_interval":{"confidence_level":0.95,"lower_bound":1826.3117986804093,"upper_bound":1844.054242185448},"point_estimate":1830.9148795451988,"standard_error":4.700696442701937},"median_abs_dev":{"confidence_interval":{"confidence_level":0.95,"lower_bound":16.84424590662902,"upper_bound":40.48410938513895},"point_estimate":32.0378226945354,"standard_error":6.34626828865035},"slope":{"confidence_interval":{"confidence_level":0.95,"lower_bound":1829.119603020274,"upper_bound":1845.389962292439},"point_estimate":1836.8085699533658,"standard_error":4.130114379757869},"std_dev":{"confidence_interval":{"confidence_level":0.95,"lower_bound":20.58586875627666,"upper_bound":27.17981726231658},"point_estimate":24.257829197082057,"standard_error":1.6859172359006223}}