{"mean":{"confidence_interval":{"confidence_level":0.95,"lower_bound":27384.541285475345,"upper_bound":27666.97337895197},"point_estimate":27494.815054380084,"standard_error":75.60148984097134},"median":{"confidence_interval":{"confidence_level":0.95,"lower_bound":27370.22374847375,"upper_bound":27490.705592452035},"point_estimate":27405.545555555553,"standard_error":32.53284899703995},"median_abs_dev":{"confidence_interval":{"confidence_level":0.95,"lower_bound":115.00882422081041,"upper_bound":236.50146496792462},"point_estimate":163.00559155051516,"standard_error":31.275820483525163},"slope":{"confidence_interval":{"confidence_level":0.95,"lower_bound":27414.518104630257,"upper_bound":27524.229522406207},"point_estimate":27470.500218727757,"standard_error":27.913581135946448},"std_dev":{"confidence_interval":{"confidence_level":0.95,"lower_bound":148.0261515112493,"upper_bound":888.8178527050104},"point_estimate":541.3507256628586,"standard_error":246.03891874399298}}