{"mean":{"confidence_interval":{"confidence_level":0.95,"lower_bound":27694.67043373911,"upper_bound":28203.473343855265},"point_estimate":27902.864972251486,"standard_error":133.03481630303384},"median":{"confidence_interval":{"confidence_level":0.95,"lower_bound":27734.122994652407,"upper_bound":27912.09663865546},"point_estimate":27839.08426470588,"standard_error":56.059552754002404},"median_abs_dev":{"confidence_interval":{"confidence_level":0.95,"lower_bound":155.8683515857246,"upper_bound":340.5910302463114},"point_estimate":237.91701224671513,"standard_error":47.66335430710798},"slope":{"confidence_interval":{"confidence_level":0.95,"lower_bound":27438.314086274942,"upper_bound":27848.611298884298},"point_estimate":27656.775135838845,"standard_error":105.43544663582774},"std_dev":{"confidence_interval":{"confidence_level":0.95,"lower_bound":279.62021875878344,"upper_bound":1544.3613706761141},"point_estimate":946.3972675848983,"standard_error":394.37411219820075}}