{"mean":{"confidence_interval":{"confidence_level":0.95,"lower_bound":-0.03351060750762498,"upper_bound":-0.022772969271262898},"point_estimate":-0.028094279493424246,"standard_error":0.002743301198177455},"median":{"confidence_interval":{"confidence_level":0.95,"lower_bound":-0.03344377195847692,"upper_bound":-0.012890776001025839},"point_estimate":-0.016518274838873248,"standard_error":0.0051305403887688}}