{"mean":{"confidence_interval":{"confidence_level":0.95,"lower_bound":-0.054716257283650094,"upper_bound":-0.05063449624364023},"point_estimate":-0.052769972178102864,"standard_error":0.0010350952808804148},"median":{"confidence_interval":{"confidence_level":0.95,"lower_bound":-0.055049119164143456,"upper_bound":-0.05299467413567882},"point_estimate":-0.05410009629800061,"standard_error":0.0006098927989344205}}