{"mean":{"confidence_interval":{"confidence_level":0.95,"lower_bound":0.023167763413205145,"upper_bound":0.03704419196612821},"point_estimate":0.02839948156126537,"standard_error":0.0035259579522103545},"median":{"confidence_interval":{"confidence_level":0.95,"lower_bound":0.02457330699154845,"upper_bound":0.02761804401679524},"point_estimate":0.02619826249437618,"standard_error":0.0009007288265713272}}