{"mean":{"confidence_interval":{"confidence_level":0.95,"lower_bound":-0.02984805754894613,"upper_bound":-0.007665045440739219},"point_estimate":-0.02065989809500912,"standard_error":0.0056880681265251394},"median":{"confidence_interval":{"confidence_level":0.95,"lower_bound":-0.03067686173807327,"upper_bound":-0.010046841519455119},"point_estimate":-0.013683108231229313,"standard_error":0.005137404531720195}}