{"mean":{"confidence_interval":{"confidence_level":0.95,"lower_bound":0.022338379457159063,"upper_bound":0.03653809708961853},"point_estimate":0.030856611692769098,"standard_error":0.0037494244003159205},"median":{"confidence_interval":{"confidence_level":0.95,"lower_bound":0.032525919247502255,"upper_bound":0.03651315199141969},"point_estimate":0.03474103173098997,"standard_error":0.0010701433510527797}}