{"mean":{"confidence_interval":{"confidence_level":0.95,"lower_bound":-0.004918625648968833,"upper_bound":0.012755126249970772},"point_estimate":0.004396039746869418,"standard_error":0.004480730977311251},"median":{"confidence_interval":{"confidence_level":0.95,"lower_bound":-0.015204374439762636,"upper_bound":0.010925349869991718},"point_estimate":-0.009768272005569734,"standard_error":0.0063185558500752}}