{"mean":{"confidence_interval":{"confidence_level":0.95,"lower_bound":-0.019406565709463773,"upper_bound":-0.011808150731655531},"point_estimate":-0.015666282978085144,"standard_error":0.0019219770923953328},"median":{"confidence_interval":{"confidence_level":0.95,"lower_bound":-0.020629050841364682,"upper_bound":-0.007534897549649089},"point_estimate":-0.014683659665291504,"standard_error":0.003255554148668634}}