{"mean":{"confidence_interval":{"confidence_level":0.95,"lower_bound":-0.005141648130687848,"upper_bound":0.012888696686732759},"point_estimate":0.00351336311306949,"standard_error":0.0045657107244156505},"median":{"confidence_interval":{"confidence_level":0.95,"lower_bound":-0.010288889516974487,"upper_bound":0.012702365127179593},"point_estimate":0.0014767254073326797,"standard_error":0.005665783208810759}}