{"mean":{"confidence_interval":{"confidence_level":0.95,"lower_bound":-0.024378451864466712,"upper_bound":-0.0071470106301779746},"point_estimate":-0.016344373138367452,"standard_error":0.004355748565643625},"median":{"confidence_interval":{"confidence_level":0.95,"lower_bound":-0.016952183540103735,"upper_bound":-0.0015962521967541887},"point_estimate":-0.008527512248394986,"standard_error":0.003647578481654222}}