{"mean":{"confidence_interval":{"confidence_level":0.95,"lower_bound":-0.0564051480381816,"upper_bound":-0.04214478084268982},"point_estimate":-0.0489956089989374,"standard_error":0.0036504023998016333},"median":{"confidence_interval":{"confidence_level":0.95,"lower_bound":-0.04973638756647247,"upper_bound":-0.03457552398439767},"point_estimate":-0.041317646267190256,"standard_error":0.003515755395271512}}