{"mean":{"confidence_interval":{"confidence_level":0.95,"lower_bound":0.00034372132492569666,"upper_bound":0.012945101440252318},"point_estimate":0.006748251189499621,"standard_error":0.0032228786319849134},"median":{"confidence_interval":{"confidence_level":0.95,"lower_bound":-0.00803018537234601,"upper_bound":0.02493176563748456},"point_estimate":0.0043026485006429915,"standard_error":0.008092454483046763}}