{"mean":{"confidence_interval":{"confidence_level":0.95,"lower_bound":-0.021711826599074457,"upper_bound":-0.007161842535055693},"point_estimate":-0.013800206174257701,"standard_error":0.003735185817244516},"median":{"confidence_interval":{"confidence_level":0.95,"lower_bound":-0.02967486219813128,"upper_bound":0.0001957309536426699},"point_estimate":-0.009380343841458805,"standard_error":0.008056271227468945}}