{"mean":{"confidence_interval":{"confidence_level":0.95,"lower_bound":-0.004901307193016069,"upper_bound":0.004880014753307971},"point_estimate":-0.0006772443887047563,"standard_error":0.0025456889659314008},"median":{"confidence_interval":{"confidence_level":0.95,"lower_bound":-0.003454009138619263,"upper_bound":-0.0014407543661223432},"point_estimate":-0.002228230929990249,"standard_error":0.0004857401692301151}}