{"mean":{"confidence_interval":{"confidence_level":0.95,"lower_bound":-0.049437297777212834,"upper_bound":-0.040174407693335336},"point_estimate":-0.04390270111572214,"standard_error":0.002486568531674292},"median":{"confidence_interval":{"confidence_level":0.95,"lower_bound":-0.04190693273703594,"upper_bound":-0.04062733695863807},"point_estimate":-0.04111472680379691,"standard_error":0.00031094059054768107}}