{"mean":{"confidence_interval":{"confidence_level":0.95,"lower_bound":-0.06703240832692703,"upper_bound":-0.06352428510373842},"point_estimate":-0.06523892807601006,"standard_error":0.000894934945935115},"median":{"confidence_interval":{"confidence_level":0.95,"lower_bound":-0.0662460730526988,"upper_bound":-0.06298414489472604},"point_estimate":-0.06521267299772737,"standard_error":0.0008577092490317678}}