{"mean":{"confidence_interval":{"confidence_level":0.95,"lower_bound":-0.05808788195461621,"upper_bound":-0.0535924214341552},"point_estimate":-0.055846224353149565,"standard_error":0.0011474052821674097},"median":{"confidence_interval":{"confidence_level":0.95,"lower_bound":-0.05811003248176616,"upper_bound":-0.05495981845904607},"point_estimate":-0.05709772267741031,"standard_error":0.0008441053517737304}}