{"mean":{"confidence_interval":{"confidence_level":0.95,"lower_bound":0.02903070147027526,"upper_bound":0.03490758802049206},"point_estimate":0.0319565587559818,"standard_error":0.0014937573545701136},"median":{"confidence_interval":{"confidence_level":0.95,"lower_bound":0.026954491552439785,"upper_bound":0.03172943980619025},"point_estimate":0.029696994874836236,"standard_error":0.001156057211003029}}