{"mean":{"confidence_interval":{"confidence_level":0.95,"lower_bound":-0.0014188799013059583,"upper_bound":0.0058962447022554345},"point_estimate":0.0023714358850179806,"standard_error":0.0018994387878580837},"median":{"confidence_interval":{"confidence_level":0.95,"lower_bound":-0.0033634802002177056,"upper_bound":0.006229261685968712},"point_estimate":-0.002671901710171287,"standard_error":0.0023733177869990235}}