{"mean":{"confidence_interval":{"confidence_level":0.95,"lower_bound":0.013764809074868767,"upper_bound":0.029134639047998956},"point_estimate":0.02085978051420656,"standard_error":0.0039434838145235174},"median":{"confidence_interval":{"confidence_level":0.95,"lower_bound":0.020915273000323253,"upper_bound":0.03740983644239959},"point_estimate":0.03144756815360017,"standard_error":0.0042901262837370824}}