{"mean":{"confidence_interval":{"confidence_level":0.95,"lower_bound":-0.014081573852012919,"upper_bound":-0.0019129438474309326},"point_estimate":-0.008121955726140717,"standard_error":0.0030996148145305646},"median":{"confidence_interval":{"confidence_level":0.95,"lower_bound":-0.012986008743536837,"upper_bound":0.001920780815380052},"point_estimate":-0.0074981506967711775,"standard_error":0.003719959080784966}}