{"mean":{"confidence_interval":{"confidence_level":0.95,"lower_bound":-0.007362067071415663,"upper_bound":0.006966124290175637},"point_estimate":-0.00020185812900641587,"standard_error":0.003714958971278175},"median":{"confidence_interval":{"confidence_level":0.95,"lower_bound":-0.013650256152151763,"upper_bound":0.015164474274877549},"point_estimate":0.009809099931835652,"standard_error":0.009055593434618618}}