{"mean":{"confidence_interval":{"confidence_level":0.95,"lower_bound":-0.021699426204415635,"upper_bound":-0.00035317297512680505},"point_estimate":-0.011408199838334299,"standard_error":0.005451827824703691},"median":{"confidence_interval":{"confidence_level":0.95,"lower_bound":-0.03089023709751626,"upper_bound":-0.005812365824112931},"point_estimate":-0.024272061570904335,"standard_error":0.005730040591585814}}