{"mean":{"confidence_interval":{"confidence_level":0.95,"lower_bound":-0.07595330642701426,"upper_bound":-0.06312856994717093},"point_estimate":-0.06965713467278845,"standard_error":0.0032757974412917622},"median":{"confidence_interval":{"confidence_level":0.95,"lower_bound":-0.08783516279639991,"upper_bound":-0.06129556660267077},"point_estimate":-0.0836763463264214,"standard_error":0.008275894304504077}}