{"mean":{"confidence_interval":{"confidence_level":0.95,"lower_bound":-0.031020987087229723,"upper_bound":-0.014802604981529063},"point_estimate":-0.02295819663471199,"standard_error":0.004154722384688346},"median":{"confidence_interval":{"confidence_level":0.95,"lower_bound":-0.04106933645410985,"upper_bound":-0.014574394664181756},"point_estimate":-0.03169650889957254,"standard_error":0.006365573611167277}}