{"mean":{"confidence_interval":{"confidence_level":0.95,"lower_bound":-0.1007473535262231,"upper_bound":0.016727523334250958},"point_estimate":-0.04473079591843543,"standard_error":0.029896871918713794},"median":{"confidence_interval":{"confidence_level":0.95,"lower_bound":-0.07916716495237508,"upper_bound":-0.009608952747360067},"point_estimate":-0.030897738062653723,"standard_error":0.019313293262466055}}