{"mean":{"confidence_interval":{"confidence_level":0.95,"lower_bound":-0.4009383825109962,"upper_bound":-0.3126386372169051},"point_estimate":-0.35393710072485274,"standard_error":0.022223272576011723},"median":{"confidence_interval":{"confidence_level":0.95,"lower_bound":-0.4111822579996719,"upper_bound":-0.31215713017294877},"point_estimate":-0.3460829688485788,"standard_error":0.02202146094225431}}