{"mean":{"confidence_interval":{"confidence_level":0.95,"lower_bound":0.031063595094381374,"upper_bound":0.17171355057986532},"point_estimate":0.09817125664203852,"standard_error":0.03594686775893193},"median":{"confidence_interval":{"confidence_level":0.95,"lower_bound":0.03181107886518175,"upper_bound":0.13095350774436487},"point_estimate":0.05826022558210853,"standard_error":0.026528768269668726}}