{"mean":{"confidence_interval":{"confidence_level":0.95,"lower_bound":-0.37962431660683155,"upper_bound":-0.2938683705792544},"point_estimate":-0.3399555158485845,"standard_error":0.021866828077690893},"median":{"confidence_interval":{"confidence_level":0.95,"lower_bound":-0.3472410709630065,"upper_bound":-0.28961504193457055},"point_estimate":-0.32779321512930704,"standard_error":0.01612372054263388}}