{"mean":{"confidence_interval":{"confidence_level":0.95,"lower_bound":2152428.9482777785,"upper_bound":2168829.879111111},"point_estimate":2160604.799999999,"standard_error":4192.84851867164},"median":{"confidence_interval":{"confidence_level":0.95,"lower_bound":2141563.5555555555,"upper_bound":2173462.611111111},"point_estimate":2155890.9444444445,"standard_error":9312.083363721824},"median_abs_dev":{"confidence_interval":{"confidence_level":0.95,"lower_bound":20510.69986919558,"upper_bound":46058.862615625025},"point_estimate":35301.03483994806,"standard_error":7085.919243397436},"slope":null,"std_dev":{"confidence_interval":{"confidence_level":0.95,"lower_bound":25831.458406312115,"upper_bound":32981.162337143025},"point_estimate":29903.774731305242,"standard_error":1825.5559485429847}}