{"mean":{"confidence_interval":{"confidence_level":0.95,"lower_bound":-0.03220650750613238,"upper_bound":-0.015842642577551472},"point_estimate":-0.024261727144298972,"standard_error":0.004192047661721672},"median":{"confidence_interval":{"confidence_level":0.95,"lower_bound":-0.037039508525020026,"upper_bound":-0.015539823262288865},"point_estimate":-0.028277762433666753,"standard_error":0.005551898951986252}}