{"mean":{"confidence_interval":{"confidence_level":0.95,"lower_bound":0.024618098131590268,"upper_bound":0.04064380486458008},"point_estimate":0.0324956626533357,"standard_error":0.0040326740919689325},"median":{"confidence_interval":{"confidence_level":0.95,"lower_bound":0.02932699162054475,"upper_bound":0.04345153957120518},"point_estimate":0.04042070052307167,"standard_error":0.0042480954275071325}}