{"mean":{"confidence_interval":{"confidence_level":0.95,"lower_bound":0.012755168111305467,"upper_bound":0.03253751336461304},"point_estimate":0.02192346387098376,"standard_error":0.005072614608596196},"median":{"confidence_interval":{"confidence_level":0.95,"lower_bound":0.01817740717415371,"upper_bound":0.0332029785477741},"point_estimate":0.024268387257600166,"standard_error":0.004269497042307425}}