{"mean":{"confidence_interval":{"confidence_level":0.95,"lower_bound":-0.11029311502609462,"upper_bound":-0.09865771597556428},"point_estimate":-0.104506516799172,"standard_error":0.002964289516328661},"median":{"confidence_interval":{"confidence_level":0.95,"lower_bound":-0.11343369970638739,"upper_bound":-0.10447636204916011},"point_estimate":-0.11111981933350934,"standard_error":0.0032473391537541254}}