{"mean":{"confidence_interval":{"confidence_level":0.95,"lower_bound":-0.03126220629087616,"upper_bound":-0.015160868712619359},"point_estimate":-0.02303633978307873,"standard_error":0.004089908531350149},"median":{"confidence_interval":{"confidence_level":0.95,"lower_bound":-0.03427814626459441,"upper_bound":-0.01630626444495642},"point_estimate":-0.023978469534328584,"standard_error":0.004428530488342905}}