{"mean":{"confidence_interval":{"confidence_level":0.95,"lower_bound":0.009111055981153804,"upper_bound":0.024504295800004128},"point_estimate":0.016855927187447994,"standard_error":0.003927224294858255},"median":{"confidence_interval":{"confidence_level":0.95,"lower_bound":0.00952327052831925,"upper_bound":0.027704317875562046},"point_estimate":0.020044808005013737,"standard_error":0.004870026311557956}}