{"mean":{"confidence_interval":{"confidence_level":0.95,"lower_bound":-0.04296518721510975,"upper_bound":-0.024339869750333996},"point_estimate":-0.03397793005610594,"standard_error":0.004730188401442708},"median":{"confidence_interval":{"confidence_level":0.95,"lower_bound":-0.04756278325377361,"upper_bound":-0.03524577666099438},"point_estimate":-0.04260573410882207,"standard_error":0.003125764365109233}}