{"mean":{"confidence_interval":{"confidence_level":0.95,"lower_bound":-0.007798903648949529,"upper_bound":0.0014531377359180845},"point_estimate":-0.003381721158818074,"standard_error":0.002365957523021776},"median":{"confidence_interval":{"confidence_level":0.95,"lower_bound":-0.010941722436374812,"upper_bound":-0.0024672673772626152},"point_estimate":-0.006202900275422696,"standard_error":0.002075383892672912}}