{"mean":{"confidence_interval":{"confidence_level":0.95,"lower_bound":0.047870406794625,"upper_bound":0.06329142913119323},"point_estimate":0.05483390881063799,"standard_error":0.00393852678781131},"median":{"confidence_interval":{"confidence_level":0.95,"lower_bound":0.04563061319165862,"upper_bound":0.05756234735786503},"point_estimate":0.050724739817853415,"standard_error":0.0029749891420016777}}