{"mean":{"confidence_interval":{"confidence_level":0.95,"lower_bound":-0.022664679578748577,"upper_bound":-0.00594810236909904},"point_estimate":-0.015126643793970995,"standard_error":0.004271213120038766},"median":{"confidence_interval":{"confidence_level":0.95,"lower_bound":-0.028477838156611535,"upper_bound":-0.010347700660933157},"point_estimate":-0.020122158057192086,"standard_error":0.00448564305874876}}