{"mean":{"confidence_interval":{"confidence_level":0.95,"lower_bound":-0.0384515594141664,"upper_bound":-0.022352305762690688},"point_estimate":-0.029667456908330503,"standard_error":0.004093666236276587},"median":{"confidence_interval":{"confidence_level":0.95,"lower_bound":-0.035059924284225,"upper_bound":-0.02392470076996911},"point_estimate":-0.028225792446597064,"standard_error":0.0030198271290603454}}