{"mean":{"confidence_interval":{"confidence_level":0.95,"lower_bound":-0.030744223136171242,"upper_bound":-0.012774253385694073},"point_estimate":-0.021898169009018198,"standard_error":0.004581076868286832},"median":{"confidence_interval":{"confidence_level":0.95,"lower_bound":-0.018848376134805722,"upper_bound":-0.008652224849438839},"point_estimate":-0.013895784756202234,"standard_error":0.0025208269236428778}}