{"mean":{"confidence_interval":{"confidence_level":0.95,"lower_bound":7262603.873499999,"upper_bound":7299645.316999999},"point_estimate":7280229.080000001,"standard_error":9437.871622593568},"median":{"confidence_interval":{"confidence_level":0.95,"lower_bound":7240592.666666667,"upper_bound":7282185.5},"point_estimate":7244360.0,"standard_error":11972.666669910315},"median_abs_dev":{"confidence_interval":{"confidence_level":0.95,"lower_bound":19931.579846144636,"upper_bound":67873.67389500118},"point_estimate":34995.78397870087,"standard_error":12727.843232333618},"slope":null,"std_dev":{"confidence_interval":{"confidence_level":0.95,"lower_bound":49666.82039763446,"upper_bound":79388.32360055037},"point_estimate":66883.74067254123,"standard_error":7592.171718479647}}