{"mean":{"confidence_interval":{"confidence_level":0.95,"lower_bound":927.6565039627789,"upper_bound":939.0401051240868},"point_estimate":933.5214026471955,"standard_error":2.899281602424051},"median":{"confidence_interval":{"confidence_level":0.95,"lower_bound":930.8125316455696,"upper_bound":942.6235443037974},"point_estimate":935.8480762824784,"standard_error":2.85149179687173},"median_abs_dev":{"confidence_interval":{"confidence_level":0.95,"lower_bound":11.396339675311642,"upper_bound":24.077516605969343},"point_estimate":16.443049836028262,"standard_error":3.36971812841763},"slope":{"confidence_interval":{"confidence_level":0.95,"lower_bound":942.9071917746635,"upper_bound":950.9641401077863},"point_estimate":947.1707866679445,"standard_error":2.0404196094903764},"std_dev":{"confidence_interval":{"confidence_level":0.95,"lower_bound":15.479988449724253,"upper_bound":25.14477397663952},"point_estimate":20.762640471068305,"standard_error":2.477112188991239}}