{"mean":{"confidence_interval":{"confidence_level":0.95,"lower_bound":892.4422683214669,"upper_bound":901.0504430636754},"point_estimate":896.9825936391503,"standard_error":2.1966086580312374},"median":{"confidence_interval":{"confidence_level":0.95,"lower_bound":895.7816301703162,"upper_bound":906.5546143062897},"point_estimate":899.3557103885571,"standard_error":2.855699112150525},"median_abs_dev":{"confidence_interval":{"confidence_level":0.95,"lower_bound":8.576987872501421,"upper_bound":19.20037039619628},"point_estimate":14.325577380450499,"standard_error":2.6567165281881295},"slope":{"confidence_interval":{"confidence_level":0.95,"lower_bound":900.9037290806252,"upper_bound":906.6234577941475},"point_estimate":903.9944456961797,"standard_error":1.463048845164809},"std_dev":{"confidence_interval":{"confidence_level":0.95,"lower_bound":10.990341292539226,"upper_bound":20.516588746514437},"point_estimate":15.700281035583725,"standard_error":2.579312675462179}}