{"mean":{"confidence_interval":{"confidence_level":0.95,"lower_bound":-0.007294683090394161,"upper_bound":0.0015608148962273556},"point_estimate":-0.002898776818827553,"standard_error":0.0022697105997706683},"median":{"confidence_interval":{"confidence_level":0.95,"lower_bound":-0.011008209962346749,"upper_bound":0.007159384927273971},"point_estimate":-0.005749745871604706,"standard_error":0.004803167431226493}}