{"mean":{"confidence_interval":{"confidence_level":0.95,"lower_bound":0.01888744230217987,"upper_bound":0.02234536041289051},"point_estimate":0.020789749495861987,"standard_error":0.0008902118430510652},"median":{"confidence_interval":{"confidence_level":0.95,"lower_bound":0.018740117343066576,"upper_bound":0.02237154294068522},"point_estimate":0.020906674971254313,"standard_error":0.0009054627460135841}}