{"mean":{"confidence_interval":{"confidence_level":0.95,"lower_bound":0.004303176728566775,"upper_bound":0.016322313675088004},"point_estimate":0.010370490663414111,"standard_error":0.003057549094149854},"median":{"confidence_interval":{"confidence_level":0.95,"lower_bound":0.006078495506947723,"upper_bound":0.02964222410969608},"point_estimate":0.020653285146633005,"standard_error":0.005925449277021824}}