{"mean":{"confidence_interval":{"confidence_level":0.95,"lower_bound":0.0102558428965982,"upper_bound":0.025272691723954965},"point_estimate":0.01779550730525603,"standard_error":0.003783041163576214},"median":{"confidence_interval":{"confidence_level":0.95,"lower_bound":0.012240141711790553,"upper_bound":0.045851148867771974},"point_estimate":0.030392411816049902,"standard_error":0.009849159166717168}}