{"mean":{"confidence_interval":{"confidence_level":0.95,"lower_bound":-0.03813516818835749,"upper_bound":-0.030491907165853704},"point_estimate":-0.03464414846393282,"standard_error":0.001993964960344175},"median":{"confidence_interval":{"confidence_level":0.95,"lower_bound":-0.04612983338082888,"upper_bound":-0.0338125972922958},"point_estimate":-0.04081517706858062,"standard_error":0.003290005457502522}}