{"mean":{"confidence_interval":{"confidence_level":0.95,"lower_bound":-0.037791711654167615,"upper_bound":-0.035243064044640726},"point_estimate":-0.036600104359556185,"standard_error":0.0006492925689358818},"median":{"confidence_interval":{"confidence_level":0.95,"lower_bound":-0.03847164355332992,"upper_bound":-0.03552370480283251},"point_estimate":-0.03752344621967951,"standard_error":0.0007567153699375586}}