{"mean":{"confidence_interval":{"confidence_level":0.95,"lower_bound":0.028012126664817772,"upper_bound":0.041854977340052356},"point_estimate":0.035094694550623196,"standard_error":0.003542145332388913},"median":{"confidence_interval":{"confidence_level":0.95,"lower_bound":0.03559348075107171,"upper_bound":0.04689416011606795},"point_estimate":0.04160162927577349,"standard_error":0.0026170094024833964}}