{"mean":{"confidence_interval":{"confidence_level":0.95,"lower_bound":-0.02232960315798538,"upper_bound":-0.012991191078662423},"point_estimate":-0.017550068548508713,"standard_error":0.0023742585512320775},"median":{"confidence_interval":{"confidence_level":0.95,"lower_bound":-0.027535541173594136,"upper_bound":-0.01708748134221627},"point_estimate":-0.024391481405251603,"standard_error":0.002358784326508529}}