{"mean":{"confidence_interval":{"confidence_level":0.95,"lower_bound":0.002192320097727374,"upper_bound":0.010831087140304872},"point_estimate":0.006750137102626175,"standard_error":0.002208269820172226},"median":{"confidence_interval":{"confidence_level":0.95,"lower_bound":0.0021985485313966713,"upper_bound":0.008106752383772786},"point_estimate":0.005842634742358355,"standard_error":0.0014874921024637957}}