{"mean":{"confidence_interval":{"confidence_level":0.95,"lower_bound":-0.054554881885672216,"upper_bound":-0.04540462527520173},"point_estimate":-0.05016403766536881,"standard_error":0.0023421861811704207},"median":{"confidence_interval":{"confidence_level":0.95,"lower_bound":-0.05915594982225281,"upper_bound":-0.04945205439261813},"point_estimate":-0.05506351543674204,"standard_error":0.0023109011906882375}}