{"mean":{"confidence_interval":{"confidence_level":0.95,"lower_bound":-0.04920023652732711,"upper_bound":-0.04011891295669668},"point_estimate":-0.04477085251668378,"standard_error":0.002316149288933182},"median":{"confidence_interval":{"confidence_level":0.95,"lower_bound":-0.05339188539441808,"upper_bound":-0.043654156443137304},"point_estimate":-0.04931034042441185,"standard_error":0.0023299420374871074}}