{"mean":{"confidence_interval":{"confidence_level":0.95,"lower_bound":0.016680117516052414,"upper_bound":0.023521819969711612},"point_estimate":0.02032030334493884,"standard_error":0.0017298620778209122},"median":{"confidence_interval":{"confidence_level":0.95,"lower_bound":0.02143742054750941,"upper_bound":0.026031433454009933},"point_estimate":0.022615070314880192,"standard_error":0.001194208925603745}}