{"mean":{"confidence_interval":{"confidence_level":0.95,"lower_bound":0.03679108904670018,"upper_bound":0.04193603911045441},"point_estimate":0.0393977255410507,"standard_error":0.0013006121700826917},"median":{"confidence_interval":{"confidence_level":0.95,"lower_bound":0.03491857838842946,"upper_bound":0.04156986624511183},"point_estimate":0.0390281061144484,"standard_error":0.0016725009517530773}}