{"mean":{"confidence_interval":{"confidence_level":0.95,"lower_bound":0.037025123090137016,"upper_bound":0.04749111385637212},"point_estimate":0.04188902179126597,"standard_error":0.0026743532321366003},"median":{"confidence_interval":{"confidence_level":0.95,"lower_bound":0.034843048348767613,"upper_bound":0.051191621206593485},"point_estimate":0.045629531582308536,"standard_error":0.004340250240338719}}