{"mean":{"confidence_interval":{"confidence_level":0.95,"lower_bound":-0.008605693997719504,"upper_bound":-0.00161713346804063},"point_estimate":-0.005021981386758134,"standard_error":0.0017851521548891568},"median":{"confidence_interval":{"confidence_level":0.95,"lower_bound":-0.007890569143548798,"upper_bound":0.004833842413956457},"point_estimate":0.0001656781601191426,"standard_error":0.003590237307217767}}