{"mean":{"confidence_interval":{"confidence_level":0.95,"lower_bound":0.007011134399018015,"upper_bound":0.008998678426027196},"point_estimate":0.007894652055795204,"standard_error":0.0004933926515528505},"median":{"confidence_interval":{"confidence_level":0.95,"lower_bound":0.006877958004882184,"upper_bound":0.008508035230453848},"point_estimate":0.00757475148168929,"standard_error":0.00041245768867628134}}