{"mean":{"confidence_interval":{"confidence_level":0.95,"lower_bound":-0.043785898451752736,"upper_bound":-0.03599685609543501},"point_estimate":-0.03996721338536935,"standard_error":0.0019765031436572607},"median":{"confidence_interval":{"confidence_level":0.95,"lower_bound":-0.043207988965110244,"upper_bound":-0.03630703692714499},"point_estimate":-0.04028962618487186,"standard_error":0.0017246791833282254}}