{"mean":{"confidence_interval":{"confidence_level":0.95,"lower_bound":-0.03517810114622129,"upper_bound":-0.027711302734654778},"point_estimate":-0.031532456178700485,"standard_error":0.0019081089320236201},"median":{"confidence_interval":{"confidence_level":0.95,"lower_bound":-0.04109398067002924,"upper_bound":-0.027461032338395586},"point_estimate":-0.0357071892319043,"standard_error":0.0037979408570617186}}