{"mean":{"confidence_interval":{"confidence_level":0.95,"lower_bound":-0.06894848267348674,"upper_bound":-0.05257177893592771},"point_estimate":-0.06069982588781975,"standard_error":0.004162370908446121},"median":{"confidence_interval":{"confidence_level":0.95,"lower_bound":-0.07114151823319692,"upper_bound":-0.04866426361848242},"point_estimate":-0.05721912661149531,"standard_error":0.005958384414005027}}