{"mean":{"confidence_interval":{"confidence_level":0.95,"lower_bound":0.045188493925253544,"upper_bound":0.06746799070390198},"point_estimate":0.05626425672785529,"standard_error":0.005691062131074036},"median":{"confidence_interval":{"confidence_level":0.95,"lower_bound":0.03523442755145134,"upper_bound":0.07481509121648577},"point_estimate":0.0653503254721286,"standard_error":0.009016188141585512}}