{"mean":{"confidence_interval":{"confidence_level":0.95,"lower_bound":-0.05871003050188246,"upper_bound":-0.04193736321588498},"point_estimate":-0.050293533412195224,"standard_error":0.004284739915125664},"median":{"confidence_interval":{"confidence_level":0.95,"lower_bound":-0.06412408970042671,"upper_bound":-0.0401004175364329},"point_estimate":-0.04826169098013722,"standard_error":0.006528303137674568}}