{"mean":{"confidence_interval":{"confidence_level":0.95,"lower_bound":0.0312886924652699,"upper_bound":0.04704810526327292},"point_estimate":0.0397577559989617,"standard_error":0.004015798321184513},"median":{"confidence_interval":{"confidence_level":0.95,"lower_bound":0.03961443329411862,"upper_bound":0.05174697430475196},"point_estimate":0.04728495522670784,"standard_error":0.002945686498715501}}