{"mean":{"confidence_interval":{"confidence_level":0.95,"lower_bound":-0.14708342931092896,"upper_bound":-0.13458545835122993},"point_estimate":-0.14154180048548037,"standard_error":0.0031923702666091986},"median":{"confidence_interval":{"confidence_level":0.95,"lower_bound":-0.1518140201501903,"upper_bound":-0.1439999756406285},"point_estimate":-0.14973214338653618,"standard_error":0.0018275810259583288}}