{"mean":{"confidence_interval":{"confidence_level":0.95,"lower_bound":-0.027867650141534778,"upper_bound":-0.01119555114541234},"point_estimate":-0.019931087688641047,"standard_error":0.004235309289014092},"median":{"confidence_interval":{"confidence_level":0.95,"lower_bound":-0.030500253611261963,"upper_bound":-0.007365971455514098},"point_estimate":-0.023225393249864612,"standard_error":0.006816276561469236}}