{"mean":{"confidence_interval":{"confidence_level":0.95,"lower_bound":1845.6620218537382,"upper_bound":1858.4884632023177},"point_estimate":1852.185027192908,"standard_error":3.2703035540160723},"median":{"confidence_interval":{"confidence_level":0.95,"lower_bound":1849.335020476242,"upper_bound":1864.265346413028},"point_estimate":1857.4525186932115,"standard_error":3.9621576568706387},"median_abs_dev":{"confidence_interval":{"confidence_level":0.95,"lower_bound":14.908882427543848,"upper_bound":37.921473955793225},"point_estimate":23.25075040629127,"standard_error":5.912233993876598},"slope":{"confidence_interval":{"confidence_level":0.95,"lower_bound":1850.9854227040973,"upper_bound":1866.4724554490413},"point_estimate":1858.9549805330105,"standard_error":3.942092282395474},"std_dev":{"confidence_interval":{"confidence_level":0.95,"lower_bound":19.70945138402863,"upper_bound":26.15461833155245},"point_estimate":23.431328527667134,"standard_error":1.646283083634811}}