{"mean":{"confidence_interval":{"confidence_level":0.95,"lower_bound":2142501.534222222,"upper_bound":2155808.380666667},"point_estimate":2149104.4422222213,"standard_error":3397.8178214598556},"median":{"confidence_interval":{"confidence_level":0.95,"lower_bound":2132319.111111111,"upper_bound":2160521.388888889},"point_estimate":2146542.111111111,"standard_error":7034.7378082238765},"median_abs_dev":{"confidence_interval":{"confidence_level":0.95,"lower_bound":18542.630770802727,"upper_bound":39859.53555901861},"point_estimate":30834.620052575836,"standard_error":5287.644388295771},"slope":null,"std_dev":{"confidence_interval":{"confidence_level":0.95,"lower_bound":20905.894325441255,"upper_bound":26693.980201838007},"point_estimate":24209.349036013693,"standard_error":1479.6488706221658}}