{"mean":{"confidence_interval":{"confidence_level":0.95,"lower_bound":2124826.0875555556,"upper_bound":2133928.3571111117},"point_estimate":2129098.324444444,"standard_error":2313.353400144045},"median":{"confidence_interval":{"confidence_level":0.95,"lower_bound":2118317.5,"upper_bound":2128039.6666666665},"point_estimate":2119414.277777778,"standard_error":2360.776745308167},"median_abs_dev":{"confidence_interval":{"confidence_level":0.95,"lower_bound":1406.4108083643969,"upper_bound":15395.318126678467},"point_estimate":3142.5353775423696,"standard_error":3344.477911548058},"slope":null,"std_dev":{"confidence_interval":{"confidence_level":0.95,"lower_bound":11306.072814620262,"upper_bound":21769.99538010488},"point_estimate":16603.283441900086,"standard_error":2781.7329639477985}}