{"mean":{"confidence_interval":{"confidence_level":0.95,"lower_bound":7608548.878833334,"upper_bound":7642756.639999999},"point_estimate":7626516.626666668,"standard_error":8739.468508141132},"median":{"confidence_interval":{"confidence_level":0.95,"lower_bound":7617964.0,"upper_bound":7649765.5},"point_estimate":7636028.833333334,"standard_error":9239.50972110399},"median_abs_dev":{"confidence_interval":{"confidence_level":0.95,"lower_bound":34787.23158240364,"upper_bound":65351.77133977321},"point_estimate":53146.267056464225,"standard_error":7682.222137620094},"slope":null,"std_dev":{"confidence_interval":{"confidence_level":0.95,"lower_bound":41702.29238273676,"upper_bound":79081.86344209507},"point_estimate":62447.715962895665,"standard_error":9491.66548772772}}