{"mean":{"confidence_interval":{"confidence_level":0.95,"lower_bound":7372542.723666664,"upper_bound":7406961.1609999975},"point_estimate":7388730.113333333,"standard_error":8827.745548305955},"median":{"confidence_interval":{"confidence_level":0.95,"lower_bound":7352201.333333333,"upper_bound":7379242.666666667},"point_estimate":7355115.666666667,"standard_error":6049.595440680556},"median_abs_dev":{"confidence_interval":{"confidence_level":0.95,"lower_bound":7828.0722635239235,"upper_bound":44049.0336179724},"point_estimate":15605.847322940826,"standard_error":8663.551667295447},"slope":null,"std_dev":{"confidence_interval":{"confidence_level":0.95,"lower_bound":44202.35406635479,"upper_bound":77516.62335132014},"point_estimate":62830.87605843434,"standard_error":8536.840148693405}}