{"mean":{"confidence_interval":{"confidence_level":0.95,"lower_bound":7656792.871833333,"upper_bound":7676566.313500001},"point_estimate":7667227.06,"standard_error":5035.608666627789},"median":{"confidence_interval":{"confidence_level":0.95,"lower_bound":7659817.666666667,"upper_bound":7676900.666666667},"point_estimate":7669685.666666667,"standard_error":4231.0671090070855},"median_abs_dev":{"confidence_interval":{"confidence_level":0.95,"lower_bound":13944.594052433276,"upper_bound":31960.901832581487},"point_estimate":21538.224017620316,"standard_error":4592.335745557263},"slope":null,"std_dev":{"confidence_interval":{"confidence_level":0.95,"lower_bound":21668.198443343426,"upper_bound":50105.055998181306},"point_estimate":35879.86397443549,"standard_error":7644.964687892221}}