{"mean":{"confidence_interval":{"confidence_level":0.95,"lower_bound":620.2655928803831,"upper_bound":624.37449916143},"point_estimate":622.4459660150369,"standard_error":1.053199399268801},"median":{"confidence_interval":{"confidence_level":0.95,"lower_bound":622.3416360708535,"upper_bound":626.3917786294289},"point_estimate":623.7936890645586,"standard_error":1.470823220634512},"median_abs_dev":{"confidence_interval":{"confidence_level":0.95,"lower_bound":3.7169492456051243,"upper_bound":7.863165924169051},"point_estimate":5.796398396244691,"standard_error":1.1643876245842404},"slope":{"confidence_interval":{"confidence_level":0.95,"lower_bound":622.3638830711025,"upper_bound":626.4089580920717},"point_estimate":624.42572011063,"standard_error":1.033784051045969},"std_dev":{"confidence_interval":{"confidence_level":0.95,"lower_bound":4.876185585893023,"upper_bound":9.812977444751484},"point_estimate":7.532821214161014,"standard_error":1.2806999094897231}}