{"mean":{"confidence_interval":{"confidence_level":0.95,"lower_bound":558.0234680964978,"upper_bound":558.600933967019},"point_estimate":558.3119895235358,"standard_error":0.14675628599790588},"median":{"confidence_interval":{"confidence_level":0.95,"lower_bound":558.1745689655172,"upper_bound":558.7019467302334},"point_estimate":558.5695370237818,"standard_error":0.15353587901841817},"median_abs_dev":{"confidence_interval":{"confidence_level":0.95,"lower_bound":0.5093702449831797,"upper_bound":1.137989539783226},"point_estimate":0.8860736217374264,"standard_error":0.16047400713274587},"slope":{"confidence_interval":{"confidence_level":0.95,"lower_bound":557.5250511159136,"upper_bound":558.1486187548279},"point_estimate":557.8355004552179,"standard_error":0.1597669293133969},"std_dev":{"confidence_interval":{"confidence_level":0.95,"lower_bound":0.7779654254500398,"upper_bound":1.3105379979035283},"point_estimate":1.0542206397993412,"standard_error":0.13744158138670304}}