{"mean":{"confidence_interval":{"confidence_level":0.95,"lower_bound":-0.006256810634756027,"upper_bound":0.034065368311585624},"point_estimate":0.012996002049827649,"standard_error":0.010282445187703194},"median":{"confidence_interval":{"confidence_level":0.95,"lower_bound":-0.013804613058380988,"upper_bound":0.02729082101339908},"point_estimate":0.013248401210692373,"standard_error":0.012306825425039884}}