{"mean":{"confidence_interval":{"confidence_level":0.95,"lower_bound":-0.20656994574035648,"upper_bound":-0.18565237592753625},"point_estimate":-0.1967260343753594,"standard_error":0.005347050232607948},"median":{"confidence_interval":{"confidence_level":0.95,"lower_bound":-0.2184896705953644,"upper_bound":-0.1972074317678624},"point_estimate":-0.20952851239091352,"standard_error":0.0056783756618829844}}