{"mean":{"confidence_interval":{"confidence_level":0.95,"lower_bound":0.010757820173636811,"upper_bound":0.05296597966268016},"point_estimate":0.03248351645377512,"standard_error":0.01081843365614463},"median":{"confidence_interval":{"confidence_level":0.95,"lower_bound":0.007260629851968181,"upper_bound":0.04178607624847874},"point_estimate":0.025725602159587746,"standard_error":0.009269174305157236}}