{"mean":{"confidence_interval":{"confidence_level":0.95,"lower_bound":-0.022241228932565114,"upper_bound":0.019076240070855992},"point_estimate":-0.001449152226886019,"standard_error":0.010469724903828538},"median":{"confidence_interval":{"confidence_level":0.95,"lower_bound":-0.019759031717810904,"upper_bound":0.027550209993143948},"point_estimate":-0.0016065515409001696,"standard_error":0.013055060550383728}}