{"mean":{"confidence_interval":{"confidence_level":0.95,"lower_bound":-0.014126558669546735,"upper_bound":0.023239282574280377},"point_estimate":0.005595336774867787,"standard_error":0.00944476358131453},"median":{"confidence_interval":{"confidence_level":0.95,"lower_bound":-0.0028374512413964492,"upper_bound":0.023988427464846085},"point_estimate":0.010562070502113885,"standard_error":0.007348680510553692}}