{"mean":{"confidence_interval":{"confidence_level":0.95,"lower_bound":-0.033947581867368966,"upper_bound":0.005449962939951413},"point_estimate":-0.015031480635738448,"standard_error":0.010048615645050126},"median":{"confidence_interval":{"confidence_level":0.95,"lower_bound":-0.041007374622603066,"upper_bound":0.005378027987873013},"point_estimate":-0.012577748020244472,"standard_error":0.013172274919065386}}