{"mean":{"confidence_interval":{"confidence_level":0.95,"lower_bound":1017.1074158027759,"upper_bound":1028.7259402692641},"point_estimate":1023.0723767999832,"standard_error":2.9648851083312846},"median":{"confidence_interval":{"confidence_level":0.95,"lower_bound":1017.5619738604062,"upper_bound":1038.7667575922894},"point_estimate":1025.6250693599302,"standard_error":6.0636038583566805},"median_abs_dev":{"confidence_interval":{"confidence_level":0.95,"lower_bound":13.857400107500865,"upper_bound":30.882996401861877},"point_estimate":22.63774407948269,"standard_error":4.674754165027153},"slope":{"confidence_interval":{"confidence_level":0.95,"lower_bound":1035.124917768356,"upper_bound":1040.870904969654},"point_estimate":1038.362730335997,"standard_error":1.4670910502946048},"std_dev":{"confidence_interval":{"confidence_level":0.95,"lower_bound":17.33202439975128,"upper_bound":24.304451272981954},"point_estimate":21.193032035926315,"standard_error":1.7678546940653175}}