{"mean":{"confidence_interval":{"confidence_level":0.95,"lower_bound":3756.243683259644,"upper_bound":3776.7959715769316},"point_estimate":3766.548915514613,"standard_error":5.278598150634221},"median":{"confidence_interval":{"confidence_level":0.95,"lower_bound":3745.206583552056,"upper_bound":3783.566226096738},"point_estimate":3768.5671593682373,"standard_error":10.446231324617171},"median_abs_dev":{"confidence_interval":{"confidence_level":0.95,"lower_bound":31.27193126895957,"upper_bound":55.733231553486725},"point_estimate":48.05931478457181,"standard_error":6.348874256436018},"slope":{"confidence_interval":{"confidence_level":0.95,"lower_bound":3783.972524748792,"upper_bound":3801.371051407027},"point_estimate":3793.4192483685606,"standard_error":4.461158099728677},"std_dev":{"confidence_interval":{"confidence_level":0.95,"lower_bound":31.340241469977272,"upper_bound":43.480469328357344},"point_estimate":37.65972781664443,"standard_error":3.1162654484140697}}