{"mean":{"confidence_interval":{"confidence_level":0.95,"lower_bound":-0.01792498740150614,"upper_bound":-0.008002972710837957},"point_estimate":-0.013034783933092875,"standard_error":0.0025334809375092545},"median":{"confidence_interval":{"confidence_level":0.95,"lower_bound":-0.026562354680098377,"upper_bound":-0.010105139855528855},"point_estimate":-0.014656472931382725,"standard_error":0.0038683747762786563}}