{"mean":{"confidence_interval":{"confidence_level":0.95,"lower_bound":0.017372765814456355,"upper_bound":0.025728248638790197},"point_estimate":0.021674839325041217,"standard_error":0.00212606002266722},"median":{"confidence_interval":{"confidence_level":0.95,"lower_bound":0.02673790812785448,"upper_bound":0.03242680907513007},"point_estimate":0.030686517016312198,"standard_error":0.0014936092163851345}}