{"mean":{"confidence_interval":{"confidence_level":0.95,"lower_bound":0.01845972772155028,"upper_bound":0.028841317484943205},"point_estimate":0.022784932251717738,"standard_error":0.002619374782676966},"median":{"confidence_interval":{"confidence_level":0.95,"lower_bound":0.015499890930888549,"upper_bound":0.021029883424037665},"point_estimate":0.018212954650370206,"standard_error":0.0013523564093031297}}