{"mean":{"confidence_interval":{"confidence_level":0.95,"lower_bound":0.0031825212524763335,"upper_bound":0.009343798735256582},"point_estimate":0.006241334832925771,"standard_error":0.0015728884458247722},"median":{"confidence_interval":{"confidence_level":0.95,"lower_bound":0.000656389546719538,"upper_bound":0.0043697639122239895},"point_estimate":0.0026705332623038203,"standard_error":0.0009803803676411028}}