{"mean":{"confidence_interval":{"confidence_level":0.95,"lower_bound":-0.0087664026894132,"upper_bound":4.860369320791591e-6},"point_estimate":-0.004482996598916156,"standard_error":0.0022389919636724375},"median":{"confidence_interval":{"confidence_level":0.95,"lower_bound":-0.010045336994120246,"upper_bound":0.006027724130764245},"point_estimate":-0.00602944083829382,"standard_error":0.00386010750496869}}