{"mean":{"confidence_interval":{"confidence_level":0.95,"lower_bound":-0.01585320569885424,"upper_bound":-0.00498131080947613},"point_estimate":-0.009657345612589574,"standard_error":0.0027998558967079015},"median":{"confidence_interval":{"confidence_level":0.95,"lower_bound":-0.007867600973305966,"upper_bound":-0.0010025235172742431},"point_estimate":-0.004313887084395618,"standard_error":0.0017332696882766895}}