{"mean":{"confidence_interval":{"confidence_level":0.95,"lower_bound":2174485.3912777784,"upper_bound":2187009.651},"point_estimate":2180868.8911111113,"standard_error":3187.9749044223154},"median":{"confidence_interval":{"confidence_level":0.95,"lower_bound":2179164.611111111,"upper_bound":2186794.888888889},"point_estimate":2182572.4444444445,"standard_error":1534.1733373526924},"median_abs_dev":{"confidence_interval":{"confidence_level":0.95,"lower_bound":8463.998516400809,"upper_bound":17640.513988484476},"point_estimate":11865.494689345474,"standard_error":2499.982481470384},"slope":null,"std_dev":{"confidence_interval":{"confidence_level":0.95,"lower_bound":16734.07735385577,"upper_bound":27774.386926679028},"point_estimate":22862.952657474834,"standard_error":2807.495581153001}}