{"mean":{"confidence_interval":{"confidence_level":0.95,"lower_bound":0.0231935829551404,"upper_bound":0.033938614699271105},"point_estimate":0.02820703182805029,"standard_error":0.00271995173942918},"median":{"confidence_interval":{"confidence_level":0.95,"lower_bound":0.02865861445921425,"upper_bound":0.03676546654068269},"point_estimate":0.03260034482641805,"standard_error":0.0021487321087724147}}