{"mean":{"confidence_interval":{"confidence_level":0.95,"lower_bound":-0.012666308291246747,"upper_bound":-0.000663341516535132},"point_estimate":-0.006539805414699007,"standard_error":0.003055364023914367},"median":{"confidence_interval":{"confidence_level":0.95,"lower_bound":-0.001998615044104368,"upper_bound":0.0032305322051287},"point_estimate":0.0014946450647304044,"standard_error":0.0015395136898747467}}