{"mean":{"confidence_interval":{"confidence_level":0.95,"lower_bound":-0.023001036279958587,"upper_bound":-0.009195543649346575},"point_estimate":-0.016036480751026594,"standard_error":0.003500446946477305},"median":{"confidence_interval":{"confidence_level":0.95,"lower_bound":-0.032397981020346744,"upper_bound":-0.023846400038144422},"point_estimate":-0.028704316451465983,"standard_error":0.0022569936621719276}}