{"mean":{"confidence_interval":{"confidence_level":0.95,"lower_bound":0.005217270613135865,"upper_bound":0.0247437306549361},"point_estimate":0.015047380372587238,"standard_error":0.0049758044190937115},"median":{"confidence_interval":{"confidence_level":0.95,"lower_bound":0.006528231046744405,"upper_bound":0.024548595679706242},"point_estimate":0.01960272311098854,"standard_error":0.00473282681551412}}