{"mean":{"confidence_interval":{"confidence_level":0.95,"lower_bound":-0.03751311611898048,"upper_bound":-0.031845452636497025},"point_estimate":-0.034586014468827364,"standard_error":0.0014462354377948903},"median":{"confidence_interval":{"confidence_level":0.95,"lower_bound":-0.038909557787724314,"upper_bound":-0.03264321185615049},"point_estimate":-0.035780629245840356,"standard_error":0.0015708195773102363}}