{"mean":{"confidence_interval":{"confidence_level":0.95,"lower_bound":0.019992197432742193,"upper_bound":0.026804006812133494},"point_estimate":0.023853411146497416,"standard_error":0.0017438587282964867},"median":{"confidence_interval":{"confidence_level":0.95,"lower_bound":0.025748696337362542,"upper_bound":0.028841370223586127},"point_estimate":0.02776542076390398,"standard_error":0.0008258852841797157}}