{"mean":{"confidence_interval":{"confidence_level":0.95,"lower_bound":715.6728313007674,"upper_bound":717.9792075376544},"point_estimate":716.7268512316332,"standard_error":0.5904869102319767},"median":{"confidence_interval":{"confidence_level":0.95,"lower_bound":714.9332652915054,"upper_bound":716.6582867783985},"point_estimate":715.5411409261555,"standard_error":0.49275469297207114},"median_abs_dev":{"confidence_interval":{"confidence_level":0.95,"lower_bound":1.542109628135329,"upper_bound":3.169215756894746},"point_estimate":2.0573643799859735,"standard_error":0.4094148274884835},"slope":{"confidence_interval":{"confidence_level":0.95,"lower_bound":714.5865115976221,"upper_bound":715.7436534871821},"point_estimate":715.1765120402937,"standard_error":0.29482177929447656},"std_dev":{"confidence_interval":{"confidence_level":0.95,"lower_bound":2.2180885683396405,"upper_bound":5.905457304683754},"point_estimate":4.222198158529207,"standard_error":0.965319636428658}}