{"mean":{"confidence_interval":{"confidence_level":0.95,"lower_bound":-0.03262258159164012,"upper_bound":-0.01503671075377678},"point_estimate":-0.02298963573912194,"standard_error":0.004514754109243053},"median":{"confidence_interval":{"confidence_level":0.95,"lower_bound":-0.021399806506236296,"upper_bound":-0.014345074130562963},"point_estimate":-0.01766848459693582,"standard_error":0.0017923418173595004}}