{"mean":{"confidence_interval":{"confidence_level":0.95,"lower_bound":-0.10826080680717319,"upper_bound":-0.09216264634994445},"point_estimate":-0.09937805162043423,"standard_error":0.004124373595232989},"median":{"confidence_interval":{"confidence_level":0.95,"lower_bound":-0.0991616267522003,"upper_bound":-0.09273696762536887},"point_estimate":-0.09615356711604506,"standard_error":0.0015855520816586927}}