{"mean":{"confidence_interval":{"confidence_level":0.95,"lower_bound":-0.011179307896291846,"upper_bound":0.016187309706364384},"point_estimate":0.001821295933335687,"standard_error":0.006908354053026638},"median":{"confidence_interval":{"confidence_level":0.95,"lower_bound":0.006092371700735685,"upper_bound":0.014505083648775008},"point_estimate":0.00931388353508722,"standard_error":0.0022881651041970295}}