{"mean":{"confidence_interval":{"confidence_level":0.95,"lower_bound":-0.013949280823313037,"upper_bound":-0.006227437884964081},"point_estimate":-0.010438740915538758,"standard_error":0.0019482648769398989},"median":{"confidence_interval":{"confidence_level":0.95,"lower_bound":-0.010136876680661655,"upper_bound":-0.006432820642105597},"point_estimate":-0.007000675269702938,"standard_error":0.0009573757440851962}}