{"mean":{"confidence_interval":{"confidence_level":0.95,"lower_bound":-0.07555206184961298,"upper_bound":-0.05310247410349625},"point_estimate":-0.06440725380588763,"standard_error":0.005717017313549814},"median":{"confidence_interval":{"confidence_level":0.95,"lower_bound":-0.0780682477554483,"upper_bound":-0.05770990033952683},"point_estimate":-0.06616089584566098,"standard_error":0.005086910206990662}}