{"mean":{"confidence_interval":{"confidence_level":0.95,"lower_bound":-0.00901883092043786,"upper_bound":0.008441691792020048},"point_estimate":-0.000332519208914972,"standard_error":0.004480863590950022},"median":{"confidence_interval":{"confidence_level":0.95,"lower_bound":-0.005971942271561059,"upper_bound":0.012071619951068646},"point_estimate":0.0039830919640144735,"standard_error":0.004681392210610814}}