{"mean":{"confidence_interval":{"confidence_level":0.95,"lower_bound":0.0012096538406371452,"upper_bound":0.024668042741159857},"point_estimate":0.01254860273305991,"standard_error":0.0059254603967488495},"median":{"confidence_interval":{"confidence_level":0.95,"lower_bound":0.0015192272869652486,"upper_bound":0.01873533884378964},"point_estimate":0.008399399807562657,"standard_error":0.004271568313975879}}