{"mean":{"confidence_interval":{"confidence_level":0.95,"lower_bound":-0.06767825374777016,"upper_bound":-0.04015337006233243},"point_estimate":-0.05415638863688954,"standard_error":0.00700130329985052},"median":{"confidence_interval":{"confidence_level":0.95,"lower_bound":-0.06999280205107891,"upper_bound":-0.052751256418797965},"point_estimate":-0.05924397892776356,"standard_error":0.0043186807560869804}}