{"mean":{"confidence_interval":{"confidence_level":0.95,"lower_bound":-0.07045326651582373,"upper_bound":-0.056767160229919456},"point_estimate":-0.06410872607971252,"standard_error":0.003475359881666753},"median":{"confidence_interval":{"confidence_level":0.95,"lower_bound":-0.0779460595076512,"upper_bound":-0.06859372609724168},"point_estimate":-0.07291843118504837,"standard_error":0.0025184903628241435}}