{"mean":{"confidence_interval":{"confidence_level":0.95,"lower_bound":0.00911596578461223,"upper_bound":0.028218819880641233},"point_estimate":0.0189753956983596,"standard_error":0.004889139378161195},"median":{"confidence_interval":{"confidence_level":0.95,"lower_bound":0.011331574904671848,"upper_bound":0.02735217031939352},"point_estimate":0.01887486420849127,"standard_error":0.004141490386362748}}