{"mean":{"confidence_interval":{"confidence_level":0.95,"lower_bound":0.04620431789939741,"upper_bound":0.08600671888498261},"point_estimate":0.06502200600082952,"standard_error":0.010217513219933515},"median":{"confidence_interval":{"confidence_level":0.95,"lower_bound":0.062471953053470086,"upper_bound":0.07806339734837689},"point_estimate":0.06996673336682435,"standard_error":0.004064537807868413}}