{"mean":{"confidence_interval":{"confidence_level":0.95,"lower_bound":-0.4470327465180661,"upper_bound":-0.4304919798979628},"point_estimate":-0.43930932392301103,"standard_error":0.004247940449175233},"median":{"confidence_interval":{"confidence_level":0.95,"lower_bound":-0.45391254946721105,"upper_bound":-0.4483370432855931},"point_estimate":-0.45173631164961214,"standard_error":0.0014426097656991459}}