{"mean":{"confidence_interval":{"confidence_level":0.95,"lower_bound":-0.13463205044061988,"upper_bound":-0.10311453446109908},"point_estimate":-0.11930310667920652,"standard_error":0.008001869167003147},"median":{"confidence_interval":{"confidence_level":0.95,"lower_bound":-0.12519151266741135,"upper_bound":-0.11504119253646616},"point_estimate":-0.11967962473284588,"standard_error":0.0027098559437570458}}