{"mean":{"confidence_interval":{"confidence_level":0.95,"lower_bound":0.13673033401783233,"upper_bound":0.1819786379246793},"point_estimate":0.15867024627221316,"standard_error":0.011488661065006876},"median":{"confidence_interval":{"confidence_level":0.95,"lower_bound":0.16402239144120312,"upper_bound":0.18055387390028407},"point_estimate":0.17429894665067613,"standard_error":0.0039002772273761966}}