{"mean":{"confidence_interval":{"confidence_level":0.95,"lower_bound":-0.12291060883713188,"upper_bound":-0.08651948378775898},"point_estimate":-0.10464938026505788,"standard_error":0.009170614481649861},"median":{"confidence_interval":{"confidence_level":0.95,"lower_bound":-0.12187633945646481,"upper_bound":-0.10600994850708945},"point_estimate":-0.11522918742809307,"standard_error":0.0039660755569459255}}