{"mean":{"confidence_interval":{"confidence_level":0.95,"lower_bound":0.007521923174032219,"upper_bound":0.05495452296315028},"point_estimate":0.030841955457510117,"standard_error":0.01198089797922236},"median":{"confidence_interval":{"confidence_level":0.95,"lower_bound":0.02920576650400153,"upper_bound":0.06290807630386697},"point_estimate":0.0442228638206672,"standard_error":0.009510429290225}}