{"mean":{"confidence_interval":{"confidence_level":0.95,"lower_bound":-0.0012065150471206897,"upper_bound":0.011878344164889088},"point_estimate":0.005334556843850757,"standard_error":0.00336231919904914},"median":{"confidence_interval":{"confidence_level":0.95,"lower_bound":0.001326573250917562,"upper_bound":0.022642742912651448},"point_estimate":0.013188227080630277,"standard_error":0.005311109230132422}}