{"mean":{"confidence_interval":{"confidence_level":0.95,"lower_bound":0.0019211981435188843,"upper_bound":0.01529784587212763},"point_estimate":0.0088909119427667,"standard_error":0.003407873376600641},"median":{"confidence_interval":{"confidence_level":0.95,"lower_bound":0.003821202903230736,"upper_bound":0.024783539042986913},"point_estimate":0.016647844299292114,"standard_error":0.005306851470133108}}