{"mean":{"confidence_interval":{"confidence_level":0.95,"lower_bound":-0.010097706715714394,"upper_bound":-0.0028852147051139153},"point_estimate":-0.006562054111778903,"standard_error":0.001843546361616832},"median":{"confidence_interval":{"confidence_level":0.95,"lower_bound":-0.012296792290399483,"upper_bound":-0.003464508389474652},"point_estimate":-0.008847420695917041,"standard_error":0.0023710864256914163}}