{"mean":{"confidence_interval":{"confidence_level":0.95,"lower_bound":-0.020659495124404792,"upper_bound":-0.011492408688759226},"point_estimate":-0.015535181239436424,"standard_error":0.0023525655072539394},"median":{"confidence_interval":{"confidence_level":0.95,"lower_bound":-0.016812048882475117,"upper_bound":-0.009588350015706237},"point_estimate":-0.015280491572506771,"standard_error":0.0017911588717478223}}