{"mean":{"confidence_interval":{"confidence_level":0.95,"lower_bound":-0.0124961769698688,"upper_bound":-0.0022588172732868426},"point_estimate":-0.008039618819814298,"standard_error":0.002618154411120652},"median":{"confidence_interval":{"confidence_level":0.95,"lower_bound":-0.014615593174354125,"upper_bound":-0.00645134506441003},"point_estimate":-0.008652239309919318,"standard_error":0.0020687554572686754}}