{"mean":{"confidence_interval":{"confidence_level":0.95,"lower_bound":-0.024593596752912394,"upper_bound":-0.007885356747009298},"point_estimate":-0.01674212168066136,"standard_error":0.004268885601685499},"median":{"confidence_interval":{"confidence_level":0.95,"lower_bound":-0.034584311463235026,"upper_bound":-0.002355941774317416},"point_estimate":-0.02028240135945969,"standard_error":0.008404832321927614}}