{"mean":{"confidence_interval":{"confidence_level":0.95,"lower_bound":7200012.1375,"upper_bound":7211384.580333334},"point_estimate":7205268.200000002,"standard_error":2909.394586790192},"median":{"confidence_interval":{"confidence_level":0.95,"lower_bound":7195741.5,"upper_bound":7202539.666666667},"point_estimate":7197381.333333334,"standard_error":1526.729614971099},"median_abs_dev":{"confidence_interval":{"confidence_level":0.95,"lower_bound":4433.671978785268,"upper_bound":17278.220093250275},"point_estimate":8777.238944171939,"standard_error":3047.4227113486218},"slope":null,"std_dev":{"confidence_interval":{"confidence_level":0.95,"lower_bound":12459.406267637067,"upper_bound":27629.740302836435},"point_estimate":20703.399616658964,"standard_error":3901.828038516089}}