{"mean":{"confidence_interval":{"confidence_level":0.95,"lower_bound":-0.29460516914417534,"upper_bound":-0.2792803138601756},"point_estimate":-0.2876039617938061,"standard_error":0.003915579860348737},"median":{"confidence_interval":{"confidence_level":0.95,"lower_bound":-0.3008482512217645,"upper_bound":-0.2933199837889615},"point_estimate":-0.29748050507754964,"standard_error":0.001974470155771154}}