{"mean":{"confidence_interval":{"confidence_level":0.95,"lower_bound":0.017239773814861564,"upper_bound":0.04587046489676928},"point_estimate":0.031192032739849607,"standard_error":0.007297102614112748},"median":{"confidence_interval":{"confidence_level":0.95,"lower_bound":0.017535227536457088,"upper_bound":0.050387944764113124},"point_estimate":0.033776258515779256,"standard_error":0.008007729824594521}}