{"mean":{"confidence_interval":{"confidence_level":0.95,"lower_bound":-0.02517243754610963,"upper_bound":0.00558777452787874},"point_estimate":-0.011423737660183453,"standard_error":0.007894366769528087},"median":{"confidence_interval":{"confidence_level":0.95,"lower_bound":-0.03305086828142911,"upper_bound":-0.004215077576222415},"point_estimate":-0.018533913998826756,"standard_error":0.006936680484316982}}