{"mean":{"confidence_interval":{"confidence_level":0.95,"lower_bound":-0.016585337744358945,"upper_bound":0.018654484427820698},"point_estimate":0.001194472444119521,"standard_error":0.00909948178877406},"median":{"confidence_interval":{"confidence_level":0.95,"lower_bound":-0.009947458721734304,"upper_bound":0.029836041936350366},"point_estimate":0.01043838195189739,"standard_error":0.009744525277866121}}