{"mean":{"confidence_interval":{"confidence_level":0.95,"lower_bound":-0.054756329280313265,"upper_bound":-0.026833644642357993},"point_estimate":-0.04074069676387859,"standard_error":0.007010513971371641},"median":{"confidence_interval":{"confidence_level":0.95,"lower_bound":-0.042004022460709,"upper_bound":-0.024103700287305463},"point_estimate":-0.03540292254802002,"standard_error":0.00464295274897919}}