{"mean":{"confidence_interval":{"confidence_level":0.95,"lower_bound":0.015359091507672475,"upper_bound":0.04710356944843075},"point_estimate":0.0319530819704259,"standard_error":0.0080811540531297},"median":{"confidence_interval":{"confidence_level":0.95,"lower_bound":0.020384485306165656,"upper_bound":0.03537736738166175},"point_estimate":0.02825220799832917,"standard_error":0.003927103672307386}}