{"mean":{"confidence_interval":{"confidence_level":0.95,"lower_bound":1363.7378635993668,"upper_bound":1368.102888853026},"point_estimate":1365.982685299157,"standard_error":1.1124754468304927},"median":{"confidence_interval":{"confidence_level":0.95,"lower_bound":1365.626753126753,"upper_bound":1368.4025344025345},"point_estimate":1366.5648165768303,"standard_error":0.7689317083158328},"median_abs_dev":{"confidence_interval":{"confidence_level":0.95,"lower_bound":2.715411605145493,"upper_bound":6.923040558105115},"point_estimate":4.461259880516112,"standard_error":1.0956421404924332},"slope":{"confidence_interval":{"confidence_level":0.95,"lower_bound":1365.5703646174475,"upper_bound":1370.5617714851387},"point_estimate":1368.1365868283049,"standard_error":1.2732853898754488},"std_dev":{"confidence_interval":{"confidence_level":0.95,"lower_bound":5.399292979220462,"upper_bound":10.00502948457489},"point_estimate":7.922319110054981,"standard_error":1.1767470279076782}}