{"mean":{"confidence_interval":{"confidence_level":0.95,"lower_bound":-0.09563555062609036,"upper_bound":-0.06738063239744807},"point_estimate":-0.0810687864126034,"standard_error":0.007194528162355764},"median":{"confidence_interval":{"confidence_level":0.95,"lower_bound":-0.08733831183672713,"upper_bound":-0.07823629262955467},"point_estimate":-0.0817492677120425,"standard_error":0.0024872250805035067}}