{"mean":{"confidence_interval":{"confidence_level":0.95,"lower_bound":0.006799789163941807,"upper_bound":0.040217738441079086},"point_estimate":0.02293659790377678,"standard_error":0.008465928521911944},"median":{"confidence_interval":{"confidence_level":0.95,"lower_bound":0.019405936593987493,"upper_bound":0.039940178214666444},"point_estimate":0.03565316959752196,"standard_error":0.004968926970129402}}