{"mean":{"confidence_interval":{"confidence_level":0.95,"lower_bound":-0.10234346396700848,"upper_bound":-0.07543528501722613},"point_estimate":-0.0889100549406775,"standard_error":0.006825358934985194},"median":{"confidence_interval":{"confidence_level":0.95,"lower_bound":-0.09808244407653866,"upper_bound":-0.09125243635286173},"point_estimate":-0.0957562031424588,"standard_error":0.0017299702098229792}}