{"mean":{"confidence_interval":{"confidence_level":0.95,"lower_bound":-0.02525450237133431,"upper_bound":0.00858932951954991},"point_estimate":-0.009261119845820898,"standard_error":0.008583204814612009},"median":{"confidence_interval":{"confidence_level":0.95,"lower_bound":-0.01368457717151228,"upper_bound":-0.0045027162331582795},"point_estimate":-0.009562420164643481,"standard_error":0.0022217445401943588}}