{"mean":{"confidence_interval":{"confidence_level":0.95,"lower_bound":-0.05641050835884102,"upper_bound":-0.023533611531219467},"point_estimate":-0.03735683303960613,"standard_error":0.008551977048536746},"median":{"confidence_interval":{"confidence_level":0.95,"lower_bound":-0.023643834955170195,"upper_bound":-0.014739713688086353},"point_estimate":-0.017287805331142048,"standard_error":0.0023629457959193556}}