{"mean":{"confidence_interval":{"confidence_level":0.95,"lower_bound":-0.12529015766729376,"upper_bound":-0.0919147510255693},"point_estimate":-0.10669471940440922,"standard_error":0.008571661089275363},"median":{"confidence_interval":{"confidence_level":0.95,"lower_bound":-0.10477706411206433,"upper_bound":-0.09680877205724625},"point_estimate":-0.09877932684342206,"standard_error":0.002105325220427848}}