{"mean":{"confidence_interval":{"confidence_level":0.95,"lower_bound":0.015288930213441498,"upper_bound":0.055622626841228075},"point_estimate":0.03402210842951514,"standard_error":0.010386998668966857},"median":{"confidence_interval":{"confidence_level":0.95,"lower_bound":0.019753970793253823,"upper_bound":0.029795218019401375},"point_estimate":0.022535223813521466,"standard_error":0.0025416645435068666}}