{"mean":{"confidence_interval":{"confidence_level":0.95,"lower_bound":-0.022750787528195704,"upper_bound":-0.0056012052714670135},"point_estimate":-0.014073656948881075,"standard_error":0.004343880424185468},"median":{"confidence_interval":{"confidence_level":0.95,"lower_bound":-0.003953573080189732,"upper_bound":-0.0018866697908187513},"point_estimate":-0.0027554366568114386,"standard_error":0.0009522105442332998}}