{"mean":{"confidence_interval":{"confidence_level":0.95,"lower_bound":-0.04991458385005598,"upper_bound":-0.041484470564396525},"point_estimate":-0.045979885777420626,"standard_error":0.0021476935394315593},"median":{"confidence_interval":{"confidence_level":0.95,"lower_bound":-0.05389314809422796,"upper_bound":-0.05066299114665984},"point_estimate":-0.053440195476439634,"standard_error":0.0010172896187599107}}