{"mean":{"confidence_interval":{"confidence_level":0.95,"lower_bound":-0.0016284280160569664,"upper_bound":0.021586614869498078},"point_estimate":0.008989105704499956,"standard_error":0.005640498080969257},"median":{"confidence_interval":{"confidence_level":0.95,"lower_bound":-0.0092088183323904,"upper_bound":0.013062180138120771},"point_estimate":0.00046007303109552034,"standard_error":0.00550726344853275}}