{"mean":{"confidence_interval":{"confidence_level":0.95,"lower_bound":-0.005508747466228647,"upper_bound":0.01774220316044156},"point_estimate":0.006873232735114643,"standard_error":0.005978098953216682},"median":{"confidence_interval":{"confidence_level":0.95,"lower_bound":0.010959699406870138,"upper_bound":0.02525985165667799},"point_estimate":0.015906307106841044,"standard_error":0.00381352280532928}}