{"mean":{"confidence_interval":{"confidence_level":0.95,"lower_bound":0.033657360630901856,"upper_bound":0.04450947079119416},"point_estimate":0.03964648779827051,"standard_error":0.0027898614531992115},"median":{"confidence_interval":{"confidence_level":0.95,"lower_bound":0.0491108826354425,"upper_bound":0.05422277585247248},"point_estimate":0.05348350230473864,"standard_error":0.0013647849715111386}}