{"mean":{"confidence_interval":{"confidence_level":0.95,"lower_bound":-0.013423085623106549,"upper_bound":-0.0034843350493382053},"point_estimate":-0.00851061101847328,"standard_error":0.0025286562556871154},"median":{"confidence_interval":{"confidence_level":0.95,"lower_bound":-0.01681223997721959,"upper_bound":-0.002212727048630181},"point_estimate":-0.006797348806312109,"standard_error":0.003445665018566812}}