{"mean":{"confidence_interval":{"confidence_level":0.95,"lower_bound":-0.03958663429231954,"upper_bound":-0.01887723879429614},"point_estimate":-0.028303844200585182,"standard_error":0.005334277441679879},"median":{"confidence_interval":{"confidence_level":0.95,"lower_bound":-0.03961665735452202,"upper_bound":-0.022250181424519844},"point_estimate":-0.03537227573226265,"standard_error":0.004620700237743599}}