{"mean":{"confidence_interval":{"confidence_level":0.95,"lower_bound":0.013531851908213044,"upper_bound":0.018914343742395905},"point_estimate":0.016410058625925705,"standard_error":0.0013773911924191788},"median":{"confidence_interval":{"confidence_level":0.95,"lower_bound":0.015268862864091348,"upper_bound":0.01848237612469994},"point_estimate":0.016893969826566657,"standard_error":0.0008238608177290335}}