{"mean":{"confidence_interval":{"confidence_level":0.95,"lower_bound":-0.021490956979332634,"upper_bound":-0.01072913109924494},"point_estimate":-0.015996557498563435,"standard_error":0.0027528634414464032},"median":{"confidence_interval":{"confidence_level":0.95,"lower_bound":-0.0125772866799812,"upper_bound":-0.007895696397213214},"point_estimate":-0.010452512187736684,"standard_error":0.0011113953195731718}}