{"mean":{"confidence_interval":{"confidence_level":0.95,"lower_bound":0.009338772324217759,"upper_bound":0.018885309293321727},"point_estimate":0.014685055396022273,"standard_error":0.002432133546638403},"median":{"confidence_interval":{"confidence_level":0.95,"lower_bound":0.0165660305024129,"upper_bound":0.020764434643794738},"point_estimate":0.018688055008737825,"standard_error":0.0010544323278877854}}