{"mean":{"confidence_interval":{"confidence_level":0.95,"lower_bound":-0.02623104320834642,"upper_bound":-0.015181195281322658},"point_estimate":-0.020876666188584192,"standard_error":0.002840751073345633},"median":{"confidence_interval":{"confidence_level":0.95,"lower_bound":-0.03319710186203639,"upper_bound":-0.029016286372059108},"point_estimate":-0.031290938578513394,"standard_error":0.0010341668354111539}}