{"mean":{"confidence_interval":{"confidence_level":0.95,"lower_bound":-0.037041418268573975,"upper_bound":-0.0351504857533056},"point_estimate":-0.03613735618997305,"standard_error":0.0004886815380905283},"median":{"confidence_interval":{"confidence_level":0.95,"lower_bound":-0.03688392517748851,"upper_bound":-0.03588454390195228},"point_estimate":-0.03640928450790193,"standard_error":0.00028854133731276557}}