{"mean":{"confidence_interval":{"confidence_level":0.95,"lower_bound":0.020585140816471448,"upper_bound":0.029746179507656872},"point_estimate":0.025061387762905785,"standard_error":0.002339253002041211},"median":{"confidence_interval":{"confidence_level":0.95,"lower_bound":0.015432223374169274,"upper_bound":0.020950518255393957},"point_estimate":0.017675537724924695,"standard_error":0.0014804274833685605}}