{"mean":{"confidence_interval":{"confidence_level":0.95,"lower_bound":146.04718789712308,"upper_bound":160.36915748523936},"point_estimate":153.39083044352734,"standard_error":3.6507232035185204},"median":{"confidence_interval":{"confidence_level":0.95,"lower_bound":145.13594501718214,"upper_bound":172.61376591873864},"point_estimate":165.86348576967134,"standard_error":6.824057645263371},"median_abs_dev":{"confidence_interval":{"confidence_level":0.95,"lower_bound":8.685473511379097,"upper_bound":38.840651904255004},"point_estimate":18.131664902840868,"standard_error":7.999320185964301},"slope":{"confidence_interval":{"confidence_level":0.95,"lower_bound":169.67864909635418,"upper_bound":174.88146545839902},"point_estimate":172.75381765126178,"standard_error":1.3277692735970918},"std_dev":{"confidence_interval":{"confidence_level":0.95,"lower_bound":21.877467247170035,"upper_bound":29.123655972212454},"point_estimate":26.09240180916027,"standard_error":1.8429018667083261}}