{"mean":{"confidence_interval":{"confidence_level":0.95,"lower_bound":-0.026278272913670523,"upper_bound":-0.01594153574502228},"point_estimate":-0.021448227405119535,"standard_error":0.002638020087913496},"median":{"confidence_interval":{"confidence_level":0.95,"lower_bound":-0.03208373298277367,"upper_bound":-0.019743918437087227},"point_estimate":-0.025727198300861676,"standard_error":0.0030904050439315525}}