{"mean":{"confidence_interval":{"confidence_level":0.95,"lower_bound":0.02166410716573633,"upper_bound":0.03179946175292837},"point_estimate":0.026780486379198054,"standard_error":0.0025873331901100642},"median":{"confidence_interval":{"confidence_level":0.95,"lower_bound":0.025971960343568412,"upper_bound":0.0387902627965786},"point_estimate":0.033460018476729525,"standard_error":0.0032702723217933314}}