{"mean":{"confidence_interval":{"confidence_level":0.95,"lower_bound":0.038055788024241546,"upper_bound":0.04932159586837221},"point_estimate":0.04389932985234579,"standard_error":0.0028593968412039786},"median":{"confidence_interval":{"confidence_level":0.95,"lower_bound":0.03501643872778604,"upper_bound":0.0526417597248931},"point_estimate":0.04050889427083448,"standard_error":0.004750524770782705}}