{"mean":{"confidence_interval":{"confidence_level":0.95,"lower_bound":0.032541045965824855,"upper_bound":0.0406855815323639},"point_estimate":0.036544532533034024,"standard_error":0.0020715691562033763},"median":{"confidence_interval":{"confidence_level":0.95,"lower_bound":0.034597332405404524,"upper_bound":0.04598333511715991},"point_estimate":0.040401626931033,"standard_error":0.0028832897921940983}}