{"mean":{"confidence_interval":{"confidence_level":0.95,"lower_bound":-0.042265986761298,"upper_bound":-0.028961305682290828},"point_estimate":-0.035630570414080465,"standard_error":0.003413625150109711},"median":{"confidence_interval":{"confidence_level":0.95,"lower_bound":-0.04231096775881682,"upper_bound":-0.029435647351993666},"point_estimate":-0.03649249521822362,"standard_error":0.003295025929884065}}