{"mean":{"confidence_interval":{"confidence_level":0.95,"lower_bound":-0.08514175430998228,"upper_bound":-0.07645104870922159},"point_estimate":-0.08086051324451193,"standard_error":0.0022140252177620134},"median":{"confidence_interval":{"confidence_level":0.95,"lower_bound":-0.08586947859166927,"upper_bound":-0.07323110149155088},"point_estimate":-0.07767616705576263,"standard_error":0.0035761909452106926}}