{"mean":{"confidence_interval":{"confidence_level":0.95,"lower_bound":7431510.218500003,"upper_bound":7499559.010333334},"point_estimate":7464821.699999999,"standard_error":17402.71650126544},"median":{"confidence_interval":{"confidence_level":0.95,"lower_bound":7372127.666666667,"upper_bound":7499211.0},"point_estimate":7380991.833333334,"standard_error":28091.391932861177},"median_abs_dev":{"confidence_interval":{"confidence_level":0.95,"lower_bound":15929.795417189598,"upper_bound":188413.74665498687},"point_estimate":34124.26229417393,"standard_error":36533.6299265265},"slope":null,"std_dev":{"confidence_interval":{"confidence_level":0.95,"lower_bound":105815.97072037912,"upper_bound":136829.5973391713},"point_estimate":124997.00004055878,"standard_error":7919.843838416265}}