{"mean":{"confidence_interval":{"confidence_level":0.95,"lower_bound":-0.4342289739566777,"upper_bound":-0.398267954834276},"point_estimate":-0.4183533326018317,"standard_error":0.009230679787638444},"median":{"confidence_interval":{"confidence_level":0.95,"lower_bound":-0.4447045044809901,"upper_bound":-0.43023506997756},"point_estimate":-0.4352411620943025,"standard_error":0.003594456831341465}}