{"mean":{"confidence_interval":{"confidence_level":0.95,"lower_bound":2284952.620222222,"upper_bound":2295415.6765555553},"point_estimate":2290463.9088888895,"standard_error":2666.52847645466},"median":{"confidence_interval":{"confidence_level":0.95,"lower_bound":2289678.777777778,"upper_bound":2299497.5555555555},"point_estimate":2295085.888888889,"standard_error":1948.4239363870436},"median_abs_dev":{"confidence_interval":{"confidence_level":0.95,"lower_bound":8400.411450862885,"upper_bound":19498.90775382507},"point_estimate":11662.049026290653,"standard_error":2965.767736493142},"slope":null,"std_dev":{"confidence_interval":{"confidence_level":0.95,"lower_bound":12918.329912987976,"upper_bound":23568.34887322446},"point_estimate":18907.033140359894,"standard_error":2728.416404955644}}