{"mean":{"confidence_interval":{"confidence_level":0.95,"lower_bound":2245392.943611111,"upper_bound":2254816.0772777777},"point_estimate":2250174.3200000008,"standard_error":2399.0912203400926},"median":{"confidence_interval":{"confidence_level":0.95,"lower_bound":2243911.0555555555,"upper_bound":2261041.0},"point_estimate":2252675.9444444445,"standard_error":4631.53766012276},"median_abs_dev":{"confidence_interval":{"confidence_level":0.95,"lower_bound":12049.238246083105,"upper_bound":27917.04862937366},"point_estimate":18689.984734852802,"standard_error":4184.297651592565},"slope":null,"std_dev":{"confidence_interval":{"confidence_level":0.95,"lower_bound":14744.243303486774,"upper_bound":18854.680599256786},"point_estimate":17072.90041136412,"standard_error":1043.9194431422077}}