{"mean":{"confidence_interval":{"confidence_level":0.95,"lower_bound":2342516.348625,"upper_bound":2352292.4428125},"point_estimate":2347436.0825,"standard_error":2481.5592803497916},"median":{"confidence_interval":{"confidence_level":0.95,"lower_bound":2339912.4375,"upper_bound":2353180.0},"point_estimate":2347673.4375,"standard_error":3228.481994376613},"median_abs_dev":{"confidence_interval":{"confidence_level":0.95,"lower_bound":13050.586268305779,"upper_bound":23622.72869311273},"point_estimate":19973.864832893014,"standard_error":2644.7516180813323},"slope":null,"std_dev":{"confidence_interval":{"confidence_level":0.95,"lower_bound":14082.427269639942,"upper_bound":20766.55113012306},"point_estimate":17630.452495122947,"standard_error":1721.129044342445}}