{"mean":{"confidence_interval":{"confidence_level":0.95,"lower_bound":2294773.230666667,"upper_bound":2299602.751166668},"point_estimate":2297202.495555557,"standard_error":1232.7977133040224},"median":{"confidence_interval":{"confidence_level":0.95,"lower_bound":2295902.666666667,"upper_bound":2300130.5555555555},"point_estimate":2298197.333333333,"standard_error":1309.5843548604912},"median_abs_dev":{"confidence_interval":{"confidence_level":0.95,"lower_bound":4497.467020153654,"upper_bound":11430.917867894019},"point_estimate":8294.323186080082,"standard_error":1761.4374694915032},"slope":null,"std_dev":{"confidence_interval":{"confidence_level":0.95,"lower_bound":6685.954544461549,"upper_bound":10638.589667511456},"point_estimate":8778.450935243594,"standard_error":1010.9947094020112}}