{"mean":{"confidence_interval":{"confidence_level":0.95,"lower_bound":-0.13961104106977218,"upper_bound":-0.09596125823519826},"point_estimate":-0.11899492286277391,"standard_error":0.011093761897682939},"median":{"confidence_interval":{"confidence_level":0.95,"lower_bound":-0.11976949150766514,"upper_bound":-0.11632459073968371},"point_estimate":-0.1185045491664869,"standard_error":0.0008661791373377538}}