{"mean":{"confidence_interval":{"confidence_level":0.95,"lower_bound":-0.025832309546385768,"upper_bound":0.026310729425436774},"point_estimate":0.00034060158159321396,"standard_error":0.013335851074471794},"median":{"confidence_interval":{"confidence_level":0.95,"lower_bound":-0.007290433806162344,"upper_bound":-0.0005179471742773334},"point_estimate":-0.004321990761106176,"standard_error":0.001793734835728213}}