{"mean":{"confidence_interval":{"confidence_level":0.95,"lower_bound":-0.008173031511705566,"upper_bound":0.03578211734021458},"point_estimate":0.012533864120489735,"standard_error":0.011095203679202444},"median":{"confidence_interval":{"confidence_level":0.95,"lower_bound":0.009673665219406491,"upper_bound":0.016618177630192393},"point_estimate":0.012973734114330338,"standard_error":0.0015623600317928765}}