{"mean":{"confidence_interval":{"confidence_level":0.95,"lower_bound":-0.1319967111407597,"upper_bound":-0.08805787814913665},"point_estimate":-0.11059359399457447,"standard_error":0.011105825121988055},"median":{"confidence_interval":{"confidence_level":0.95,"lower_bound":-0.11316254213643939,"upper_bound":-0.10709361064457612},"point_estimate":-0.11043984587849742,"standard_error":0.0014209250438820733}}