{"mean":{"confidence_interval":{"confidence_level":0.95,"lower_bound":287.80449388421647,"upper_bound":295.72977124881453},"point_estimate":291.8924054751231,"standard_error":2.0361326245459987},"median":{"confidence_interval":{"confidence_level":0.95,"lower_bound":292.0089519650655,"upper_bound":301.94103858296},"point_estimate":296.6411420893517,"standard_error":2.980485058767507},"median_abs_dev":{"confidence_interval":{"confidence_level":0.95,"lower_bound":5.7425060782105755,"upper_bound":16.966620986991856},"point_estimate":10.493781374007861,"standard_error":3.0935277793802562},"slope":{"confidence_interval":{"confidence_level":0.95,"lower_bound":300.5734356559025,"upper_bound":303.2737057705555},"point_estimate":302.1245878160162,"standard_error":0.6873827002558225},"std_dev":{"confidence_interval":{"confidence_level":0.95,"lower_bound":11.26698445901632,"upper_bound":17.157751661137354},"point_estimate":14.521300980770059,"standard_error":1.4992659403081932}}