{"mean":{"confidence_interval":{"confidence_level":0.95,"lower_bound":1764.4888006067,"upper_bound":1770.3424351383783},"point_estimate":1767.5702698667371,"standard_error":1.4917000996533016},"median":{"confidence_interval":{"confidence_level":0.95,"lower_bound":1767.8561476251311,"upper_bound":1772.2888888888888},"point_estimate":1770.207481831927,"standard_error":1.205752208218055},"median_abs_dev":{"confidence_interval":{"confidence_level":0.95,"lower_bound":3.979527826234074,"upper_bound":10.607538605558295},"point_estimate":6.707520364777577,"standard_error":1.7107204796735613},"slope":{"confidence_interval":{"confidence_level":0.95,"lower_bound":1771.046781330799,"upper_bound":1774.1874408473154},"point_estimate":1772.692561744235,"standard_error":0.8025158095458069},"std_dev":{"confidence_interval":{"confidence_level":0.95,"lower_bound":7.07840180320771,"upper_bound":13.585207098201355},"point_estimate":10.65882187714028,"standard_error":1.6758922603939992}}