{"mean":{"confidence_interval":{"confidence_level":0.95,"lower_bound":-0.03843834971908777,"upper_bound":-0.03225808723686474},"point_estimate":-0.034963589207304246,"standard_error":0.0015816042204252398},"median":{"confidence_interval":{"confidence_level":0.95,"lower_bound":-0.037825102683099576,"upper_bound":-0.03450556145291972},"point_estimate":-0.0360253607986768,"standard_error":0.0007999811483090832}}