{"mean":{"confidence_interval":{"confidence_level":0.95,"lower_bound":-0.1779147329319618,"upper_bound":-0.13088933082922238},"point_estimate":-0.15482184652250786,"standard_error":0.01202803333364245},"median":{"confidence_interval":{"confidence_level":0.95,"lower_bound":-0.17084325572825454,"upper_bound":-0.1462782923427587},"point_estimate":-0.15281103696797926,"standard_error":0.006347218117451816}}