{"mean":{"confidence_interval":{"confidence_level":0.95,"lower_bound":0.04064443175527263,"upper_bound":0.09275539586766803},"point_estimate":0.06741900692011327,"standard_error":0.013369455325567556},"median":{"confidence_interval":{"confidence_level":0.95,"lower_bound":0.053978743091957826,"upper_bound":0.07463493737372584},"point_estimate":0.06485486817152375,"standard_error":0.0055807374230882134}}