{"mean":{"confidence_interval":{"confidence_level":0.95,"lower_bound":-0.023633879729503943,"upper_bound":0.03354311695063295},"point_estimate":0.0036115038000761324,"standard_error":0.01455550237018644},"median":{"confidence_interval":{"confidence_level":0.95,"lower_bound":-0.003979343258976975,"upper_bound":0.014777135125765728},"point_estimate":0.004046179227056745,"standard_error":0.005049788907131867}}