{"mean":{"confidence_interval":{"confidence_level":0.95,"lower_bound":-0.2054447034459416,"upper_bound":-0.16283561144522746},"point_estimate":-0.18504479009635433,"standard_error":0.010914862845939637},"median":{"confidence_interval":{"confidence_level":0.95,"lower_bound":-0.19801466603520723,"upper_bound":-0.17796301119343738},"point_estimate":-0.18818748580456146,"standard_error":0.005220257042049805}}