{"mean":{"confidence_interval":{"confidence_level":0.95,"lower_bound":2208765.4790555555,"upper_bound":2218166.046944445},"point_estimate":2213154.706666667,"standard_error":2392.1851005436656},"median":{"confidence_interval":{"confidence_level":0.95,"lower_bound":2204038.4444444445,"upper_bound":2206932.111111111},"point_estimate":2205411.8333333335,"standard_error":737.7187267720261},"median_abs_dev":{"confidence_interval":{"confidence_level":0.95,"lower_bound":1580.7810386022315,"upper_bound":5516.0132020705},"point_estimate":3012.1489465237814,"standard_error":998.4948236315321},"slope":null,"std_dev":{"confidence_interval":{"confidence_level":0.95,"lower_bound":11500.598968158321,"upper_bound":21047.278429601774},"point_estimate":17098.040941705032,"standard_error":2441.177943649765}}