{"mean":{"confidence_interval":{"confidence_level":0.95,"lower_bound":2294427.6281666663,"upper_bound":2307448.8802777776},"point_estimate":2301237.882222222,"standard_error":3344.29211611693},"median":{"confidence_interval":{"confidence_level":0.95,"lower_bound":2303785.0,"upper_bound":2310321.111111111},"point_estimate":2307944.0,"standard_error":1587.4878361546498},"median_abs_dev":{"confidence_interval":{"confidence_level":0.95,"lower_bound":6266.867722073922,"upper_bound":15792.654919624329},"point_estimate":10404.968981941809,"standard_error":2538.6382236357695},"slope":null,"std_dev":{"confidence_interval":{"confidence_level":0.95,"lower_bound":16167.809820017792,"upper_bound":29785.580652568242},"point_estimate":23897.915749849508,"standard_error":3486.69351834003}}