{"mean":{"confidence_interval":{"confidence_level":0.95,"lower_bound":9691.561345101412,"upper_bound":9838.754315859984},"point_estimate":9742.783957672656,"standard_error":45.39587039828981},"median":{"confidence_interval":{"confidence_level":0.95,"lower_bound":9682.485661268556,"upper_bound":9704.271870286577},"point_estimate":9688.81343101343,"standard_error":7.045295687005745},"median_abs_dev":{"confidence_interval":{"confidence_level":0.95,"lower_bound":18.794918365717113,"upper_bound":39.49126687504296},"point_estimate":26.228031576590173,"standard_error":5.2455927137220515},"slope":{"confidence_interval":{"confidence_level":0.95,"lower_bound":9696.460964339703,"upper_bound":9715.352349473053},"point_estimate":9705.848927915416,"standard_error":4.828679036119793},"std_dev":{"confidence_interval":{"confidence_level":0.95,"lower_bound":22.601737306407543,"upper_bound":550.1866033574421},"point_estimate":324.48009611124013,"standard_error":189.66028219176508}}