{"mean":{"confidence_interval":{"confidence_level":0.95,"lower_bound":-0.037083299608900826,"upper_bound":-0.030567855195175325},"point_estimate":-0.034039373525312056,"standard_error":0.0016747755850467538},"median":{"confidence_interval":{"confidence_level":0.95,"lower_bound":-0.03911136134852977,"upper_bound":-0.035333404896272236},"point_estimate":-0.036830828057655474,"standard_error":0.000935472515458821}}