{"mean":{"confidence_interval":{"confidence_level":0.95,"lower_bound":-0.04685728698018365,"upper_bound":-0.04427110047411544},"point_estimate":-0.04567124065424155,"standard_error":0.0006564068887614054},"median":{"confidence_interval":{"confidence_level":0.95,"lower_bound":-0.04716147330831166,"upper_bound":-0.04491004311737268},"point_estimate":-0.045906111067747335,"standard_error":0.0005714905118740675}}