{"mean":{"confidence_interval":{"confidence_level":0.95,"lower_bound":-0.0324710926356059,"upper_bound":-0.014215508155115526},"point_estimate":-0.02674827661452639,"standard_error":0.004806838855737135},"median":{"confidence_interval":{"confidence_level":0.95,"lower_bound":-0.0325034808274125,"upper_bound":-0.028682130580760745},"point_estimate":-0.03015655559027952,"standard_error":0.0009432711437218781}}