{"mean":{"confidence_interval":{"confidence_level":0.95,"lower_bound":0.04000300356765139,"upper_bound":0.045965281586636486},"point_estimate":0.04316356872378857,"standard_error":0.0015296448370079275},"median":{"confidence_interval":{"confidence_level":0.95,"lower_bound":0.04559261391571012,"upper_bound":0.048312739799630355},"point_estimate":0.046760788701698974,"standard_error":0.0007047339216213336}}