{"mean":{"confidence_interval":{"confidence_level":0.95,"lower_bound":-0.004082013413829969,"upper_bound":0.004562842835416457},"point_estimate":0.0007730377287451518,"standard_error":0.0022322155490130456},"median":{"confidence_interval":{"confidence_level":0.95,"lower_bound":-4.461040890863809e-6,"upper_bound":0.004862821567319653},"point_estimate":0.0016177023277228475,"standard_error":0.0012107401572294119}}