{"mean":{"confidence_interval":{"confidence_level":0.95,"lower_bound":0.007554528465715499,"upper_bound":0.010893748758315613},"point_estimate":0.009447290035411893,"standard_error":0.0008600569329571743},"median":{"confidence_interval":{"confidence_level":0.95,"lower_bound":0.006224322145927497,"upper_bound":0.009675186794782088},"point_estimate":0.0075053872276176214,"standard_error":0.0010493440786332197}}