{"mean":{"confidence_interval":{"confidence_level":0.95,"lower_bound":-0.4490890995556551,"upper_bound":-0.35723278465306507},"point_estimate":-0.4069864017330954,"standard_error":0.023357801717542214},"median":{"confidence_interval":{"confidence_level":0.95,"lower_bound":-0.4844416336386357,"upper_bound":-0.3109242228149921},"point_estimate":-0.41358854036625803,"standard_error":0.04538825543194541}}