{"mean":{"confidence_interval":{"confidence_level":0.95,"lower_bound":0.06782251639265913,"upper_bound":0.2210482234935284},"point_estimate":0.1431585219811089,"standard_error":0.0393783433218137},"median":{"confidence_interval":{"confidence_level":0.95,"lower_bound":-0.0012920981892123873,"upper_bound":0.31831432550770034},"point_estimate":0.17633456327343255,"standard_error":0.0824549450825951}}