{"mean":{"confidence_interval":{"confidence_level":0.95,"lower_bound":-0.04595971736206295,"upper_bound":0.10083732275504942},"point_estimate":0.023155278193583095,"standard_error":0.037358310867403655},"median":{"confidence_interval":{"confidence_level":0.95,"lower_bound":-0.09088195242571873,"upper_bound":0.13537249162095044},"point_estimate":0.013781505915503756,"standard_error":0.05906775364192609}}