{"mean":{"confidence_interval":{"confidence_level":0.95,"lower_bound":-0.4424711044427677,"upper_bound":-0.3571102387269874},"point_estimate":-0.40078952666380696,"standard_error":0.02167275698156777},"median":{"confidence_interval":{"confidence_level":0.95,"lower_bound":-0.4880642386060249,"upper_bound":-0.3222207700994507},"point_estimate":-0.41143767913202434,"standard_error":0.042788098238397555}}