{"mean":{"confidence_interval":{"confidence_level":0.95,"lower_bound":-0.02076009288372039,"upper_bound":-0.015217041038793067},"point_estimate":-0.018136939280166353,"standard_error":0.001391806546803812},"median":{"confidence_interval":{"confidence_level":0.95,"lower_bound":-0.01960247035769469,"upper_bound":-0.014466927922036188},"point_estimate":-0.016928065115403013,"standard_error":0.001390261347848864}}