{"mean":{"confidence_interval":{"confidence_level":0.95,"lower_bound":-0.1907498757847893,"upper_bound":-0.1453908153492926},"point_estimate":-0.1688372116136061,"standard_error":0.011536742887401372},"median":{"confidence_interval":{"confidence_level":0.95,"lower_bound":-0.17983585888904963,"upper_bound":-0.16264484717777916},"point_estimate":-0.17380728028731163,"standard_error":0.004626908543710601}}