{"mean":{"confidence_interval":{"confidence_level":0.95,"lower_bound":0.00015323330654060108,"upper_bound":0.0577388172457749},"point_estimate":0.027821594046274267,"standard_error":0.014604740516414822},"median":{"confidence_interval":{"confidence_level":0.95,"lower_bound":0.009970923742448123,"upper_bound":0.058860199012630066},"point_estimate":0.031533351175200064,"standard_error":0.013467738957266663}}