{"mean":{"confidence_interval":{"confidence_level":0.95,"lower_bound":-0.04428124947384877,"upper_bound":0.018332852712808823},"point_estimate":-0.013923614557723063,"standard_error":0.01581699152119724},"median":{"confidence_interval":{"confidence_level":0.95,"lower_bound":-0.027613164723400918,"upper_bound":-0.00423758596558399},"point_estimate":-0.01970028766219345,"standard_error":0.006095202346723454}}