{"mean":{"confidence_interval":{"confidence_level":0.95,"lower_bound":-0.00449272663274621,"upper_bound":0.04519758735401653},"point_estimate":0.019101486467753892,"standard_error":0.012602134934614071},"median":{"confidence_interval":{"confidence_level":0.95,"lower_bound":0.014206542004586042,"upper_bound":0.020943504845988725},"point_estimate":0.01746985770509135,"standard_error":0.0018248172867211636}}