{"mean":{"confidence_interval":{"confidence_level":0.95,"lower_bound":-0.17888732238250607,"upper_bound":-0.13319919004876468},"point_estimate":-0.15634988599557864,"standard_error":0.011688216591785277},"median":{"confidence_interval":{"confidence_level":0.95,"lower_bound":-0.17057486440665004,"upper_bound":-0.14956360910389532},"point_estimate":-0.16128485762554157,"standard_error":0.005554579928341084}}