{"mean":{"confidence_interval":{"confidence_level":0.95,"lower_bound":0.02405159152800467,"upper_bound":0.03197461162168186},"point_estimate":0.02793408708862688,"standard_error":0.002004853068802162},"median":{"confidence_interval":{"confidence_level":0.95,"lower_bound":0.02694867950029778,"upper_bound":0.0343905441114829},"point_estimate":0.030914883438188046,"standard_error":0.0019949990537684475}}